,country,year,co2,co2_per_capita
199,Afghanistan,1949,0.015,0.002
200,Afghanistan,1950,0.084,0.011
201,Afghanistan,1951,0.092,0.012
202,Afghanistan,1952,0.092,0.011
203,Afghanistan,1953,0.106,0.013
204,Afghanistan,1954,0.106,0.013
205,Afghanistan,1955,0.154,0.018
206,Afghanistan,1956,0.183,0.022
207,Afghanistan,1957,0.293,0.034
208,Afghanistan,1958,0.33,0.038
209,Afghanistan,1959,0.385,0.043
210,Afghanistan,1960,0.414,0.046
211,Afghanistan,1961,0.491,0.053
212,Afghanistan,1962,0.689,0.073
213,Afghanistan,1963,0.707,0.074
214,Afghanistan,1964,0.839,0.085
215,Afghanistan,1965,1.007,0.1
216,Afghanistan,1966,1.091,0.106
217,Afghanistan,1967,1.282,0.122
218,Afghanistan,1968,1.223,0.114
219,Afghanistan,1969,0.941,0.085
220,Afghanistan,1970,1.67,0.148
221,Afghanistan,1971,1.894,0.164
222,Afghanistan,1972,1.53,0.129
223,Afghanistan,1973,1.635,0.135
224,Afghanistan,1974,1.913,0.153
225,Afghanistan,1975,2.121,0.166
226,Afghanistan,1976,1.981,0.152
227,Afghanistan,1977,2.384,0.179
228,Afghanistan,1978,2.153,0.158
229,Afghanistan,1979,2.233,0.164
230,Afghanistan,1980,1.756,0.133
231,Afghanistan,1981,1.978,0.166
232,Afghanistan,1982,2.095,0.191
233,Afghanistan,1983,2.52,0.231
234,Afghanistan,1984,2.822,0.252
235,Afghanistan,1985,3.501,0.306
236,Afghanistan,1986,3.134,0.274
237,Afghanistan,1987,3.114,0.273
238,Afghanistan,1988,2.857,0.248
239,Afghanistan,1989,2.765,0.233
240,Afghanistan,1990,2.024,0.168
241,Afghanistan,1991,1.914,0.156
242,Afghanistan,1992,1.482,0.112
243,Afghanistan,1993,1.487,0.1
244,Afghanistan,1994,1.454,0.089
245,Afghanistan,1995,1.417,0.083
246,Afghanistan,1996,1.37,0.077
247,Afghanistan,1997,1.304,0.071
248,Afghanistan,1998,1.279,0.067
249,Afghanistan,1999,1.092,0.055
250,Afghanistan,2000,1.047,0.052
251,Afghanistan,2001,1.069,0.053
252,Afghanistan,2002,1.341,0.063
253,Afghanistan,2003,1.56,0.069
254,Afghanistan,2004,1.237,0.053
255,Afghanistan,2005,1.89,0.077
256,Afghanistan,2006,2.159,0.085
257,Afghanistan,2007,2.8,0.108
258,Afghanistan,2008,4.254,0.161
259,Afghanistan,2009,6.392,0.233
260,Afghanistan,2010,8.365,0.296
261,Afghanistan,2011,11.838,0.403
262,Afghanistan,2012,10.035,0.328
263,Afghanistan,2013,9.229,0.292
264,Afghanistan,2014,9.086,0.277
265,Afghanistan,2015,9.67,0.286
266,Afghanistan,2016,8.906,0.257
267,Afghanistan,2017,9.677,0.271
268,Afghanistan,2018,10.602,0.289
269,Afghanistan,2019,10.825,0.286
270,Afghanistan,2020,11.606,0.297
271,Afghanistan,2021,10.272,0.257
272,Afghanistan,2022,10.558,0.26
273,Afghanistan,2023,11.02,0.266
805,Albania,1933,0.007,0.007
806,Albania,1934,0.007,0.007
807,Albania,1935,0.018,0.018
808,Albania,1936,0.128,0.121
809,Albania,1937,0.297,0.278
810,Albania,1938,0.348,0.323
811,Albania,1939,0.432,0.397
812,Albania,1940,0.692,0.629
813,Albania,1941,0.626,0.563
814,Albania,1942,0.744,0.66
815,Albania,1943,0.462,0.405
816,Albania,1944,0.154,0.133
817,Albania,1945,0.121,0.104
818,Albania,1946,0.484,0.409
819,Albania,1947,0.927,0.775
820,Albania,1948,0.703,0.581
821,Albania,1949,1.015,0.825
822,Albania,1950,0.297,0.238
823,Albania,1951,0.403,0.316
824,Albania,1952,0.374,0.286
825,Albania,1953,0.414,0.308
826,Albania,1954,0.502,0.363
827,Albania,1955,0.663,0.467
828,Albania,1956,0.839,0.576
829,Albania,1957,1.506,1.005
830,Albania,1958,1.201,0.778
831,Albania,1959,1.443,0.905
832,Albania,1960,2.022,1.226
833,Albania,1961,2.279,1.341
834,Albania,1962,2.462,1.412
835,Albania,1963,2.081,1.162
836,Albania,1964,2.015,1.094
837,Albania,1965,2.172,1.147
838,Albania,1966,2.55,1.307
839,Albania,1967,2.677,1.333
840,Albania,1968,3.069,1.484
841,Albania,1969,3.241,1.524
842,Albania,1970,3.739,1.714
843,Albania,1971,4.348,1.945
844,Albania,1972,5.638,2.463
845,Albania,1973,5.286,2.255
846,Albania,1974,4.342,1.809
847,Albania,1975,4.591,1.87
848,Albania,1976,4.947,1.971
849,Albania,1977,5.717,2.228
850,Albania,1978,6.491,2.473
851,Albania,1979,7.584,2.828
852,Albania,1980,5.171,1.89
853,Albania,1981,7.34,2.63
854,Albania,1982,7.308,2.567
855,Albania,1983,7.631,2.627
856,Albania,1984,7.826,2.639
857,Albania,1985,7.882,2.604
858,Albania,1986,8.058,2.61
859,Albania,1987,7.447,2.365
860,Albania,1988,7.329,2.281
861,Albania,1989,8.986,2.756
862,Albania,1990,5.521,1.684
863,Albania,1991,4.29,1.307
864,Albania,1992,2.517,0.767
865,Albania,1993,2.338,0.713
866,Albania,1994,1.924,0.588
867,Albania,1995,2.089,0.641
868,Albania,1996,2.018,0.622
869,Albania,1997,1.543,0.478
870,Albania,1998,1.755,0.547
871,Albania,1999,2.986,0.937
872,Albania,2000,3.025,0.955
873,Albania,2001,3.221,1.023
874,Albania,2002,3.748,1.196
875,Albania,2003,4.303,1.38
876,Albania,2004,4.177,1.348
877,Albania,2005,4.261,1.385
878,Albania,2006,3.911,1.282
879,Albania,2007,3.949,1.306
880,Albania,2008,4.397,1.469
881,Albania,2009,4.407,1.488
882,Albania,2010,4.784,1.633
883,Albania,2011,5.315,1.825
884,Albania,2012,4.85,1.667
885,Albania,2013,5.287,1.819
886,Albania,2014,6.0,2.066
887,Albania,2015,4.712,1.626
888,Albania,2016,4.632,1.598
889,Albania,2017,5.293,1.826
890,Albania,2018,4.895,1.691
891,Albania,2019,4.827,1.673
892,Albania,2020,4.711,1.64
893,Albania,2021,5.134,1.802
894,Albania,2022,5.173,1.83
895,Albania,2023,5.144,1.83
962,Algeria,1916,0.004,0.001
963,Algeria,1917,0.007,0.001
964,Algeria,1918,0.018,0.003
965,Algeria,1919,0.018,0.003
966,Algeria,1920,0.022,0.004
967,Algeria,1921,0.026,0.004
968,Algeria,1922,0.026,0.004
969,Algeria,1923,0.015,0.002
970,Algeria,1924,0.029,0.005
971,Algeria,1925,0.033,0.005
972,Algeria,1926,0.04,0.006
973,Algeria,1927,0.059,0.009
974,Algeria,1928,0.073,0.011
975,Algeria,1929,0.08,0.012
976,Algeria,1930,0.084,0.013
977,Algeria,1931,0.099,0.015
978,Algeria,1932,0.113,0.017
979,Algeria,1933,0.121,0.018
980,Algeria,1934,0.139,0.02
981,Algeria,1935,0.132,0.019
982,Algeria,1936,0.051,0.007
983,Algeria,1937,0.069,0.009
984,Algeria,1938,0.033,0.004
985,Algeria,1939,0.161,0.021
986,Algeria,1940,0.238,0.031
987,Algeria,1941,0.311,0.04
988,Algeria,1942,0.498,0.062
989,Algeria,1943,0.469,0.058
990,Algeria,1944,0.498,0.061
991,Algeria,1945,0.615,0.074
992,Algeria,1946,0.762,0.09
993,Algeria,1947,0.743,0.086
994,Algeria,1948,0.802,0.092
995,Algeria,1949,0.908,0.102
996,Algeria,1950,3.784,0.42
997,Algeria,1951,4.131,0.446
998,Algeria,1952,3.889,0.408
999,Algeria,1953,3.999,0.409
1000,Algeria,1954,4.152,0.415
1001,Algeria,1955,4.607,0.45
1002,Algeria,1956,4.995,0.477
1003,Algeria,1957,5.537,0.517
1004,Algeria,1958,5.214,0.476
1005,Algeria,1959,5.657,0.506
1006,Algeria,1960,6.151,0.538
1007,Algeria,1961,6.056,0.521
1008,Algeria,1962,5.661,0.48
1009,Algeria,1963,5.419,0.452
1010,Algeria,1964,5.643,0.463
1011,Algeria,1965,6.589,0.533
1012,Algeria,1966,8.421,0.669
1013,Algeria,1967,8.432,0.655
1014,Algeria,1968,9.05,0.687
1015,Algeria,1969,11.263,0.836
1016,Algeria,1970,15.059,1.093
1017,Algeria,1971,18.65,1.323
1018,Algeria,1972,28.323,1.963
1019,Algeria,1973,38.277,2.591
1020,Algeria,1974,31.877,2.106
1021,Algeria,1975,32.001,2.041
1022,Algeria,1976,39.131,2.385
1023,Algeria,1977,41.845,2.459
1024,Algeria,1978,62.455,3.567
1025,Algeria,1979,45.546,2.525
1026,Algeria,1980,66.416,3.569
1027,Algeria,1981,46.342,2.411
1028,Algeria,1982,39.173,1.971
1029,Algeria,1983,52.504,2.554
1030,Algeria,1984,70.947,3.335
1031,Algeria,1985,72.609,3.299
1032,Algeria,1986,76.08,3.345
1033,Algeria,1987,83.883,3.578
1034,Algeria,1988,83.708,3.472
1035,Algeria,1989,79.808,3.224
1036,Algeria,1990,76.738,3.024
1037,Algeria,1991,78.807,3.032
1038,Algeria,1992,79.883,3.0
1039,Algeria,1993,81.944,3.004
1040,Algeria,1994,88.608,3.177
1041,Algeria,1995,96.777,3.399
1042,Algeria,1996,100.039,3.446
1043,Algeria,1997,88.369,2.988
1044,Algeria,1998,106.537,3.545
1045,Algeria,1999,91.449,3.001
1046,Algeria,2000,85.399,2.763
1047,Algeria,2001,86.839,2.772
1048,Algeria,2002,90.692,2.856
1049,Algeria,2003,94.581,2.939
1050,Algeria,2004,91.714,2.811
1051,Algeria,2005,110.993,3.352
1052,Algeria,2006,105.896,3.149
1053,Algeria,2007,109.889,3.214
1054,Algeria,2008,111.087,3.191
1055,Algeria,2009,118.856,3.349
1056,Algeria,2010,118.353,3.27
1057,Algeria,2011,125.095,3.39
1058,Algeria,2012,135.674,3.604
1059,Algeria,2013,140.786,3.665
1060,Algeria,2014,151.283,3.859
1061,Algeria,2015,160.087,4.0
1062,Algeria,2016,158.482,3.88
1063,Algeria,2017,165.174,3.962
1064,Algeria,2018,172.705,4.063
1065,Algeria,2019,179.907,4.155
1066,Algeria,2020,168.178,3.819
1067,Algeria,2021,179.596,4.012
1068,Algeria,2022,184.558,4.058
1069,Algeria,2023,178.133,3.859
1310,Andorra,1990,0.407,7.73
1311,Andorra,1991,0.407,7.174
1312,Andorra,1992,0.407,6.754
1313,Andorra,1993,0.41,6.484
1314,Andorra,1994,0.407,6.293
1315,Andorra,1995,0.425,6.648
1316,Andorra,1996,0.454,7.098
1317,Andorra,1997,0.465,7.19
1318,Andorra,1998,0.491,7.507
1319,Andorra,1999,0.513,7.804
1320,Andorra,2000,0.524,7.975
1321,Andorra,2001,0.524,7.954
1322,Andorra,2002,0.531,7.986
1323,Andorra,2003,0.535,7.696
1324,Andorra,2004,0.561,7.541
1325,Andorra,2005,0.575,7.429
1326,Andorra,2006,0.546,6.858
1327,Andorra,2007,0.539,6.576
1328,Andorra,2008,0.539,6.449
1329,Andorra,2009,0.517,6.157
1330,Andorra,2010,0.517,6.4
1331,Andorra,2011,0.491,6.311
1332,Andorra,2012,0.487,6.34
1333,Andorra,2013,0.476,6.332
1334,Andorra,2014,0.462,6.259
1335,Andorra,2015,0.465,6.446
1336,Andorra,2016,0.469,6.496
1337,Andorra,2017,0.469,6.357
1338,Andorra,2018,0.498,6.628
1339,Andorra,2019,0.491,6.419
1340,Andorra,2020,0.381,4.923
1341,Andorra,2021,0.41,5.236
1342,Andorra,2022,0.42,5.263
1343,Andorra,2023,0.424,5.242
1444,Angola,1950,0.187,0.041
1445,Angola,1951,0.249,0.054
1446,Angola,1952,0.311,0.067
1447,Angola,1953,0.275,0.058
1448,Angola,1954,0.348,0.073
1449,Angola,1955,0.414,0.086
1450,Angola,1956,0.502,0.102
1451,Angola,1957,0.619,0.124
1452,Angola,1958,0.593,0.117
1453,Angola,1959,0.619,0.12
1454,Angola,1960,0.549,0.105
1455,Angola,1961,0.454,0.086
1456,Angola,1962,1.179,0.22
1457,Angola,1963,1.15,0.213
1458,Angola,1964,1.223,0.224
1459,Angola,1965,1.186,0.215
1460,Angola,1966,1.552,0.278
1461,Angola,1967,0.992,0.176
1462,Angola,1968,1.67,0.293
1463,Angola,1969,2.783,0.483
1464,Angola,1970,3.578,0.611
1465,Angola,1971,3.405,0.568
1466,Angola,1972,4.501,0.729
1467,Angola,1973,4.874,0.763
1468,Angola,1974,4.866,0.736
1469,Angola,1975,4.409,0.644
1470,Angola,1976,3.28,0.464
1471,Angola,1977,3.528,0.482
1472,Angola,1978,5.4,0.713
1473,Angola,1979,5.489,0.7
1474,Angola,1980,5.334,0.656
1475,Angola,1981,5.267,0.624
1476,Angola,1982,4.635,0.53
1477,Angola,1983,5.101,0.562
1478,Angola,1984,4.986,0.529
1479,Angola,1985,4.676,0.478
1480,Angola,1986,4.634,0.457
1481,Angola,1987,5.786,0.551
1482,Angola,1988,5.049,0.465
1483,Angola,1989,4.923,0.438
1484,Angola,1990,5.09,0.438
1485,Angola,1991,5.064,0.421
1486,Angola,1992,5.164,0.416
1487,Angola,1993,5.748,0.448
1488,Angola,1994,11.353,0.857
1489,Angola,1995,12.617,0.921
1490,Angola,1996,15.249,1.076
1491,Angola,1997,15.884,1.083
1492,Angola,1998,16.513,1.089
1493,Angola,1999,17.261,1.102
1494,Angola,2000,15.995,0.988
1495,Angola,2001,15.908,0.95
1496,Angola,2002,16.08,0.928
1497,Angola,2003,17.484,0.974
1498,Angola,2004,17.016,0.915
1499,Angola,2005,15.387,0.798
1500,Angola,2006,17.145,0.857
1501,Angola,2007,17.588,0.846
1502,Angola,2008,18.75,0.869
1503,Angola,2009,20.668,0.922
1504,Angola,2010,22.983,0.987
1505,Angola,2011,23.397,0.966
1506,Angola,2012,25.941,1.03
1507,Angola,2013,25.71,0.983
1508,Angola,2014,26.09,0.961
1509,Angola,2015,27.507,0.977
1510,Angola,2016,25.466,0.873
1511,Angola,2017,23.595,0.78
1512,Angola,2018,23.305,0.745
1513,Angola,2019,22.047,0.681
1514,Angola,2020,16.533,0.494
1515,Angola,2021,19.196,0.556
1516,Angola,2022,20.25,0.568
1517,Angola,2023,20.781,0.565
1658,Anguilla,1990,0.048,5.656
1659,Anguilla,1991,0.048,5.457
1660,Anguilla,1992,0.048,5.29
1661,Anguilla,1993,0.055,5.94
1662,Anguilla,1994,0.055,5.792
1663,Anguilla,1995,0.059,6.02
1664,Anguilla,1996,0.062,6.229
1665,Anguilla,1997,0.062,6.06
1666,Anguilla,1998,0.066,6.247
1667,Anguilla,1999,0.066,6.071
1668,Anguilla,2000,0.077,6.872
1669,Anguilla,2001,0.084,7.33
1670,Anguilla,2002,0.084,7.194
1671,Anguilla,2003,0.088,7.388
1672,Anguilla,2004,0.103,8.484
1673,Anguilla,2005,0.11,8.944
1674,Anguilla,2006,0.121,9.678
1675,Anguilla,2007,0.125,9.811
1676,Anguilla,2008,0.125,9.649
1677,Anguilla,2009,0.125,9.482
1678,Anguilla,2010,0.132,9.864
1679,Anguilla,2011,0.125,9.165
1680,Anguilla,2012,0.121,9.023
1681,Anguilla,2013,0.117,8.834
1682,Anguilla,2014,0.121,8.795
1683,Anguilla,2015,0.139,9.781
1684,Anguilla,2016,0.139,9.707
1685,Anguilla,2017,0.128,8.875
1686,Anguilla,2018,0.132,8.945
1687,Anguilla,2019,0.147,9.873
1688,Anguilla,2020,0.143,9.614
1689,Anguilla,2021,0.143,9.853
1690,Anguilla,2022,0.139,9.755
1691,Anguilla,2023,0.145,10.012
2066,Antigua and Barbuda,1950,0.012,0.269
2067,Antigua and Barbuda,1951,0.02,0.421
2068,Antigua and Barbuda,1952,0.015,0.309
2069,Antigua and Barbuda,1953,0.017,0.353
2070,Antigua and Barbuda,1954,0.012,0.247
2071,Antigua and Barbuda,1955,0.022,0.436
2072,Antigua and Barbuda,1956,0.022,0.428
2073,Antigua and Barbuda,1957,0.022,0.419
2074,Antigua and Barbuda,1958,0.029,0.548
2075,Antigua and Barbuda,1959,0.029,0.537
2076,Antigua and Barbuda,1960,0.037,0.659
2077,Antigua and Barbuda,1961,0.048,0.842
2078,Antigua and Barbuda,1962,0.103,1.789
2079,Antigua and Barbuda,1963,0.084,1.449
2080,Antigua and Barbuda,1964,0.092,1.552
2081,Antigua and Barbuda,1965,0.15,2.504
2082,Antigua and Barbuda,1966,0.348,5.715
2083,Antigua and Barbuda,1967,0.564,9.122
2084,Antigua and Barbuda,1968,0.989,15.745
2085,Antigua and Barbuda,1969,1.257,19.688
2086,Antigua and Barbuda,1970,0.462,7.152
2087,Antigua and Barbuda,1971,0.425,6.564
2088,Antigua and Barbuda,1972,0.374,5.782
2089,Antigua and Barbuda,1973,0.33,5.124
2090,Antigua and Barbuda,1974,0.429,6.691
2091,Antigua and Barbuda,1975,0.707,11.075
2092,Antigua and Barbuda,1976,0.403,6.319
2093,Antigua and Barbuda,1977,0.465,7.284
2094,Antigua and Barbuda,1978,0.491,7.665
2095,Antigua and Barbuda,1979,0.407,6.325
2096,Antigua and Barbuda,1980,0.143,2.214
2097,Antigua and Barbuda,1981,0.106,1.643
2098,Antigua and Barbuda,1982,0.293,4.523
2099,Antigua and Barbuda,1983,0.084,1.297
2100,Antigua and Barbuda,1984,0.147,2.258
2101,Antigua and Barbuda,1985,0.249,3.856
2102,Antigua and Barbuda,1986,0.249,3.875
2103,Antigua and Barbuda,1987,0.275,4.296
2104,Antigua and Barbuda,1988,0.286,4.491
2105,Antigua and Barbuda,1989,0.286,4.512
2106,Antigua and Barbuda,1990,0.242,3.833
2107,Antigua and Barbuda,1991,0.249,3.929
2108,Antigua and Barbuda,1992,0.249,3.868
2109,Antigua and Barbuda,1993,0.256,3.91
2110,Antigua and Barbuda,1994,0.267,4.0
2111,Antigua and Barbuda,1995,0.271,3.975
2112,Antigua and Barbuda,1996,0.289,4.157
2113,Antigua and Barbuda,1997,0.311,4.382
2114,Antigua and Barbuda,1998,0.322,4.452
2115,Antigua and Barbuda,1999,0.344,4.674
2116,Antigua and Barbuda,2000,0.355,4.743
2117,Antigua and Barbuda,2001,0.37,4.864
2118,Antigua and Barbuda,2002,0.407,5.279
2119,Antigua and Barbuda,2003,0.429,5.503
2120,Antigua and Barbuda,2004,0.451,5.724
2121,Antigua and Barbuda,2005,0.48,6.028
2122,Antigua and Barbuda,2006,0.517,6.408
2123,Antigua and Barbuda,2007,0.535,6.546
2124,Antigua and Barbuda,2008,0.539,6.495
2125,Antigua and Barbuda,2009,0.557,6.615
2126,Antigua and Barbuda,2010,0.55,6.44
2127,Antigua and Barbuda,2011,0.546,6.322
2128,Antigua and Barbuda,2012,0.557,6.381
2129,Antigua and Barbuda,2013,0.557,6.323
2130,Antigua and Barbuda,2014,0.568,6.397
2131,Antigua and Barbuda,2015,0.583,6.515
2132,Antigua and Barbuda,2016,0.597,6.637
2133,Antigua and Barbuda,2017,0.605,6.681
2134,Antigua and Barbuda,2018,0.616,6.769
2135,Antigua and Barbuda,2019,0.641,7.017
2136,Antigua and Barbuda,2020,0.619,6.741
2137,Antigua and Barbuda,2021,0.638,6.903
2138,Antigua and Barbuda,2022,0.618,6.657
2139,Antigua and Barbuda,2023,0.645,6.909
2146,Argentina,1856,0.017,0.014
2147,Argentina,1857,0.041,0.033
2148,Argentina,1858,0.053,0.042
2149,Argentina,1859,0.034,0.026
2150,Argentina,1860,0.042,0.032
2151,Argentina,1861,0.05,0.037
2152,Argentina,1862,0.041,0.03
2153,Argentina,1863,0.061,0.043
2154,Argentina,1864,0.052,0.035
2155,Argentina,1865,0.089,0.058
2156,Argentina,1866,0.141,0.09
2157,Argentina,1867,0.102,0.062
2158,Argentina,1868,0.151,0.09
2159,Argentina,1869,0.175,0.101
2160,Argentina,1870,0.16,0.089
2161,Argentina,1871,0.174,0.094
2162,Argentina,1872,0.169,0.089
2163,Argentina,1873,0.188,0.095
2164,Argentina,1874,0.223,0.11
2165,Argentina,1875,0.13,0.062
2166,Argentina,1876,0.127,0.059
2167,Argentina,1877,0.1,0.045
2168,Argentina,1878,0.081,0.035
2169,Argentina,1879,0.192,0.081
2170,Argentina,1880,0.194,0.079
2171,Argentina,1881,0.308,0.122
2172,Argentina,1882,0.344,0.132
2173,Argentina,1883,0.481,0.178
2174,Argentina,1884,0.657,0.236
2175,Argentina,1885,0.762,0.265
2176,Argentina,1886,0.784,0.264
2177,Argentina,1887,1.208,0.395
2178,Argentina,1888,1.199,0.379
2179,Argentina,1889,1.968,0.603
2180,Argentina,1890,1.453,0.431
2181,Argentina,1891,1.084,0.312
2182,Argentina,1892,1.685,0.469
2183,Argentina,1893,1.671,0.45
2184,Argentina,1894,1.947,0.508
2185,Argentina,1895,2.34,0.59
2186,Argentina,1896,2.284,0.558
2187,Argentina,1897,2.237,0.528
2188,Argentina,1898,2.227,0.509
2189,Argentina,1899,2.643,0.584
2190,Argentina,1900,2.026,0.432
2191,Argentina,1901,2.408,0.496
2192,Argentina,1902,2.555,0.507
2193,Argentina,1903,2.923,0.559
2194,Argentina,1904,3.739,0.689
2195,Argentina,1905,4.655,0.826
2196,Argentina,1906,6.214,1.062
2197,Argentina,1907,5.458,0.898
2198,Argentina,1908,5.895,0.935
2199,Argentina,1909,5.465,0.837
2200,Argentina,1910,6.925,1.026
2201,Argentina,1911,8.445,1.214
2202,Argentina,1912,8.567,1.198
2203,Argentina,1913,9.347,1.273
2204,Argentina,1914,8.294,1.101
2205,Argentina,1915,5.522,0.714
2206,Argentina,1916,4.215,0.531
2207,Argentina,1917,2.411,0.296
2208,Argentina,1918,1.569,0.188
2209,Argentina,1919,3.41,0.397
2210,Argentina,1920,5.609,0.636
2211,Argentina,1921,4.761,0.525
2212,Argentina,1922,6.056,0.649
2213,Argentina,1923,7.343,0.764
2214,Argentina,1924,9.864,0.996
2215,Argentina,1925,10.157,0.996
2216,Argentina,1926,10.323,0.983
2217,Argentina,1927,12.499,1.156
2218,Argentina,1928,12.191,1.094
2219,Argentina,1929,12.607,1.102
2220,Argentina,1930,12.338,1.052
2221,Argentina,1931,12.466,1.04
2222,Argentina,1932,12.898,1.055
2223,Argentina,1933,13.524,1.087
2224,Argentina,1934,14.66,1.158
2225,Argentina,1935,14.432,1.12
2226,Argentina,1936,15.317,1.168
2227,Argentina,1937,16.408,1.229
2228,Argentina,1938,16.175,1.191
2229,Argentina,1939,16.485,1.192
2230,Argentina,1940,15.648,1.111
2231,Argentina,1941,13.94,0.972
2232,Argentina,1942,13.479,0.922
2233,Argentina,1943,14.077,0.945
2234,Argentina,1944,13.952,0.919
2235,Argentina,1945,13.666,0.883
2236,Argentina,1946,13.702,0.869
2237,Argentina,1947,14.515,0.903
2238,Argentina,1948,17.392,1.061
2239,Argentina,1949,15.365,0.92
2240,Argentina,1950,29.921,1.758
2241,Argentina,1951,34.963,2.014
2242,Argentina,1952,36.095,2.039
2243,Argentina,1953,35.135,1.947
2244,Argentina,1954,36.75,1.999
2245,Argentina,1955,39.56,2.114
2246,Argentina,1956,44.297,2.325
2247,Argentina,1957,47.608,2.456
2248,Argentina,1958,44.193,2.242
2249,Argentina,1959,48.949,2.441
2250,Argentina,1960,48.764,2.392
2251,Argentina,1961,51.127,2.467
2252,Argentina,1962,53.64,2.545
2253,Argentina,1963,50.033,2.336
2254,Argentina,1964,55.67,2.557
2255,Argentina,1965,58.805,2.659
2256,Argentina,1966,63.073,2.809
2257,Argentina,1967,65.476,2.872
2258,Argentina,1968,69.009,2.981
2259,Argentina,1969,77.249,3.286
2260,Argentina,1970,82.648,3.461
2261,Argentina,1971,88.847,3.663
2262,Argentina,1972,90.067,3.655
2263,Argentina,1973,93.976,3.752
2264,Argentina,1974,95.48,3.75
2265,Argentina,1975,94.845,3.666
2266,Argentina,1976,99.699,3.793
2267,Argentina,1977,100.706,3.771
2268,Argentina,1978,102.556,3.78
2269,Argentina,1979,110.616,4.012
2270,Argentina,1980,108.656,3.879
2271,Argentina,1981,101.969,3.582
2272,Argentina,1982,103.351,3.573
2273,Argentina,1983,105.142,3.577
2274,Argentina,1984,106.452,3.565
2275,Argentina,1985,100.531,3.314
2276,Argentina,1986,104.15,3.38
2277,Argentina,1987,114.877,3.671
2278,Argentina,1988,121.405,3.82
2279,Argentina,1989,117.02,3.626
2280,Argentina,1990,112.149,3.424
2281,Argentina,1991,117.755,3.544
2282,Argentina,1992,121.535,3.607
2283,Argentina,1993,118.001,3.455
2284,Argentina,1994,118.469,3.423
2285,Argentina,1995,125.277,3.572
2286,Argentina,1996,131.15,3.693
2287,Argentina,1997,136.553,3.799
2288,Argentina,1998,139.32,3.83
2289,Argentina,1999,148.304,4.031
2290,Argentina,2000,143.469,3.855
2291,Argentina,2001,135.137,3.592
2292,Argentina,2002,124.931,3.285
2293,Argentina,2003,134.481,3.5
2294,Argentina,2004,157.049,4.046
2295,Argentina,2005,161.589,4.12
2296,Argentina,2006,174.309,4.399
2297,Argentina,2007,173.581,4.338
2298,Argentina,2008,187.342,4.634
2299,Argentina,2009,178.181,4.361
2300,Argentina,2010,185.946,4.504
2301,Argentina,2011,189.775,4.548
2302,Argentina,2012,191.362,4.539
2303,Argentina,2013,189.538,4.451
2304,Argentina,2014,188.397,4.379
2305,Argentina,2015,191.744,4.41
2306,Argentina,2016,189.92,4.326
2307,Argentina,2017,186.899,4.22
2308,Argentina,2018,180.599,4.044
2309,Argentina,2019,178.508,3.969
2310,Argentina,2020,165.121,3.654
2311,Argentina,2021,191.108,4.218
2312,Argentina,2022,204.081,4.494
2313,Argentina,2023,195.806,4.3
2314,Armenia,1830,0.0,0.0
2315,Armenia,1831,0.0,0.0
2316,Armenia,1832,0.0,0.0
2317,Armenia,1833,0.0,0.0
2318,Armenia,1850,0.0,0.0
2323,Armenia,1855,0.001,0.001
2326,Armenia,1858,0.001,0.002
2327,Armenia,1859,0.001,0.002
2328,Armenia,1860,0.001,0.003
2329,Armenia,1861,0.002,0.003
2330,Armenia,1862,0.002,0.003
2331,Armenia,1863,0.002,0.003
2332,Armenia,1864,0.002,0.003
2333,Armenia,1865,0.002,0.003
2334,Armenia,1866,0.006,0.01
2335,Armenia,1867,0.007,0.011
2336,Armenia,1868,0.006,0.009
2337,Armenia,1869,0.008,0.012
2338,Armenia,1870,0.009,0.013
2339,Armenia,1871,0.012,0.018
2340,Armenia,1872,0.012,0.018
2341,Armenia,1873,0.011,0.017
2342,Armenia,1874,0.014,0.02
2343,Armenia,1875,0.016,0.023
2344,Armenia,1876,0.019,0.028
2345,Armenia,1877,0.02,0.028
2346,Armenia,1878,0.026,0.037
2347,Armenia,1879,0.026,0.037
2348,Armenia,1880,0.031,0.043
2349,Armenia,1881,0.033,0.045
2350,Armenia,1882,0.034,0.047
2351,Armenia,1883,0.039,0.053
2352,Armenia,1884,0.04,0.053
2353,Armenia,1885,0.043,0.058
2354,Armenia,1886,0.044,0.059
2355,Armenia,1887,0.047,0.061
2356,Armenia,1888,0.049,0.063
2357,Armenia,1889,0.053,0.068
2358,Armenia,1890,0.06,0.076
2359,Armenia,1891,0.066,0.083
2360,Armenia,1892,0.07,0.087
2361,Armenia,1893,0.082,0.101
2362,Armenia,1894,0.083,0.102
2363,Armenia,1895,0.096,0.116
2364,Armenia,1896,0.098,0.117
2365,Armenia,1897,0.113,0.134
2366,Armenia,1898,0.127,0.149
2367,Armenia,1899,0.147,0.172
2368,Armenia,1900,0.166,0.193
2369,Armenia,1901,0.171,0.196
2370,Armenia,1902,0.165,0.187
2371,Armenia,1903,0.161,0.182
2372,Armenia,1904,0.179,0.2
2373,Armenia,1905,0.16,0.177
2374,Armenia,1906,0.183,0.2
2375,Armenia,1907,0.205,0.222
2376,Armenia,1908,0.206,0.222
2377,Armenia,1909,0.217,0.232
2378,Armenia,1910,0.213,0.225
2379,Armenia,1911,0.221,0.231
2380,Armenia,1912,0.25,0.26
2381,Armenia,1913,0.272,0.279
2382,Armenia,1914,0.245,0.25
2383,Armenia,1915,0.225,0.227
2384,Armenia,1916,0.24,0.24
2385,Armenia,1917,0.221,0.219
2386,Armenia,1918,0.088,0.086
2387,Armenia,1919,0.075,0.073
2388,Armenia,1920,0.069,0.066
2389,Armenia,1921,0.074,0.071
2390,Armenia,1922,0.091,0.086
2391,Armenia,1923,0.1,0.094
2392,Armenia,1924,0.119,0.111
2393,Armenia,1925,0.118,0.109
2394,Armenia,1926,0.171,0.156
2395,Armenia,1927,0.212,0.192
2396,Armenia,1928,0.233,0.209
2397,Armenia,1929,0.251,0.223
2398,Armenia,1930,0.343,0.302
2399,Armenia,1931,0.412,0.359
2400,Armenia,1932,0.464,0.401
2401,Armenia,1933,0.519,0.444
2402,Armenia,1934,0.628,0.532
2403,Armenia,1935,0.709,0.596
2404,Armenia,1936,0.812,0.676
2405,Armenia,1937,0.831,0.685
2406,Armenia,1938,0.877,0.717
2407,Armenia,1939,0.888,0.719
2408,Armenia,1940,1.065,0.854
2409,Armenia,1941,0.935,0.744
2410,Armenia,1942,0.513,0.404
2411,Armenia,1943,0.536,0.418
2412,Armenia,1944,0.777,0.601
2413,Armenia,1945,0.819,0.628
2414,Armenia,1946,0.918,0.697
2415,Armenia,1947,1.104,0.831
2416,Armenia,1948,1.172,0.874
2417,Armenia,1949,1.332,0.98
2418,Armenia,1950,1.482,1.072
2419,Armenia,1951,1.605,1.132
2420,Armenia,1952,1.718,1.181
2421,Armenia,1953,1.817,1.217
2422,Armenia,1954,1.983,1.291
2423,Armenia,1955,2.248,1.421
2424,Armenia,1956,2.467,1.513
2425,Armenia,1957,2.701,1.604
2426,Armenia,1958,2.884,1.657
2427,Armenia,1959,3.032,1.684
2428,Armenia,1960,3.158,1.694
2429,Armenia,1961,3.26,1.691
2430,Armenia,1962,3.427,1.721
2431,Armenia,1963,3.68,1.79
2432,Armenia,1964,3.918,1.848
2433,Armenia,1965,4.158,1.904
2434,Armenia,1966,4.393,1.956
2435,Armenia,1967,4.599,1.993
2436,Armenia,1968,4.733,1.999
2437,Armenia,1969,4.934,2.035
2438,Armenia,1970,5.188,2.096
2439,Armenia,1971,5.515,2.184
2440,Armenia,1972,5.81,2.254
2441,Armenia,1973,6.064,2.305
2442,Armenia,1974,6.304,2.347
2443,Armenia,1975,6.634,2.418
2444,Armenia,1976,6.891,2.445
2445,Armenia,1977,7.129,2.447
2446,Armenia,1978,7.378,2.449
2447,Armenia,1979,7.439,2.417
2448,Armenia,1980,7.73,2.488
2449,Armenia,1981,7.596,2.423
2450,Armenia,1982,7.741,2.447
2451,Armenia,1983,7.857,2.462
2452,Armenia,1984,7.931,2.46
2453,Armenia,1985,8.546,2.621
2454,Armenia,1986,8.138,2.47
2455,Armenia,1987,8.165,2.453
2456,Armenia,1988,9.294,2.77
2457,Armenia,1989,9.414,2.734
2458,Armenia,1990,8.999,2.533
2459,Armenia,1991,7.38,2.042
2460,Armenia,1992,5.724,1.602
2461,Armenia,1993,2.51,0.727
2462,Armenia,1994,2.685,0.798
2463,Armenia,1995,3.363,1.017
2464,Armenia,1996,2.5,0.763
2465,Armenia,1997,3.253,1.002
2466,Armenia,1998,3.419,1.066
2467,Armenia,1999,3.04,0.96
2468,Armenia,2000,3.491,1.117
2469,Armenia,2001,3.533,1.145
2470,Armenia,2002,3.077,1.007
2471,Armenia,2003,3.456,1.137
2472,Armenia,2004,3.691,1.221
2473,Armenia,2005,4.376,1.456
2474,Armenia,2006,4.402,1.472
2475,Armenia,2007,5.1,1.714
2476,Armenia,2008,5.575,1.883
2477,Armenia,2009,4.363,1.481
2478,Armenia,2010,4.253,1.451
2479,Armenia,2011,4.969,1.7
2480,Armenia,2012,5.748,1.967
2481,Armenia,2013,5.535,1.894
2482,Armenia,2014,5.604,1.918
2483,Armenia,2015,5.469,1.872
2484,Armenia,2016,5.203,1.783
2485,Armenia,2017,5.54,1.901
2486,Armenia,2018,5.822,2.001
2487,Armenia,2019,6.284,2.164
2488,Armenia,2020,6.795,2.351
2489,Armenia,2021,7.417,2.584
2490,Armenia,2022,7.165,2.487
2491,Armenia,2023,7.608,2.585
2572,Aruba,1930,0.0,0.0
2582,Aruba,1940,0.0,0.0
2592,Aruba,1950,0.41,9.578
2593,Aruba,1951,0.646,14.721
2594,Aruba,1952,0.373,8.279
2595,Aruba,1953,0.432,9.329
2596,Aruba,1954,0.873,18.376
2597,Aruba,1955,0.722,14.804
2598,Aruba,1956,0.934,18.651
2599,Aruba,1957,0.638,12.416
2600,Aruba,1958,0.559,10.607
2601,Aruba,1959,0.719,13.321
2602,Aruba,1960,0.619,11.259
2603,Aruba,1961,0.646,11.612
2604,Aruba,1962,0.709,12.584
2605,Aruba,1963,0.679,11.91
2606,Aruba,1964,0.66,11.456
2607,Aruba,1965,0.592,10.177
2608,Aruba,1966,0.554,9.436
2609,Aruba,1967,0.682,11.563
2610,Aruba,1968,0.635,10.739
2611,Aruba,1969,0.83,14.058
2612,Aruba,1970,0.929,15.751
2613,Aruba,1971,0.808,13.747
2614,Aruba,1972,0.784,13.304
2615,Aruba,1973,0.869,14.624
2616,Aruba,1974,0.788,13.103
2617,Aruba,1975,0.571,9.383
2618,Aruba,1976,1.219,19.89
2619,Aruba,1977,0.637,10.348
2620,Aruba,1978,0.542,8.784
2621,Aruba,1979,0.569,9.188
2622,Aruba,1980,0.585,9.435
2623,Aruba,1981,0.558,8.954
2624,Aruba,1982,0.623,9.948
2625,Aruba,1983,0.32,5.077
2626,Aruba,1984,0.8,12.604
2627,Aruba,1985,0.937,14.708
2628,Aruba,1986,0.18,2.821
2629,Aruba,1987,0.447,7.048
2630,Aruba,1988,0.612,9.679
2631,Aruba,1989,0.649,10.227
2632,Aruba,1990,0.487,7.561
2633,Aruba,1991,0.531,7.981
2634,Aruba,1992,0.539,7.818
2635,Aruba,1993,0.649,9.123
2636,Aruba,1994,0.66,8.976
2637,Aruba,1995,0.707,9.313
2638,Aruba,1996,0.725,9.242
2639,Aruba,1997,0.758,9.35
2640,Aruba,1998,0.806,9.621
2641,Aruba,1999,0.81,9.363
2642,Aruba,2000,2.378,26.787
2643,Aruba,2001,2.407,26.652
2644,Aruba,2002,2.437,26.661
2645,Aruba,2003,2.561,27.741
2646,Aruba,2004,2.616,28.063
2647,Aruba,2005,2.719,28.849
2648,Aruba,2006,2.715,28.458
2649,Aruba,2007,2.821,29.205
2650,Aruba,2008,2.656,27.157
2651,Aruba,2009,2.627,26.526
2652,Aruba,2010,2.506,25.03
2653,Aruba,2011,2.499,24.743
2654,Aruba,2012,1.348,13.248
2655,Aruba,2013,0.861,8.395
2656,Aruba,2014,0.872,8.435
2657,Aruba,2015,0.898,8.615
2658,Aruba,2016,0.883,8.411
2659,Aruba,2017,0.89,8.421
2660,Aruba,2018,0.872,8.192
2661,Aruba,2019,0.828,7.732
2662,Aruba,2020,0.821,7.641
2663,Aruba,2021,0.857,7.971
2664,Aruba,2022,0.831,7.712
2665,Aruba,2023,0.867,8.033
3388,Australia,1750,0.0,0.0
3398,Australia,1760,0.0,0.0
3408,Australia,1770,0.0,0.0
3418,Australia,1780,0.0,0.0
3428,Australia,1790,0.0,0.0
3438,Australia,1800,0.0,0.0
3439,Australia,1801,0.0,0.0
3440,Australia,1802,0.0,0.0
3441,Australia,1803,0.0,0.0
3442,Australia,1804,0.0,0.0
3443,Australia,1805,0.0,0.001
3444,Australia,1806,0.001,0.003
3445,Australia,1807,0.001,0.003
3446,Australia,1808,0.001,0.003
3447,Australia,1809,0.001,0.005
3448,Australia,1810,0.001,0.005
3449,Australia,1811,0.002,0.008
3450,Australia,1812,0.002,0.008
3451,Australia,1813,0.003,0.01
3452,Australia,1814,0.003,0.012
3453,Australia,1815,0.003,0.009
3454,Australia,1816,0.002,0.008
3455,Australia,1817,0.002,0.007
3456,Australia,1818,0.002,0.006
3457,Australia,1819,0.004,0.011
3458,Australia,1820,0.006,0.019
3459,Australia,1821,0.003,0.009
3460,Australia,1822,0.004,0.012
3461,Australia,1823,0.005,0.014
3462,Australia,1824,0.005,0.014
3463,Australia,1825,0.003,0.009
3464,Australia,1826,0.006,0.019
3465,Australia,1827,0.006,0.018
3466,Australia,1828,0.004,0.011
3467,Australia,1829,0.006,0.018
3468,Australia,1830,0.006,0.017
3469,Australia,1831,0.001,0.004
3470,Australia,1832,0.011,0.032
3471,Australia,1833,0.011,0.03
3472,Australia,1834,0.013,0.037
3473,Australia,1835,0.019,0.052
3474,Australia,1836,0.02,0.052
3475,Australia,1837,0.025,0.065
3476,Australia,1838,0.027,0.068
3477,Australia,1839,0.033,0.081
3478,Australia,1840,0.048,0.112
3479,Australia,1841,0.055,0.125
3480,Australia,1842,0.063,0.139
3481,Australia,1843,0.041,0.087
3482,Australia,1844,0.036,0.075
3483,Australia,1845,0.035,0.07
3484,Australia,1846,0.061,0.117
3485,Australia,1847,0.064,0.118
3486,Australia,1848,0.072,0.127
3487,Australia,1849,0.076,0.129
3488,Australia,1850,0.112,0.18
3489,Australia,1851,0.106,0.16
3490,Australia,1852,0.106,0.149
3491,Australia,1853,0.152,0.198
3492,Australia,1854,0.184,0.22
3493,Australia,1855,0.216,0.24
3494,Australia,1856,0.299,0.307
3495,Australia,1857,0.331,0.315
3496,Australia,1858,0.34,0.299
3497,Australia,1859,0.485,0.398
3498,Australia,1860,0.6,0.466
3499,Australia,1861,0.561,0.415
3500,Australia,1862,0.788,0.561
3501,Australia,1863,0.72,0.499
3502,Australia,1864,0.903,0.608
3503,Australia,1865,0.974,0.636
3504,Australia,1866,1.28,0.813
3505,Australia,1867,1.24,0.765
3506,Australia,1868,1.532,0.918
3507,Australia,1869,1.465,0.854
3508,Australia,1870,1.402,0.797
3509,Australia,1871,1.441,0.799
3510,Australia,1872,1.637,0.888
3511,Australia,1873,1.931,1.025
3512,Australia,1874,2.126,1.105
3513,Australia,1875,2.143,1.091
3514,Australia,1876,2.158,1.076
3515,Australia,1877,2.372,1.158
3516,Australia,1878,2.562,1.224
3517,Australia,1879,2.578,1.203
3518,Australia,1880,2.417,1.098
3519,Australia,1881,2.905,1.282
3520,Australia,1882,3.45,1.474
3521,Australia,1883,4.147,1.712
3522,Australia,1884,4.532,1.807
3523,Australia,1885,4.871,1.877
3524,Australia,1886,4.829,1.798
3525,Australia,1887,5.023,1.807
3526,Australia,1888,5.609,1.949
3527,Australia,1889,6.25,2.106
3528,Australia,1890,5.451,1.786
3529,Australia,1891,6.885,2.201
3530,Australia,1892,6.46,2.022
3531,Australia,1893,5.773,1.774
3532,Australia,1894,6.522,1.968
3533,Australia,1895,6.751,2.0
3534,Australia,1896,7.167,2.085
3535,Australia,1897,7.907,2.258
3536,Australia,1898,8.514,2.387
3537,Australia,1899,8.697,2.395
3538,Australia,1900,10.168,2.753
3539,Australia,1901,11.439,3.046
3540,Australia,1902,11.395,2.986
3541,Australia,1903,11.224,2.897
3542,Australia,1904,11.544,2.934
3543,Australia,1905,12.052,3.016
3544,Australia,1906,14.358,3.538
3545,Australia,1907,15.487,3.758
3546,Australia,1908,16.792,4.012
3547,Australia,1909,14.58,3.427
3548,Australia,1910,17.707,4.09
3549,Australia,1911,19.527,4.429
3550,Australia,1912,21.211,4.72
3551,Australia,1913,22.801,4.973
3552,Australia,1914,24.922,5.328
3553,Australia,1915,22.269,4.666
3554,Australia,1916,19.854,4.078
3555,Australia,1917,21.334,4.295
3556,Australia,1918,23.365,4.609
3557,Australia,1919,22.185,4.29
3558,Australia,1920,26.306,4.988
3559,Australia,1921,23.785,4.423
3560,Australia,1922,24.922,4.547
3561,Australia,1923,25.684,4.598
3562,Australia,1924,28.191,4.953
3563,Australia,1925,29.632,5.109
3564,Australia,1926,29.587,5.006
3565,Australia,1927,31.269,5.192
3566,Australia,1928,29.019,4.728
3567,Australia,1929,26.906,4.311
3568,Australia,1930,25.899,4.09
3569,Australia,1931,22.551,3.517
3570,Australia,1932,23.051,3.557
3571,Australia,1933,24.782,3.792
3572,Australia,1934,26.209,3.976
3573,Australia,1935,28.958,4.356
3574,Australia,1936,31.514,4.701
3575,Australia,1937,33.756,4.992
3576,Australia,1938,33.697,4.942
3577,Australia,1939,37.984,5.515
3578,Australia,1940,35.346,5.073
3579,Australia,1941,39.335,5.572
3580,Australia,1942,42.027,5.867
3581,Australia,1943,41.194,5.659
3582,Australia,1944,41.027,5.547
3583,Australia,1945,39.16,5.21
3584,Australia,1946,42.74,5.596
3585,Australia,1947,44.777,5.769
3586,Australia,1948,47.013,5.961
3587,Australia,1949,48.064,5.989
3588,Australia,1950,55.738,6.817
3589,Australia,1951,61.122,7.26
3590,Australia,1952,62.447,7.235
3591,Australia,1953,63.036,7.15
3592,Australia,1954,67.943,7.55
3593,Australia,1955,71.968,7.818
3594,Australia,1956,75.482,8.009
3595,Australia,1957,75.479,7.831
3596,Australia,1958,77.936,7.914
3597,Australia,1959,83.072,8.258
3598,Australia,1960,87.444,8.506
3599,Australia,1961,87.01,8.286
3600,Australia,1962,90.909,8.49
3601,Australia,1963,95.996,8.796
3602,Australia,1964,103.545,9.305
3603,Australia,1965,113.605,10.003
3604,Australia,1966,115.736,9.984
3605,Australia,1967,122.281,10.354
3606,Australia,1968,128.768,10.704
3607,Australia,1969,136.414,11.115
3608,Australia,1970,147.861,11.736
3609,Australia,1971,151.116,11.626
3610,Australia,1972,153.598,11.544
3611,Australia,1973,170.144,12.586
3612,Australia,1974,166.183,12.113
3613,Australia,1975,173.102,12.459
3614,Australia,1976,169.803,12.088
3615,Australia,1977,181.915,12.808
3616,Australia,1978,191.052,13.298
3617,Australia,1979,192.322,13.233
3618,Australia,1980,204.37,13.883
3619,Australia,1981,213.81,14.302
3620,Australia,1982,218.001,14.349
3621,Australia,1983,207.645,13.47
3622,Australia,1984,217.516,13.925
3623,Australia,1985,224.556,14.18
3624,Australia,1986,224.04,13.942
3625,Australia,1987,234.6,14.373
3626,Australia,1988,240.737,14.507
3627,Australia,1989,256.837,15.225
3628,Australia,1990,278.16,16.242
3629,Australia,1991,279.534,16.109
3630,Australia,1992,284.529,16.213
3631,Australia,1993,288.874,16.299
3632,Australia,1994,293.701,16.41
3633,Australia,1995,305.056,16.858
3634,Australia,1996,311.941,17.041
3635,Australia,1997,320.333,17.311
3636,Australia,1998,334.136,17.867
3637,Australia,1999,343.959,18.189
3638,Australia,2000,350.008,18.294
3639,Australia,2001,357.784,18.475
3640,Australia,2002,362.537,18.501
3641,Australia,2003,369.63,18.65
3642,Australia,2004,383.159,19.113
3643,Australia,2005,386.176,19.029
3644,Australia,2006,392.36,19.055
3645,Australia,2007,399.475,19.064
3646,Australia,2008,404.84,18.944
3647,Australia,2009,407.094,18.689
3648,Australia,2010,405.131,18.297
3649,Australia,2011,403.858,17.965
3650,Australia,2012,406.197,17.775
3651,Australia,2013,399.068,17.174
3652,Australia,2014,392.729,16.644
3653,Australia,2015,401.497,16.765
3654,Australia,2016,410.388,16.868
3655,Australia,2017,413.818,16.733
3656,Australia,2018,415.591,16.544
3657,Australia,2019,415.77,16.316
3658,Australia,2020,399.184,15.506
3659,Australia,2021,389.02,14.987
3660,Australia,2022,384.362,14.67
3661,Australia,2023,382.972,14.478
3662,Austria,1807,0.169,0.054
3663,Austria,1819,0.253,0.075
3664,Austria,1820,0.333,0.099
3665,Austria,1821,0.359,0.106
3666,Austria,1822,0.366,0.108
3667,Austria,1823,0.348,0.102
3668,Austria,1824,0.399,0.116
3669,Austria,1825,0.403,0.117
3670,Austria,1826,0.458,0.132
3671,Austria,1827,0.476,0.137
3672,Austria,1828,0.458,0.131
3673,Austria,1829,0.476,0.135
3674,Austria,1830,0.495,0.14
3675,Austria,1831,0.48,0.135
3676,Austria,1832,0.513,0.144
3677,Austria,1833,0.429,0.119
3678,Austria,1834,0.586,0.162
3679,Austria,1835,0.634,0.175
3680,Austria,1836,0.674,0.185
3681,Austria,1837,0.707,0.193
3682,Austria,1838,0.85,0.231
3683,Austria,1839,1.059,0.286
3684,Austria,1840,1.169,0.314
3685,Austria,1841,1.319,0.353
3686,Austria,1842,1.458,0.388
3687,Austria,1843,1.268,0.335
3688,Austria,1844,1.594,0.419
3689,Austria,1845,1.799,0.47
3690,Austria,1846,2.114,0.548
3691,Austria,1847,2.081,0.537
3692,Austria,1848,2.334,0.598
3693,Austria,1849,2.261,0.576
3694,Austria,1850,2.327,0.589
3695,Austria,1851,2.334,0.587
3696,Austria,1852,2.81,0.702
3697,Austria,1853,3.224,0.799
3698,Austria,1854,3.177,0.782
3699,Austria,1855,3.701,0.905
3700,Austria,1856,4.232,1.027
3701,Austria,1857,4.873,1.175
3702,Austria,1858,7.244,1.734
3703,Austria,1859,5.866,1.395
3704,Austria,1860,6.148,1.452
3705,Austria,1861,6.379,1.496
3706,Austria,1862,6.353,1.48
3707,Austria,1863,5.877,1.36
3708,Austria,1864,5.075,1.167
3709,Austria,1865,5.353,1.223
3710,Austria,1866,3.594,0.816
3711,Austria,1867,4.913,1.108
3712,Austria,1868,6.071,1.36
3713,Austria,1869,6.485,1.443
3714,Austria,1870,7.365,1.626
3715,Austria,1871,10.142,2.222
3716,Austria,1872,10.006,2.174
3717,Austria,1873,10.728,2.31
3718,Austria,1874,9.153,1.953
3719,Austria,1875,7.859,1.662
3720,Austria,1876,8.09,1.696
3721,Austria,1877,7.284,1.513
3722,Austria,1878,7.24,1.491
3723,Austria,1879,8.863,1.809
3724,Austria,1880,23.647,4.783
3725,Austria,1881,10.314,2.068
3726,Austria,1882,10.6,2.107
3727,Austria,1883,11.761,2.317
3728,Austria,1884,11.461,2.238
3729,Austria,1885,12.047,2.332
3730,Austria,1886,11.369,2.181
3731,Austria,1887,12.256,2.331
3732,Austria,1888,11.952,2.253
3733,Austria,1889,12.875,2.405
3734,Austria,1890,13.037,2.413
3735,Austria,1891,14.945,2.74
3736,Austria,1892,14.465,2.625
3737,Austria,1893,17.701,3.18
3738,Austria,1894,18.129,3.224
3739,Austria,1895,20.372,3.586
3740,Austria,1896,21.299,3.711
3741,Austria,1897,23.021,3.97
3742,Austria,1898,24.454,4.174
3743,Austria,1899,24.816,4.193
3744,Austria,1900,27.696,4.632
3745,Austria,1901,28.352,4.694
3746,Austria,1902,25.696,4.211
3747,Austria,1903,25.699,4.168
3748,Austria,1904,27.209,4.368
3749,Austria,1905,28.609,4.546
3750,Austria,1906,34.178,5.376
3751,Austria,1907,42.697,6.648
3752,Austria,1908,60.031,9.252
3753,Austria,1909,43.642,6.675
3754,Austria,1910,58.785,8.945
3755,Austria,1911,49.142,7.458
3756,Austria,1912,51.688,7.844
3757,Austria,1913,60.984,9.277
3758,Austria,1914,49.655,7.572
3759,Austria,1915,35.343,5.402
3760,Austria,1916,9.087,1.392
3761,Austria,1917,3.451,0.53
3762,Austria,1918,3.338,0.514
3763,Austria,1919,3.015,0.465
3764,Austria,1920,14.528,2.24
3765,Austria,1921,19.339,2.978
3766,Austria,1922,18.587,2.856
3767,Austria,1923,17.778,2.722
3768,Austria,1924,20.093,3.066
3769,Austria,1925,18.991,2.888
3770,Austria,1926,18.62,2.821
3771,Austria,1927,20.123,3.038
3772,Austria,1928,21.19,3.188
3773,Austria,1929,24.173,3.627
3774,Austria,1930,18.863,2.824
3775,Austria,1931,18.103,2.706
3776,Austria,1932,15.171,2.266
3777,Austria,1933,14.23,2.124
3778,Austria,1934,13.753,2.053
3779,Austria,1935,13.922,2.077
3780,Austria,1936,13.592,2.027
3781,Austria,1937,15.259,2.275
3782,Austria,1938,5.787,0.862
3783,Austria,1939,6.336,0.943
3784,Austria,1940,7.343,1.092
3785,Austria,1941,7.973,1.183
3786,Austria,1942,8.545,1.264
3787,Austria,1943,9.611,1.417
3788,Austria,1944,9.391,1.38
3789,Austria,1945,4.562,0.668
3790,Austria,1946,12.76,1.863
3791,Austria,1947,17.63,2.565
3792,Austria,1948,24.487,3.55
3793,Austria,1949,26.574,3.841
3794,Austria,1950,20.894,3.012
3795,Austria,1951,23.264,3.357
3796,Austria,1952,22.07,3.186
3797,Austria,1953,21.715,3.132
3798,Austria,1954,24.506,3.531
3799,Austria,1955,29.07,4.185
3800,Austria,1956,28.205,4.057
3801,Austria,1957,29.179,4.189
3802,Austria,1958,28.087,4.02
3803,Austria,1959,27.91,3.979
3804,Austria,1960,30.784,4.368
3805,Austria,1961,31.824,4.491
3806,Austria,1962,33.865,4.75
3807,Austria,1963,36.949,5.149
3808,Austria,1964,38.896,5.385
3809,Austria,1965,38.141,5.246
3810,Austria,1966,39.209,5.355
3811,Austria,1967,39.916,5.411
3812,Austria,1968,42.297,5.705
3813,Austria,1969,44.638,6.0
3814,Austria,1970,50.632,6.781
3815,Austria,1971,52.069,6.943
3816,Austria,1972,56.071,7.433
3817,Austria,1973,60.016,7.912
3818,Austria,1974,57.294,7.541
3819,Austria,1975,54.214,7.154
3820,Austria,1976,58.204,7.694
3821,Austria,1977,55.994,7.399
3822,Austria,1978,57.226,7.568
3823,Austria,1979,61.321,8.124
3824,Austria,1980,52.025,6.892
3825,Austria,1981,55.833,7.378
3826,Austria,1982,53.565,7.073
3827,Austria,1983,51.668,6.833
3828,Austria,1984,54.214,7.17
3829,Austria,1985,54.366,7.187
3830,Austria,1986,53.729,7.098
3831,Austria,1987,57.374,7.575
3832,Austria,1988,52.937,6.979
3833,Austria,1989,53.696,7.046
3834,Austria,1990,62.184,8.097
3835,Austria,1991,65.782,8.48
3836,Austria,1992,60.283,7.686
3837,Austria,1993,60.709,7.677
3838,Austria,1994,61.083,7.695
3839,Austria,1995,64.061,8.058
3840,Austria,1996,67.405,8.467
3841,Austria,1997,67.302,8.445
3842,Austria,1998,66.937,8.39
3843,Austria,1999,65.668,8.215
3844,Austria,2000,66.177,8.259
3845,Austria,2001,70.166,8.725
3846,Austria,2002,71.969,8.905
3847,Austria,2003,77.396,9.528
3848,Austria,2004,77.694,9.506
3849,Austria,2005,79.092,9.611
3850,Austria,2006,76.812,9.288
3851,Austria,2007,74.112,8.932
3852,Austria,2008,73.49,8.829
3853,Austria,2009,67.307,8.065
3854,Austria,2010,72.008,8.608
3855,Austria,2011,69.901,8.328
3856,Austria,2012,67.274,7.979
3857,Austria,2013,67.767,7.99
3858,Austria,2014,64.166,7.507
3859,Austria,2015,66.357,7.677
3860,Austria,2016,67.217,7.693
3861,Austria,2017,69.598,7.91
3862,Austria,2018,66.562,7.528
3863,Austria,2019,67.946,7.651
3864,Austria,2020,62.176,6.969
3865,Austria,2021,65.757,7.333
3866,Austria,2022,61.489,6.783
3867,Austria,2023,58.578,6.416
3868,Azerbaijan,1830,0.0,0.0
3869,Azerbaijan,1831,0.0,0.0
3870,Azerbaijan,1832,0.0,0.0
3871,Azerbaijan,1833,0.0,0.0
3872,Azerbaijan,1850,0.002,0.001
3877,Azerbaijan,1855,0.005,0.004
3880,Azerbaijan,1858,0.006,0.005
3881,Azerbaijan,1859,0.007,0.005
3882,Azerbaijan,1860,0.009,0.007
3883,Azerbaijan,1861,0.011,0.009
3884,Azerbaijan,1862,0.01,0.008
3885,Azerbaijan,1863,0.011,0.008
3886,Azerbaijan,1864,0.012,0.009
3887,Azerbaijan,1865,0.012,0.009
3888,Azerbaijan,1866,0.037,0.027
3889,Azerbaijan,1867,0.042,0.031
3890,Azerbaijan,1868,0.035,0.025
3891,Azerbaijan,1869,0.048,0.034
3892,Azerbaijan,1870,0.052,0.036
3893,Azerbaijan,1871,0.07,0.048
3894,Azerbaijan,1872,0.071,0.049
3895,Azerbaijan,1873,0.067,0.046
3896,Azerbaijan,1874,0.081,0.055
3897,Azerbaijan,1875,0.094,0.063
3898,Azerbaijan,1876,0.116,0.077
3899,Azerbaijan,1877,0.119,0.078
3900,Azerbaijan,1878,0.155,0.1
3901,Azerbaijan,1879,0.159,0.102
3902,Azerbaijan,1880,0.187,0.118
3903,Azerbaijan,1881,0.197,0.123
3904,Azerbaijan,1882,0.207,0.129
3905,Azerbaijan,1883,0.236,0.145
3906,Azerbaijan,1884,0.239,0.146
3907,Azerbaijan,1885,0.261,0.157
3908,Azerbaijan,1886,0.268,0.159
3909,Azerbaijan,1887,0.283,0.167
3910,Azerbaijan,1888,0.295,0.172
3911,Azerbaijan,1889,0.319,0.184
3912,Azerbaijan,1890,0.361,0.207
3913,Azerbaijan,1891,0.398,0.225
3914,Azerbaijan,1892,0.421,0.236
3915,Azerbaijan,1893,0.493,0.274
3916,Azerbaijan,1894,0.502,0.276
3917,Azerbaijan,1895,0.577,0.314
3918,Azerbaijan,1896,0.588,0.316
3919,Azerbaijan,1897,0.68,0.362
3920,Azerbaijan,1898,0.762,0.401
3921,Azerbaijan,1899,0.884,0.461
3922,Azerbaijan,1900,1.002,0.517
3923,Azerbaijan,1901,1.028,0.525
3924,Azerbaijan,1902,0.993,0.502
3925,Azerbaijan,1903,0.971,0.486
3926,Azerbaijan,1904,1.081,0.535
3927,Azerbaijan,1905,0.965,0.473
3928,Azerbaijan,1906,1.1,0.534
3929,Azerbaijan,1907,1.233,0.592
3930,Azerbaijan,1908,1.24,0.589
3931,Azerbaijan,1909,1.309,0.616
3932,Azerbaijan,1910,1.284,0.598
3933,Azerbaijan,1911,1.331,0.613
3934,Azerbaijan,1912,1.508,0.688
3935,Azerbaijan,1913,1.638,0.74
3936,Azerbaijan,1914,1.478,0.661
3937,Azerbaijan,1915,1.357,0.6
3938,Azerbaijan,1916,1.446,0.633
3939,Azerbaijan,1917,1.331,0.577
3940,Azerbaijan,1918,0.531,0.228
3941,Azerbaijan,1919,0.453,0.193
3942,Azerbaijan,1920,0.413,0.174
3943,Azerbaijan,1921,0.448,0.187
3944,Azerbaijan,1922,0.547,0.226
3945,Azerbaijan,1923,0.604,0.248
3946,Azerbaijan,1924,0.72,0.293
3947,Azerbaijan,1925,0.71,0.286
3948,Azerbaijan,1926,1.029,0.411
3949,Azerbaijan,1927,1.279,0.506
3950,Azerbaijan,1928,1.409,0.552
3951,Azerbaijan,1929,1.518,0.59
3952,Azerbaijan,1930,2.071,0.797
3953,Azerbaijan,1931,2.49,0.95
3954,Azerbaijan,1932,2.802,1.059
3955,Azerbaijan,1933,3.135,1.174
3956,Azerbaijan,1934,3.789,1.406
3957,Azerbaijan,1935,4.283,1.575
3958,Azerbaijan,1936,4.905,1.787
3959,Azerbaijan,1937,5.02,1.812
3960,Azerbaijan,1938,5.299,1.895
3961,Azerbaijan,1939,5.364,1.901
3962,Azerbaijan,1940,6.429,2.258
3963,Azerbaijan,1941,5.648,1.966
3964,Azerbaijan,1942,3.092,1.066
3965,Azerbaijan,1943,3.227,1.103
3966,Azerbaijan,1944,4.679,1.585
3967,Azerbaijan,1945,4.937,1.657
3968,Azerbaijan,1946,5.536,1.841
3969,Azerbaijan,1947,6.66,2.194
3970,Azerbaijan,1948,7.077,2.311
3971,Azerbaijan,1949,8.042,2.591
3972,Azerbaijan,1950,8.953,2.859
3973,Azerbaijan,1951,9.694,3.042
3974,Azerbaijan,1952,10.381,3.197
3975,Azerbaijan,1953,10.982,3.315
3976,Azerbaijan,1954,11.985,3.541
3977,Azerbaijan,1955,13.591,3.923
3978,Azerbaijan,1956,14.918,4.2
3979,Azerbaijan,1957,16.334,4.479
3980,Azerbaijan,1958,17.448,4.652
3981,Azerbaijan,1959,18.349,4.75
3982,Azerbaijan,1960,19.111,4.799
3983,Azerbaijan,1961,19.729,4.801
3984,Azerbaijan,1962,20.729,4.89
3985,Azerbaijan,1963,22.251,5.089
3986,Azerbaijan,1964,23.682,5.258
3987,Azerbaijan,1965,25.131,5.427
3988,Azerbaijan,1966,26.546,5.586
3989,Azerbaijan,1967,27.775,5.706
3990,Azerbaijan,1968,28.573,5.742
3991,Azerbaijan,1969,29.771,5.858
3992,Azerbaijan,1970,31.303,6.039
3993,Azerbaijan,1971,33.239,6.291
3994,Azerbaijan,1972,34.988,6.502
3995,Azerbaijan,1973,36.484,6.662
3996,Azerbaijan,1974,37.893,6.8
3997,Azerbaijan,1975,39.847,7.029
3998,Azerbaijan,1976,41.384,7.146
3999,Azerbaijan,1977,42.797,7.208
4000,Azerbaijan,1978,44.278,7.288
4001,Azerbaijan,1979,44.649,7.216
4002,Azerbaijan,1980,46.399,7.383
4003,Azerbaijan,1981,45.545,7.132
4004,Azerbaijan,1982,46.407,7.149
4005,Azerbaijan,1983,47.077,7.13
4006,Azerbaijan,1984,47.504,7.084
4007,Azerbaijan,1985,51.216,7.532
4008,Azerbaijan,1986,53.339,7.74
4009,Azerbaijan,1987,50.559,7.246
4010,Azerbaijan,1988,51.568,7.282
4011,Azerbaijan,1989,51.56,7.193
4012,Azerbaijan,1990,51.318,7.097
4013,Azerbaijan,1991,50.047,6.842
4014,Azerbaijan,1992,56.174,7.585
4015,Azerbaijan,1993,48.406,6.451
4016,Azerbaijan,1994,41.945,5.513
4017,Azerbaijan,1995,33.309,4.315
4018,Azerbaijan,1996,31.242,3.99
4019,Azerbaijan,1997,29.843,3.76
4020,Azerbaijan,1998,31.785,3.96
4021,Azerbaijan,1999,28.822,3.558
4022,Azerbaijan,2000,29.765,3.641
4023,Azerbaijan,2001,28.415,3.444
4024,Azerbaijan,2002,28.57,3.431
4025,Azerbaijan,2003,30.488,3.629
4026,Azerbaijan,2004,32.253,3.799
4027,Azerbaijan,2005,34.194,3.977
4028,Azerbaijan,2006,34.522,3.963
4029,Azerbaijan,2007,30.037,3.402
4030,Azerbaijan,2008,33.037,3.694
4031,Azerbaijan,2009,29.103,3.217
4032,Azerbaijan,2010,27.549,3.012
4033,Azerbaijan,2011,30.21,3.264
4034,Azerbaijan,2012,32.773,3.495
4035,Azerbaijan,2013,33.555,3.53
4036,Azerbaijan,2014,34.348,3.566
4037,Azerbaijan,2015,34.683,3.556
4038,Azerbaijan,2016,34.727,3.519
4039,Azerbaijan,2017,34.699,3.481
4040,Azerbaijan,2018,34.569,3.443
4041,Azerbaijan,2019,37.746,3.733
4042,Azerbaijan,2020,36.233,3.559
4043,Azerbaijan,2021,38.293,3.742
4044,Azerbaijan,2022,40.391,3.923
4045,Azerbaijan,2023,43.937,4.258
4146,Bahamas,1950,0.055,0.658
4147,Bahamas,1951,0.066,0.78
4148,Bahamas,1952,0.077,0.893
4149,Bahamas,1953,0.081,0.913
4150,Bahamas,1954,0.084,0.928
4151,Bahamas,1955,0.128,1.365
4152,Bahamas,1956,0.139,1.428
4153,Bahamas,1957,0.176,1.732
4154,Bahamas,1958,0.18,1.694
4155,Bahamas,1959,0.26,2.345
4156,Bahamas,1960,0.41,3.528
4157,Bahamas,1961,0.546,4.467
4158,Bahamas,1962,0.725,5.645
4159,Bahamas,1963,0.707,5.234
4160,Bahamas,1964,1.085,7.663
4161,Bahamas,1965,1.315,8.89
4162,Bahamas,1966,1.092,7.05
4163,Bahamas,1967,1.701,10.482
4164,Bahamas,1968,1.628,9.569
4165,Bahamas,1969,1.741,9.78
4166,Bahamas,1970,2.569,13.886
4167,Bahamas,1971,6.724,35.227
4168,Bahamas,1972,6.481,33.058
4169,Bahamas,1973,7.863,39.157
4170,Bahamas,1974,7.38,35.937
4171,Bahamas,1975,8.246,39.287
4172,Bahamas,1976,6.457,30.102
4173,Bahamas,1977,9.709,44.297
4174,Bahamas,1978,6.597,29.481
4175,Bahamas,1979,6.916,30.3
4176,Bahamas,1980,7.972,34.283
4177,Bahamas,1981,2.798,11.826
4178,Bahamas,1982,2.258,9.386
4179,Bahamas,1983,2.014,8.231
4180,Bahamas,1984,1.854,7.449
4181,Bahamas,1985,1.51,5.963
4182,Bahamas,1986,1.411,5.477
4183,Bahamas,1987,1.422,5.427
4184,Bahamas,1988,1.539,5.775
4185,Bahamas,1989,1.946,7.174
4186,Bahamas,1990,2.023,7.329
4187,Bahamas,1991,1.997,7.113
4188,Bahamas,1992,1.869,6.535
4189,Bahamas,1993,1.744,5.986
4190,Bahamas,1994,1.77,5.968
4191,Bahamas,1995,1.839,6.101
4192,Bahamas,1996,1.814,5.922
4193,Bahamas,1997,1.608,5.173
4194,Bahamas,1998,1.99,6.309
4195,Bahamas,1999,2.034,6.362
4196,Bahamas,2000,2.026,6.257
4197,Bahamas,2001,1.946,5.934
4198,Bahamas,2002,2.037,6.143
4199,Bahamas,2003,2.07,6.168
4200,Bahamas,2004,2.048,6.028
4201,Bahamas,2005,1.905,5.54
4202,Bahamas,2006,1.854,5.322
4203,Bahamas,2007,1.872,5.299
4204,Bahamas,2008,1.916,5.351
4205,Bahamas,2009,2.154,5.938
4206,Bahamas,2010,2.228,6.062
4207,Bahamas,2011,2.114,5.687
4208,Bahamas,2012,2.052,5.465
4209,Bahamas,2013,1.99,5.25
4210,Bahamas,2014,2.066,5.405
4211,Bahamas,2015,2.228,5.781
4212,Bahamas,2016,2.235,5.76
4213,Bahamas,2017,2.477,6.343
4214,Bahamas,2018,2.437,6.204
4215,Bahamas,2019,2.506,6.35
4216,Bahamas,2020,2.034,5.137
4217,Bahamas,2021,2.477,6.249
4218,Bahamas,2022,2.402,6.041
4219,Bahamas,2023,2.505,6.272
4403,Bahrain,1933,0.011,0.092
4404,Bahrain,1934,0.121,1.009
4405,Bahrain,1935,0.531,4.435
4406,Bahrain,1936,1.949,16.27
4407,Bahrain,1937,3.254,27.158
4408,Bahrain,1938,3.477,29.023
4409,Bahrain,1939,3.184,26.6
4410,Bahrain,1940,2.968,24.838
4411,Bahrain,1941,2.851,23.919
4412,Bahrain,1942,2.616,22.029
4413,Bahrain,1943,2.759,23.334
4414,Bahrain,1944,2.818,23.935
4415,Bahrain,1945,3.063,26.135
4416,Bahrain,1946,3.36,28.794
4417,Bahrain,1947,3.95,33.998
4418,Bahrain,1948,4.576,39.564
4419,Bahrain,1949,4.609,39.741
4420,Bahrain,1950,1.381,11.779
4421,Bahrain,1951,1.176,9.739
4422,Bahrain,1952,1.286,10.333
4423,Bahrain,1953,0.997,7.763
4424,Bahrain,1954,1.044,7.877
4425,Bahrain,1955,1.403,10.237
4426,Bahrain,1956,1.055,7.435
4427,Bahrain,1957,0.755,5.129
4428,Bahrain,1958,1.29,8.439
4429,Bahrain,1959,1.312,8.253
4430,Bahrain,1960,0.575,3.476
4431,Bahrain,1961,1.77,10.268
4432,Bahrain,1962,1.59,8.866
4433,Bahrain,1963,1.194,6.404
4434,Bahrain,1964,1.598,8.242
4435,Bahrain,1965,1.227,6.11
4436,Bahrain,1966,0.649,3.125
4437,Bahrain,1967,1.004,4.687
4438,Bahrain,1968,1.103,5.028
4439,Bahrain,1969,1.271,5.715
4440,Bahrain,1970,2.59,11.523
4441,Bahrain,1971,3.037,13.164
4442,Bahrain,1972,3.679,15.193
4443,Bahrain,1973,5.518,21.611
4444,Bahrain,1974,5.401,20.074
4445,Bahrain,1975,5.749,20.296
4446,Bahrain,1976,6.57,22.055
4447,Bahrain,1977,7.464,23.859
4448,Bahrain,1978,7.76,23.655
4449,Bahrain,1979,8.127,23.661
4450,Bahrain,1980,7.881,21.954
4451,Bahrain,1981,8.519,22.806
4452,Bahrain,1982,9.831,25.402
4453,Bahrain,1983,8.222,20.518
4454,Bahrain,1984,9.2,22.161
4455,Bahrain,1985,10.186,23.668
4456,Bahrain,1986,11.003,24.654
4457,Bahrain,1987,11.421,24.674
4458,Bahrain,1988,12.077,25.163
4459,Bahrain,1989,11.652,23.428
4460,Bahrain,1990,11.494,22.327
4461,Bahrain,1991,11.329,21.3
4462,Bahrain,1992,10.402,18.99
4463,Bahrain,1993,16.748,29.758
4464,Bahrain,1994,14.352,24.832
4465,Bahrain,1995,14.744,24.854
4466,Bahrain,1996,15.942,26.195
4467,Bahrain,1997,17.221,27.597
4468,Bahrain,1998,18.276,28.583
4469,Bahrain,1999,18.254,27.885
4470,Bahrain,2000,19.199,28.673
4471,Bahrain,2001,19.679,28.115
4472,Bahrain,2002,20.112,26.737
4473,Bahrain,2003,20.976,25.856
4474,Bahrain,2004,21.204,24.331
4475,Bahrain,2005,24.487,26.256
4476,Bahrain,2006,24.036,24.166
4477,Bahrain,2007,26.626,25.18
4478,Bahrain,2008,29.525,26.344
4479,Bahrain,2009,28.098,23.739
4480,Bahrain,2010,29.075,23.965
4481,Bahrain,2011,28.468,23.591
4482,Bahrain,2012,27.119,22.296
4483,Bahrain,2013,31.158,24.783
4484,Bahrain,2014,30.9,23.536
4485,Bahrain,2015,32.46,23.699
4486,Bahrain,2016,31.56,22.076
4487,Bahrain,2017,32.835,22.156
4488,Bahrain,2018,32.633,21.79
4489,Bahrain,2019,37.58,25.295
4490,Bahrain,2020,37.396,25.215
4491,Bahrain,2021,36.196,24.102
4492,Bahrain,2022,35.652,23.249
4493,Bahrain,2023,36.527,23.27
4690,Bangladesh,1946,0.117,0.003
4691,Bangladesh,1947,0.121,0.003
4692,Bangladesh,1948,0.134,0.003
4693,Bangladesh,1949,0.19,0.005
4694,Bangladesh,1950,0.993,0.024
4695,Bangladesh,1951,1.226,0.029
4696,Bangladesh,1952,1.295,0.03
4697,Bangladesh,1953,1.318,0.03
4698,Bangladesh,1954,1.339,0.03
4699,Bangladesh,1955,1.379,0.03
4700,Bangladesh,1956,1.634,0.035
4701,Bangladesh,1957,1.689,0.035
4702,Bangladesh,1958,1.896,0.039
4703,Bangladesh,1959,1.84,0.036
4704,Bangladesh,1960,2.212,0.043
4705,Bangladesh,1961,2.29,0.043
4706,Bangladesh,1962,2.517,0.046
4707,Bangladesh,1963,2.893,0.051
4708,Bangladesh,1964,2.975,0.051
4709,Bangladesh,1965,3.121,0.052
4710,Bangladesh,1966,3.176,0.052
4711,Bangladesh,1967,3.371,0.053
4712,Bangladesh,1968,3.866,0.059
4713,Bangladesh,1969,3.749,0.056
4714,Bangladesh,1970,3.803,0.055
4715,Bangladesh,1971,3.606,0.051
4716,Bangladesh,1972,3.506,0.049
4717,Bangladesh,1973,4.55,0.062
4718,Bangladesh,1974,4.653,0.061
4719,Bangladesh,1975,4.857,0.062
4720,Bangladesh,1976,5.556,0.07
4721,Bangladesh,1977,5.785,0.071
4722,Bangladesh,1978,5.984,0.071
4723,Bangladesh,1979,6.613,0.077
4724,Bangladesh,1980,7.597,0.086
4725,Bangladesh,1981,7.886,0.087
4726,Bangladesh,1982,8.552,0.092
4727,Bangladesh,1983,8.188,0.086
4728,Bangladesh,1984,9.077,0.093
4729,Bangladesh,1985,10.189,0.102
4730,Bangladesh,1986,11.406,0.111
4731,Bangladesh,1987,11.8,0.112
4732,Bangladesh,1988,13.478,0.126
4733,Bangladesh,1989,13.382,0.122
4734,Bangladesh,1990,14.082,0.126
4735,Bangladesh,1991,14.753,0.13
4736,Bangladesh,1992,15.391,0.133
4737,Bangladesh,1993,16.074,0.136
4738,Bangladesh,1994,17.553,0.146
4739,Bangladesh,1995,21.056,0.172
4740,Bangladesh,1996,21.507,0.172
4741,Bangladesh,1997,23.144,0.182
4742,Bangladesh,1998,23.216,0.179
4743,Bangladesh,1999,25.093,0.19
4744,Bangladesh,2000,26.539,0.197
4745,Bangladesh,2001,31.064,0.227
4746,Bangladesh,2002,32.007,0.23
4747,Bangladesh,2003,33.496,0.238
4748,Bangladesh,2004,35.982,0.252
4749,Bangladesh,2005,37.717,0.261
4750,Bangladesh,2006,41.726,0.285
4751,Bangladesh,2007,42.675,0.288
4752,Bangladesh,2008,45.341,0.303
4753,Bangladesh,2009,49.188,0.326
4754,Bangladesh,2010,54.036,0.355
4755,Bangladesh,2011,55.593,0.362
4756,Bangladesh,2012,59.704,0.385
4757,Bangladesh,2013,64.763,0.414
4758,Bangladesh,2014,67.552,0.428
4759,Bangladesh,2015,76.949,0.483
4760,Bangladesh,2016,81.762,0.508
4761,Bangladesh,2017,86.53,0.534
4762,Bangladesh,2018,86.611,0.53
4763,Bangladesh,2019,94.808,0.575
4764,Bangladesh,2020,95.454,0.574
4765,Bangladesh,2021,107.621,0.642
4766,Bangladesh,2022,113.863,0.672
4767,Bangladesh,2023,113.427,0.662
4946,Barbados,1928,0.004,0.022
4947,Barbados,1929,0.004,0.021
4948,Barbados,1930,0.007,0.042
4949,Barbados,1931,0.004,0.021
4950,Barbados,1932,0.004,0.021
4951,Barbados,1933,0.004,0.02
4952,Barbados,1934,0.004,0.02
4957,Barbados,1939,0.004,0.019
4965,Barbados,1947,0.004,0.018
4966,Barbados,1948,0.004,0.018
4967,Barbados,1949,0.004,0.018
4968,Barbados,1950,0.073,0.349
4969,Barbados,1951,0.11,0.515
4970,Barbados,1952,0.088,0.406
4971,Barbados,1953,0.11,0.501
4972,Barbados,1954,0.114,0.513
4973,Barbados,1955,0.128,0.574
4974,Barbados,1956,0.128,0.571
4975,Barbados,1957,0.136,0.6
4976,Barbados,1958,0.15,0.661
4977,Barbados,1959,0.15,0.657
4978,Barbados,1960,0.172,0.746
4979,Barbados,1961,0.194,0.833
4980,Barbados,1962,0.26,1.106
4981,Barbados,1963,0.191,0.802
4982,Barbados,1964,0.18,0.748
4983,Barbados,1965,0.205,0.846
4984,Barbados,1966,0.267,1.092
4985,Barbados,1967,0.337,1.364
4986,Barbados,1968,0.44,1.769
4987,Barbados,1969,0.48,1.924
4988,Barbados,1970,0.429,1.719
4989,Barbados,1971,0.484,1.941
4990,Barbados,1972,0.502,2.011
4991,Barbados,1973,0.48,1.917
4992,Barbados,1974,0.491,1.958
4993,Barbados,1975,0.568,2.261
4994,Barbados,1976,0.531,2.113
4995,Barbados,1977,0.59,2.344
4996,Barbados,1978,0.63,2.505
4997,Barbados,1979,0.601,2.391
4998,Barbados,1980,0.674,2.68
4999,Barbados,1981,0.685,2.716
5000,Barbados,1982,0.645,2.548
5001,Barbados,1983,0.685,2.698
5002,Barbados,1984,0.747,2.93
5003,Barbados,1985,0.846,3.306
5004,Barbados,1986,0.915,3.567
5005,Barbados,1987,0.941,3.658
5006,Barbados,1988,0.945,3.665
5007,Barbados,1989,0.989,3.83
5008,Barbados,1990,1.026,3.968
5009,Barbados,1991,1.184,4.563
5010,Barbados,1992,1.164,4.472
5011,Barbados,1993,0.932,3.57
5012,Barbados,1994,0.933,3.565
5013,Barbados,1995,1.019,3.889
5014,Barbados,1996,1.042,3.974
5015,Barbados,1997,1.152,4.39
5016,Barbados,1998,1.224,4.665
5017,Barbados,1999,1.294,4.93
5018,Barbados,2000,1.305,4.981
5019,Barbados,2001,1.304,4.968
5020,Barbados,2002,1.317,4.985
5021,Barbados,2003,1.359,5.112
5022,Barbados,2004,1.383,5.174
5023,Barbados,2005,1.429,5.318
5024,Barbados,2006,1.467,5.435
5025,Barbados,2007,1.473,5.428
5026,Barbados,2008,1.733,6.355
5027,Barbados,2009,1.7,6.2
5028,Barbados,2010,1.563,5.678
5029,Barbados,2011,1.626,5.89
5030,Barbados,2012,1.551,5.599
5031,Barbados,2013,1.533,5.52
5032,Barbados,2014,1.382,4.966
5033,Barbados,2015,1.368,4.902
5034,Barbados,2016,1.408,5.035
5035,Barbados,2017,1.388,4.955
5036,Barbados,2018,1.476,5.259
5037,Barbados,2019,1.429,5.08
5038,Barbados,2020,1.237,4.392
5039,Barbados,2021,1.176,4.167
5040,Barbados,2022,1.143,4.05
5041,Barbados,2023,1.192,4.221
5042,Belarus,1830,0.001,0.0
5043,Belarus,1831,0.001,0.0
5044,Belarus,1832,0.0,0.0
5045,Belarus,1833,0.001,0.0
5046,Belarus,1850,0.003,0.001
5051,Belarus,1855,0.01,0.003
5054,Belarus,1858,0.013,0.004
5055,Belarus,1859,0.014,0.004
5056,Belarus,1860,0.019,0.006
5057,Belarus,1861,0.024,0.007
5058,Belarus,1862,0.022,0.006
5059,Belarus,1863,0.023,0.006
5060,Belarus,1864,0.025,0.007
5061,Belarus,1865,0.024,0.007
5062,Belarus,1866,0.077,0.021
5063,Belarus,1867,0.088,0.024
5064,Belarus,1868,0.073,0.02
5065,Belarus,1869,0.099,0.027
5066,Belarus,1870,0.108,0.029
5067,Belarus,1871,0.146,0.039
5068,Belarus,1872,0.15,0.039
5069,Belarus,1873,0.14,0.036
5070,Belarus,1874,0.17,0.044
5071,Belarus,1875,0.196,0.05
5072,Belarus,1876,0.244,0.061
5073,Belarus,1877,0.249,0.062
5074,Belarus,1878,0.325,0.08
5075,Belarus,1879,0.333,0.082
5076,Belarus,1880,0.391,0.095
5077,Belarus,1881,0.412,0.099
5078,Belarus,1882,0.434,0.103
5079,Belarus,1883,0.494,0.116
5080,Belarus,1884,0.501,0.117
5081,Belarus,1885,0.546,0.126
5082,Belarus,1886,0.56,0.128
5083,Belarus,1887,0.592,0.134
5084,Belarus,1888,0.618,0.139
5085,Belarus,1889,0.667,0.149
5086,Belarus,1890,0.756,0.167
5087,Belarus,1891,0.832,0.182
5088,Belarus,1892,0.881,0.191
5089,Belarus,1893,1.033,0.221
5090,Belarus,1894,1.052,0.223
5091,Belarus,1895,1.208,0.254
5092,Belarus,1896,1.23,0.256
5093,Belarus,1897,1.422,0.293
5094,Belarus,1898,1.595,0.326
5095,Belarus,1899,1.85,0.375
5096,Belarus,1900,2.096,0.42
5097,Belarus,1901,2.152,0.428
5098,Belarus,1902,2.079,0.409
5099,Belarus,1903,2.033,0.396
5100,Belarus,1904,2.262,0.437
5101,Belarus,1905,2.019,0.386
5102,Belarus,1906,2.303,0.436
5103,Belarus,1907,2.58,0.484
5104,Belarus,1908,2.596,0.482
5105,Belarus,1909,2.74,0.504
5106,Belarus,1910,2.687,0.49
5107,Belarus,1911,2.786,0.503
5108,Belarus,1912,3.156,0.565
5109,Belarus,1913,3.428,0.608
5110,Belarus,1914,3.094,0.543
5111,Belarus,1915,2.84,0.494
5112,Belarus,1916,3.027,0.521
5113,Belarus,1917,2.786,0.475
5114,Belarus,1918,1.111,0.188
5115,Belarus,1919,0.949,0.159
5116,Belarus,1920,0.865,0.144
5117,Belarus,1921,0.938,0.154
5118,Belarus,1922,1.144,0.187
5119,Belarus,1923,1.264,0.204
5120,Belarus,1924,1.506,0.241
5121,Belarus,1925,1.487,0.236
5122,Belarus,1926,2.154,0.338
5123,Belarus,1927,2.678,0.417
5124,Belarus,1928,2.967,0.458
5125,Belarus,1929,3.197,0.489
5126,Belarus,1930,4.355,0.66
5127,Belarus,1931,5.232,0.785
5128,Belarus,1932,5.89,0.876
5129,Belarus,1933,6.582,0.97
5130,Belarus,1934,7.959,1.163
5131,Belarus,1935,9.005,1.303
5132,Belarus,1936,10.32,1.48
5133,Belarus,1937,10.556,1.5
5134,Belarus,1938,11.142,1.569
5135,Belarus,1939,11.279,1.574
5136,Belarus,1940,13.517,1.869
5137,Belarus,1941,11.88,1.628
5138,Belarus,1942,6.471,0.879
5139,Belarus,1943,6.754,0.909
5140,Belarus,1944,9.794,1.306
5141,Belarus,1945,10.355,1.368
5142,Belarus,1946,11.628,1.522
5143,Belarus,1947,13.997,1.816
5144,Belarus,1948,14.887,1.913
5145,Belarus,1949,16.922,2.157
5146,Belarus,1950,18.853,2.645
5147,Belarus,1951,20.426,2.841
5148,Belarus,1952,21.876,3.011
5149,Belarus,1953,23.145,3.149
5150,Belarus,1954,25.273,3.393
5151,Belarus,1955,28.66,3.791
5152,Belarus,1956,31.437,4.092
5153,Belarus,1957,34.407,4.405
5154,Belarus,1958,36.735,4.624
5155,Belarus,1959,38.627,4.78
5156,Belarus,1960,40.227,4.901
5157,Belarus,1961,41.504,4.988
5158,Belarus,1962,43.591,5.174
5159,Belarus,1963,46.765,5.49
5160,Belarus,1964,49.745,5.782
5161,Belarus,1965,52.777,6.08
5162,Belarus,1966,55.746,6.369
5163,Belarus,1967,58.322,6.61
5164,Belarus,1968,59.989,6.747
5165,Belarus,1969,62.497,6.979
5166,Belarus,1970,65.755,7.294
5167,Belarus,1971,69.786,7.686
5168,Belarus,1972,73.444,8.031
5169,Belarus,1973,76.569,8.318
5170,Belarus,1974,79.511,8.581
5171,Belarus,1975,83.582,8.964
5172,Belarus,1976,86.76,9.249
5173,Belarus,1977,89.686,9.506
5174,Belarus,1978,92.766,9.779
5175,Belarus,1979,93.5,9.803
5176,Belarus,1980,97.138,10.115
5177,Belarus,1981,95.309,9.848
5178,Belarus,1982,97.079,9.959
5179,Belarus,1983,98.436,10.029
5180,Belarus,1984,99.274,10.046
5181,Belarus,1985,106.993,10.759
5182,Belarus,1986,121.419,12.137
5183,Belarus,1987,111.763,11.112
5184,Belarus,1988,114.796,11.357
5185,Belarus,1989,109.11,10.74
5186,Belarus,1990,108.345,10.636
5187,Belarus,1991,104.072,10.209
5188,Belarus,1992,93.483,9.149
5189,Belarus,1993,80.562,7.866
5190,Belarus,1994,67.879,6.635
5191,Belarus,1995,60.906,5.973
5192,Belarus,1996,61.735,6.074
5193,Belarus,1997,61.588,6.084
5194,Belarus,1998,60.073,5.959
5195,Belarus,1999,57.966,5.774
5196,Belarus,2000,54.906,5.495
5197,Belarus,2001,54.003,5.434
5198,Belarus,2002,53.844,5.453
5199,Belarus,2003,55.088,5.619
5200,Belarus,2004,58.254,5.984
5201,Belarus,2005,59.31,6.135
5202,Belarus,2006,61.744,6.426
5203,Belarus,2007,60.218,6.297
5204,Belarus,2008,62.836,6.594
5205,Belarus,2009,60.578,6.372
5206,Belarus,2010,62.445,6.58
5207,Belarus,2011,61.308,6.472
5208,Belarus,2012,62.545,6.609
5209,Belarus,2013,64.126,6.775
5210,Belarus,2014,63.649,6.719
5211,Belarus,2015,58.799,6.198
5212,Belarus,2016,58.134,6.12
5213,Belarus,2017,59.382,6.253
5214,Belarus,2018,62.157,6.557
5215,Belarus,2019,62.096,6.581
5216,Belarus,2020,59.056,6.315
5217,Belarus,2021,60.938,6.587
5218,Belarus,2022,59.384,6.474
5219,Belarus,2023,56.491,6.197
5220,Belgium,1802,6.397,1.958
5221,Belgium,1830,6.196,1.652
5222,Belgium,1831,4.463,1.18
5223,Belgium,1832,4.716,1.236
5224,Belgium,1833,4.565,1.187
5225,Belgium,1834,4.408,1.136
5226,Belgium,1835,4.76,1.217
5227,Belgium,1836,5.599,1.419
5228,Belgium,1837,5.998,1.508
5229,Belgium,1838,6.123,1.526
5230,Belgium,1839,6.709,1.658
5231,Belgium,1840,7.727,1.894
5232,Belgium,1841,7.39,1.796
5233,Belgium,1842,7.68,1.85
5234,Belgium,1843,7.112,1.698
5235,Belgium,1844,7.801,1.847
5236,Belgium,1845,8.218,1.929
5237,Belgium,1846,8.966,2.086
5238,Belgium,1847,9.318,2.149
5239,Belgium,1848,8.284,1.894
5240,Belgium,1849,8.735,1.981
5241,Belgium,1850,9.332,2.1
5242,Belgium,1851,10.168,2.272
5243,Belgium,1852,11.41,2.532
5244,Belgium,1853,11.787,2.6
5245,Belgium,1854,13.058,2.862
5246,Belgium,1855,13.377,2.914
5247,Belgium,1856,13.212,2.86
5248,Belgium,1857,13.755,2.959
5249,Belgium,1858,14.451,3.089
5250,Belgium,1859,14.898,3.164
5251,Belgium,1860,15.213,3.209
5252,Belgium,1861,16.459,3.449
5253,Belgium,1862,16.345,3.401
5254,Belgium,1863,17.228,3.559
5255,Belgium,1864,18.082,3.709
5256,Belgium,1865,19.06,3.881
5257,Belgium,1866,20.529,4.15
5258,Belgium,1867,22.233,4.463
5259,Belgium,1868,20.101,4.006
5260,Belgium,1869,21.651,4.283
5261,Belgium,1870,24.747,4.858
5262,Belgium,1871,23.717,4.619
5263,Belgium,1872,25.589,4.944
5264,Belgium,1873,28.107,5.385
5265,Belgium,1874,25.915,4.924
5266,Belgium,1875,26.93,5.075
5267,Belgium,1876,26.319,4.918
5268,Belgium,1877,25.051,4.643
5269,Belgium,1878,27.238,5.006
5270,Belgium,1879,27.733,5.054
5271,Belgium,1880,30.426,5.496
5272,Belgium,1881,30.631,5.483
5273,Belgium,1882,32.437,5.753
5274,Belgium,1883,34.383,6.041
5275,Belgium,1884,33.87,5.894
5276,Belgium,1885,33.082,5.703
5277,Belgium,1886,32.104,5.482
5278,Belgium,1887,33.969,5.746
5279,Belgium,1888,36.054,6.041
5280,Belgium,1889,36.834,6.113
5281,Belgium,1890,39.824,6.546
5282,Belgium,1891,37.78,6.151
5283,Belgium,1892,37.728,6.083
5284,Belgium,1893,36.076,5.761
5285,Belgium,1894,39.831,6.299
5286,Belgium,1895,40.132,6.286
5287,Belgium,1896,42.279,6.558
5288,Belgium,1897,43.744,6.72
5289,Belgium,1898,45.086,6.86
5290,Belgium,1899,47.126,7.099
5291,Belgium,1900,49.666,7.406
5292,Belgium,1901,46.709,6.893
5293,Belgium,1902,48.856,7.133
5294,Belgium,1903,52.63,7.601
5295,Belgium,1904,50.351,7.193
5296,Belgium,1905,50.266,7.103
5297,Belgium,1906,57.495,8.036
5298,Belgium,1907,58.324,8.063
5299,Belgium,1908,57.847,7.911
5300,Belgium,1909,57.763,7.83
5301,Belgium,1910,61.288,8.252
5302,Belgium,1911,61.687,8.266
5303,Belgium,1912,64.776,8.657
5304,Belgium,1913,68.015,9.083
5305,Belgium,1914,40.575,5.415
5306,Belgium,1915,34.42,4.591
5307,Belgium,1916,45.793,6.104
5308,Belgium,1917,36.248,4.828
5309,Belgium,1918,33.723,4.489
5310,Belgium,1919,44.869,5.961
5311,Belgium,1920,55.154,7.304
5312,Belgium,1921,50.534,6.663
5313,Belgium,1922,55.909,7.332
5314,Belgium,1923,71.884,9.363
5315,Belgium,1924,76.255,9.866
5316,Belgium,1925,78.04,10.03
5317,Belgium,1926,77.684,9.917
5318,Belgium,1927,90.475,11.473
5319,Belgium,1928,88.246,11.116
5320,Belgium,1929,96.955,12.139
5321,Belgium,1930,93.672,11.666
5322,Belgium,1931,84.123,10.428
5323,Belgium,1932,67.713,8.361
5324,Belgium,1933,72.657,8.942
5325,Belgium,1934,74.958,9.194
5326,Belgium,1935,71.641,8.759
5327,Belgium,1936,75.004,9.14
5328,Belgium,1937,90.298,10.967
5329,Belgium,1938,79.119,9.578
5330,Belgium,1939,73.709,8.894
5331,Belgium,1940,62.104,7.468
5332,Belgium,1941,65.184,7.812
5333,Belgium,1942,61.077,7.295
5334,Belgium,1943,57.853,6.886
5335,Belgium,1944,33.138,3.931
5336,Belgium,1945,38.755,4.581
5337,Belgium,1946,56.411,6.645
5338,Belgium,1947,82.03,9.63
5339,Belgium,1948,85.057,9.951
5340,Belgium,1949,80.772,9.413
5341,Belgium,1950,76.2,8.843
5342,Belgium,1951,89.45,10.334
5343,Belgium,1952,83.464,9.597
5344,Belgium,1953,82.374,9.423
5345,Belgium,1954,85.735,9.755
5346,Belgium,1955,92.017,10.414
5347,Belgium,1956,96.78,10.896
5348,Belgium,1957,96.487,10.803
5349,Belgium,1958,87.685,9.758
5350,Belgium,1959,88.31,9.763
5351,Belgium,1960,90.908,9.988
5352,Belgium,1961,92.698,10.122
5353,Belgium,1962,98.018,10.634
5354,Belgium,1963,105.676,11.393
5355,Belgium,1964,103.554,11.09
5356,Belgium,1965,105.331,11.206
5357,Belgium,1966,105.097,11.115
5358,Belgium,1967,107.361,11.294
5359,Belgium,1968,118.438,12.402
5360,Belgium,1969,123.492,12.878
5361,Belgium,1970,125.49,13.031
5362,Belgium,1971,121.371,12.556
5363,Belgium,1972,130.638,13.475
5364,Belgium,1973,138.639,14.266
5365,Belgium,1974,134.95,13.861
5366,Belgium,1975,121.823,12.497
5367,Belgium,1976,129.678,13.288
5368,Belgium,1977,126.199,12.912
5369,Belgium,1978,135.45,13.833
5370,Belgium,1979,139.787,14.247
5371,Belgium,1980,134.836,13.712
5372,Belgium,1981,123.574,12.545
5373,Belgium,1982,117.102,11.874
5374,Belgium,1983,101.202,10.254
5375,Belgium,1984,104.967,10.63
5376,Belgium,1985,104.004,10.526
5377,Belgium,1986,102.367,10.354
5378,Belgium,1987,102.589,10.363
5379,Belgium,1988,99.743,10.058
5380,Belgium,1989,106.792,10.747
5381,Belgium,1990,120.297,12.077
5382,Belgium,1991,123.367,12.338
5383,Belgium,1992,122.492,12.193
5384,Belgium,1993,121.427,12.04
5385,Belgium,1994,124.8,12.337
5386,Belgium,1995,125.939,12.423
5387,Belgium,1996,129.481,12.748
5388,Belgium,1997,123.993,12.178
5389,Belgium,1998,130.225,12.763
5390,Belgium,1999,124.683,12.192
5391,Belgium,2000,126.723,12.361
5392,Belgium,2001,126.067,12.255
5393,Belgium,2002,126.864,12.278
5394,Belgium,2003,128.249,12.36
5395,Belgium,2004,128.782,12.358
5396,Belgium,2005,125.64,11.99
5397,Belgium,2006,123.884,11.744
5398,Belgium,2007,120.481,11.339
5399,Belgium,2008,120.18,11.222
5400,Belgium,2009,107.78,9.968
5401,Belgium,2010,114.49,10.468
5402,Belgium,2011,105.098,9.521
5403,Belgium,2012,102.435,9.222
5404,Belgium,2013,102.762,9.208
5405,Belgium,2014,97.034,8.656
5406,Belgium,2015,101.275,8.982
5407,Belgium,2016,99.742,8.801
5408,Belgium,2017,99.192,8.719
5409,Belgium,2018,100.159,8.764
5410,Belgium,2019,99.684,8.675
5411,Belgium,2020,91.228,7.905
5412,Belgium,2021,94.886,8.2
5413,Belgium,2022,89.002,7.645
5414,Belgium,2023,83.368,7.118
5515,Belize,1950,0.018,0.265
5516,Belize,1951,0.026,0.361
5517,Belize,1952,0.026,0.35
5518,Belize,1953,0.029,0.388
5519,Belize,1954,0.029,0.377
5520,Belize,1955,0.029,0.367
5521,Belize,1956,0.029,0.357
5522,Belize,1957,0.029,0.347
5523,Belize,1958,0.04,0.465
5524,Belize,1959,0.04,0.453
5525,Belize,1960,0.044,0.481
5526,Belize,1961,0.037,0.391
5527,Belize,1962,0.07,0.725
5528,Belize,1963,0.062,0.631
5529,Belize,1964,0.084,0.829
5530,Belize,1965,0.084,0.805
5531,Belize,1966,0.081,0.747
5532,Belize,1967,0.121,1.086
5533,Belize,1968,0.103,0.894
5534,Belize,1969,0.136,1.148
5535,Belize,1970,0.121,1.001
5536,Belize,1971,0.143,1.163
5537,Belize,1972,0.158,1.264
5538,Belize,1973,0.147,1.159
5539,Belize,1974,0.154,1.2
5540,Belize,1975,0.176,1.349
5541,Belize,1976,0.176,1.321
5542,Belize,1977,0.198,1.456
5543,Belize,1978,0.216,1.558
5544,Belize,1979,0.209,1.474
5545,Belize,1980,0.191,1.313
5546,Belize,1981,0.183,1.231
5547,Belize,1982,0.172,1.129
5548,Belize,1983,0.172,1.102
5549,Belize,1984,0.172,1.076
5550,Belize,1985,0.191,1.163
5551,Belize,1986,0.205,1.224
5552,Belize,1987,0.227,1.326
5553,Belize,1988,0.249,1.422
5554,Belize,1989,0.3,1.677
5555,Belize,1990,0.311,1.701
5556,Belize,1991,0.407,2.174
5557,Belize,1992,0.355,1.861
5558,Belize,1993,0.377,1.936
5559,Belize,1994,0.374,1.877
5560,Belize,1995,0.377,1.848
5561,Belize,1996,0.308,1.463
5562,Belize,1997,0.388,1.786
5563,Belize,1998,0.37,1.643
5564,Belize,1999,0.348,1.493
5565,Belize,2000,0.396,1.643
5566,Belize,2001,0.447,1.8
5567,Belize,2002,0.432,1.689
5568,Belize,2003,0.432,1.639
5569,Belize,2004,0.392,1.443
5570,Belize,2005,0.421,1.506
5571,Belize,2006,0.443,1.54
5572,Belize,2007,0.476,1.609
5573,Belize,2008,0.436,1.433
5574,Belize,2009,0.517,1.653
5575,Belize,2010,0.539,1.682
5576,Belize,2011,0.553,1.69
5577,Belize,2012,0.451,1.348
5578,Belize,2013,0.44,1.287
5579,Belize,2014,0.469,1.344
5580,Belize,2015,0.641,1.799
5581,Belize,2016,0.627,1.718
5582,Belize,2017,0.616,1.649
5583,Belize,2018,0.605,1.59
5584,Belize,2019,0.707,1.833
5585,Belize,2020,0.584,1.494
5586,Belize,2021,0.613,1.551
5587,Belize,2022,0.632,1.57
5588,Belize,2023,0.668,1.625
5689,Benin,1950,0.138,0.061
5690,Benin,1951,0.115,0.051
5691,Benin,1952,0.129,0.056
5692,Benin,1953,0.107,0.046
5693,Benin,1954,0.126,0.054
5694,Benin,1955,0.126,0.053
5695,Benin,1956,0.146,0.061
5696,Benin,1957,0.149,0.062
5697,Benin,1958,0.125,0.051
5698,Benin,1959,0.103,0.041
5699,Benin,1960,0.161,0.064
5700,Benin,1961,0.128,0.05
5701,Benin,1962,0.136,0.052
5702,Benin,1963,0.121,0.046
5703,Benin,1964,0.143,0.053
5704,Benin,1965,0.15,0.054
5705,Benin,1966,0.114,0.04
5706,Benin,1967,0.143,0.05
5707,Benin,1968,0.154,0.052
5708,Benin,1969,0.202,0.067
5709,Benin,1970,0.282,0.092
5710,Benin,1971,0.293,0.094
5711,Benin,1972,0.388,0.121
5712,Benin,1973,0.381,0.116
5713,Benin,1974,0.407,0.121
5714,Benin,1975,0.443,0.129
5715,Benin,1976,0.26,0.074
5716,Benin,1977,0.297,0.082
5717,Benin,1978,0.363,0.098
5718,Benin,1979,0.366,0.096
5719,Benin,1980,0.48,0.122
5720,Benin,1981,0.387,0.096
5721,Benin,1982,0.443,0.106
5722,Benin,1983,0.404,0.095
5723,Benin,1984,0.448,0.102
5724,Benin,1985,0.686,0.151
5725,Benin,1986,0.624,0.133
5726,Benin,1987,0.474,0.098
5727,Benin,1988,0.508,0.102
5728,Benin,1989,0.57,0.111
5729,Benin,1990,0.579,0.11
5730,Benin,1991,0.62,0.114
5731,Benin,1992,0.671,0.119
5732,Benin,1993,0.807,0.137
5733,Benin,1994,0.912,0.15
5734,Benin,1995,0.956,0.154
5735,Benin,1996,1.184,0.185
5736,Benin,1997,1.224,0.186
5737,Benin,1998,1.114,0.164
5738,Benin,1999,1.462,0.209
5739,Benin,2000,1.473,0.204
5740,Benin,2001,1.689,0.227
5741,Benin,2002,2.11,0.275
5742,Benin,2003,2.394,0.303
5743,Benin,2004,2.594,0.318
5744,Benin,2005,2.49,0.295
5745,Benin,2006,3.351,0.385
5746,Benin,2007,3.931,0.439
5747,Benin,2008,3.919,0.425
5748,Benin,2009,4.225,0.444
5749,Benin,2010,4.679,0.478
5750,Benin,2011,4.48,0.444
5751,Benin,2012,4.403,0.423
5752,Benin,2013,4.566,0.426
5753,Benin,2014,4.796,0.435
5754,Benin,2015,5.333,0.469
5755,Benin,2016,5.336,0.456
5756,Benin,2017,5.581,0.464
5757,Benin,2018,5.669,0.458
5758,Benin,2019,5.262,0.413
5759,Benin,2020,5.518,0.422
5760,Benin,2021,5.759,0.429
5761,Benin,2022,5.792,0.421
5762,Benin,2023,5.592,0.396
5862,Bermuda,1950,0.044,1.181
5863,Bermuda,1951,0.059,1.55
5864,Bermuda,1952,0.106,2.77
5865,Bermuda,1953,0.092,2.358
5866,Bermuda,1954,0.084,2.141
5867,Bermuda,1955,0.11,2.757
5868,Bermuda,1956,0.136,3.359
5869,Bermuda,1957,0.139,3.411
5870,Bermuda,1958,0.147,3.555
5871,Bermuda,1959,0.136,3.254
5872,Bermuda,1960,0.158,3.731
5873,Bermuda,1961,0.176,4.076
5874,Bermuda,1962,0.158,3.56
5875,Bermuda,1963,0.15,3.312
5876,Bermuda,1964,0.202,4.34
5877,Bermuda,1965,0.18,3.781
5878,Bermuda,1966,0.202,4.15
5879,Bermuda,1967,0.213,4.29
5880,Bermuda,1968,0.224,4.432
5881,Bermuda,1969,0.198,3.855
5882,Bermuda,1970,0.227,4.356
5883,Bermuda,1971,0.231,4.386
5884,Bermuda,1972,0.253,4.786
5885,Bermuda,1973,0.425,8.025
5886,Bermuda,1974,0.443,8.353
5887,Bermuda,1975,0.458,8.617
5888,Bermuda,1976,0.469,8.81
5889,Bermuda,1977,0.454,8.517
5890,Bermuda,1978,0.425,7.952
5891,Bermuda,1979,0.462,8.623
5892,Bermuda,1980,0.436,8.121
5893,Bermuda,1981,0.388,7.19
5894,Bermuda,1982,0.396,7.273
5895,Bermuda,1983,0.451,8.224
5896,Bermuda,1984,0.443,8.033
5897,Bermuda,1985,0.451,8.11
5898,Bermuda,1986,0.421,7.537
5899,Bermuda,1987,0.572,10.155
5900,Bermuda,1988,0.645,11.37
5901,Bermuda,1989,0.78,13.656
5902,Bermuda,1990,0.502,8.717
5903,Bermuda,1991,0.539,9.285
5904,Bermuda,1992,0.462,7.901
5905,Bermuda,1993,0.539,9.155
5906,Bermuda,1994,0.531,8.972
5907,Bermuda,1995,0.531,8.922
5908,Bermuda,1996,0.528,8.818
5909,Bermuda,1997,0.524,8.705
5910,Bermuda,1998,0.52,8.577
5911,Bermuda,1999,0.513,8.39
5912,Bermuda,2000,0.517,8.391
5913,Bermuda,2001,0.528,8.525
5914,Bermuda,2002,0.557,8.959
5915,Bermuda,2003,0.561,8.983
5916,Bermuda,2004,0.583,9.31
5917,Bermuda,2005,0.583,9.287
5918,Bermuda,2006,0.652,10.376
5919,Bermuda,2007,0.729,11.568
5920,Bermuda,2008,0.649,10.242
5921,Bermuda,2009,0.476,7.491
5922,Bermuda,2010,0.608,9.541
5923,Bermuda,2011,0.443,6.954
5924,Bermuda,2012,0.366,5.755
5925,Bermuda,2013,0.535,8.412
5926,Bermuda,2014,0.671,10.551
5927,Bermuda,2015,0.539,8.485
5928,Bermuda,2016,0.619,9.757
5929,Bermuda,2017,0.634,9.966
5930,Bermuda,2018,0.696,10.903
5931,Bermuda,2019,0.594,9.256
5932,Bermuda,2020,0.436,6.77
5933,Bermuda,2021,0.517,7.988
5934,Bermuda,2022,0.501,7.733
5935,Bermuda,2023,0.523,8.074
6156,Bhutan,1970,0.004,0.012
6157,Bhutan,1971,0.004,0.011
6158,Bhutan,1972,0.004,0.011
6159,Bhutan,1973,0.004,0.011
6160,Bhutan,1974,0.004,0.01
6161,Bhutan,1975,0.004,0.01
6162,Bhutan,1976,0.004,0.01
6163,Bhutan,1977,0.007,0.019
6164,Bhutan,1978,0.011,0.027
6165,Bhutan,1979,0.022,0.052
6166,Bhutan,1980,0.022,0.051
6167,Bhutan,1981,0.055,0.124
6168,Bhutan,1982,0.063,0.136
6169,Bhutan,1983,0.087,0.182
6170,Bhutan,1984,0.109,0.221
6171,Bhutan,1985,0.12,0.236
6172,Bhutan,1986,0.112,0.214
6173,Bhutan,1987,0.16,0.296
6174,Bhutan,1988,0.167,0.301
6175,Bhutan,1989,0.12,0.209
6176,Bhutan,1990,0.186,0.315
6177,Bhutan,1991,0.186,0.31
6178,Bhutan,1992,0.215,0.372
6179,Bhutan,1993,0.182,0.328
6180,Bhutan,1994,0.212,0.383
6181,Bhutan,1995,0.249,0.454
6182,Bhutan,1996,0.298,0.544
6183,Bhutan,1997,0.39,0.698
6184,Bhutan,1998,0.382,0.671
6185,Bhutan,1999,0.386,0.662
6186,Bhutan,2000,0.397,0.665
6187,Bhutan,2001,0.465,0.761
6188,Bhutan,2002,0.497,0.796
6189,Bhutan,2003,0.493,0.774
6190,Bhutan,2004,0.44,0.676
6191,Bhutan,2005,0.546,0.825
6192,Bhutan,2006,0.415,0.619
6193,Bhutan,2007,0.397,0.585
6194,Bhutan,2008,0.646,0.942
6195,Bhutan,2009,0.679,0.979
6196,Bhutan,2010,0.905,1.29
6197,Bhutan,2011,1.037,1.462
6198,Bhutan,2012,1.187,1.654
6199,Bhutan,2013,1.324,1.825
6200,Bhutan,2014,1.387,1.892
6201,Bhutan,2015,1.485,2.005
6202,Bhutan,2016,1.624,2.172
6203,Bhutan,2017,1.712,2.269
6204,Bhutan,2018,1.734,2.282
6205,Bhutan,2019,1.619,2.117
6206,Bhutan,2020,1.25,1.624
6207,Bhutan,2021,1.596,2.058
6208,Bhutan,2022,1.635,2.094
6209,Bhutan,2023,1.713,2.178
6322,Bolivia,1862,0.004,0.003
6324,Bolivia,1864,0.001,0.001
6325,Bolivia,1865,0.006,0.004
6326,Bolivia,1866,0.002,0.001
6327,Bolivia,1867,0.002,0.002
6328,Bolivia,1868,0.006,0.004
6329,Bolivia,1869,0.004,0.002
6330,Bolivia,1870,0.002,0.001
6331,Bolivia,1871,0.005,0.004
6332,Bolivia,1872,0.01,0.007
6333,Bolivia,1873,0.014,0.01
6334,Bolivia,1874,0.008,0.006
6335,Bolivia,1875,0.011,0.008
6336,Bolivia,1876,0.017,0.013
6337,Bolivia,1877,0.013,0.01
6338,Bolivia,1878,0.022,0.018
6339,Bolivia,1879,0.028,0.024
6340,Bolivia,1880,0.034,0.029
6341,Bolivia,1881,0.043,0.036
6342,Bolivia,1882,0.052,0.043
6343,Bolivia,1883,0.044,0.035
6344,Bolivia,1884,0.054,0.043
6345,Bolivia,1885,0.038,0.029
6346,Bolivia,1886,0.021,0.016
6347,Bolivia,1887,0.033,0.025
6348,Bolivia,1888,0.044,0.032
6375,Bolivia,1915,0.026,0.012
6376,Bolivia,1916,0.11,0.05
6377,Bolivia,1917,0.091,0.04
6378,Bolivia,1918,0.093,0.04
6379,Bolivia,1919,0.064,0.027
6380,Bolivia,1920,0.103,0.044
6381,Bolivia,1921,0.072,0.03
6382,Bolivia,1922,0.057,0.024
6383,Bolivia,1923,0.07,0.029
6384,Bolivia,1924,0.071,0.029
6385,Bolivia,1925,0.04,0.016
6386,Bolivia,1926,0.06,0.024
6387,Bolivia,1927,0.078,0.03
6388,Bolivia,1928,0.092,0.036
6389,Bolivia,1929,0.06,0.023
6390,Bolivia,1930,0.083,0.031
6391,Bolivia,1931,0.017,0.006
6392,Bolivia,1932,0.051,0.019
6393,Bolivia,1933,0.063,0.023
6394,Bolivia,1934,0.086,0.031
6395,Bolivia,1935,0.078,0.028
6396,Bolivia,1936,0.05,0.018
6397,Bolivia,1937,0.059,0.02
6398,Bolivia,1938,0.15,0.052
6399,Bolivia,1939,0.153,0.052
6400,Bolivia,1940,0.182,0.061
6401,Bolivia,1941,0.217,0.073
6402,Bolivia,1942,0.212,0.071
6403,Bolivia,1943,0.223,0.074
6404,Bolivia,1944,0.235,0.078
6405,Bolivia,1945,0.211,0.07
6406,Bolivia,1946,0.219,0.072
6407,Bolivia,1947,0.191,0.063
6408,Bolivia,1948,0.224,0.074
6409,Bolivia,1949,0.32,0.105
6410,Bolivia,1950,0.517,0.167
6411,Bolivia,1951,0.462,0.147
6412,Bolivia,1952,0.513,0.161
6413,Bolivia,1953,0.538,0.166
6414,Bolivia,1954,0.788,0.239
6415,Bolivia,1955,0.931,0.277
6416,Bolivia,1956,1.106,0.323
6417,Bolivia,1957,1.004,0.288
6418,Bolivia,1958,0.916,0.258
6419,Bolivia,1959,0.949,0.262
6420,Bolivia,1960,1.004,0.271
6421,Bolivia,1961,1.04,0.275
6422,Bolivia,1962,1.099,0.285
6423,Bolivia,1963,1.213,0.308
6424,Bolivia,1964,1.48,0.368
6425,Bolivia,1965,1.509,0.367
6426,Bolivia,1966,1.689,0.402
6427,Bolivia,1967,1.89,0.44
6428,Bolivia,1968,2.176,0.496
6429,Bolivia,1969,2.546,0.567
6430,Bolivia,1970,2.484,0.541
6431,Bolivia,1971,3.059,0.652
6432,Bolivia,1972,3.568,0.743
6433,Bolivia,1973,3.454,0.704
6434,Bolivia,1974,3.513,0.699
6435,Bolivia,1975,4.055,0.789
6436,Bolivia,1976,4.575,0.87
6437,Bolivia,1977,4.475,0.832
6438,Bolivia,1978,5.02,0.912
6439,Bolivia,1979,4.73,0.84
6440,Bolivia,1980,4.659,0.809
6441,Bolivia,1981,4.781,0.812
6442,Bolivia,1982,4.338,0.721
6443,Bolivia,1983,4.278,0.696
6444,Bolivia,1984,4.029,0.641
6445,Bolivia,1985,4.11,0.641
6446,Bolivia,1986,3.764,0.574
6447,Bolivia,1987,4.012,0.599
6448,Bolivia,1988,4.287,0.627
6449,Bolivia,1989,4.968,0.712
6450,Bolivia,1990,10.007,1.403
6451,Bolivia,1991,10.495,1.442
6452,Bolivia,1992,11.014,1.482
6453,Bolivia,1993,11.55,1.524
6454,Bolivia,1994,9.638,1.247
6455,Bolivia,1995,9.017,1.145
6456,Bolivia,1996,10.016,1.249
6457,Bolivia,1997,11.721,1.435
6458,Bolivia,1998,11.252,1.354
6459,Bolivia,1999,10.94,1.293
6460,Bolivia,2000,8.434,0.98
6461,Bolivia,2001,8.743,0.999
6462,Bolivia,2002,10.403,1.169
6463,Bolivia,2003,10.968,1.212
6464,Bolivia,2004,11.032,1.199
6465,Bolivia,2005,12.313,1.315
6466,Bolivia,2006,12.332,1.295
6467,Bolivia,2007,12.695,1.311
6468,Bolivia,2008,12.965,1.316
6469,Bolivia,2009,13.538,1.352
6470,Bolivia,2010,14.719,1.446
6471,Bolivia,2011,15.949,1.541
6472,Bolivia,2012,17.535,1.668
6473,Bolivia,2013,17.769,1.663
6474,Bolivia,2014,19.888,1.833
6475,Bolivia,2015,19.887,1.805
6476,Bolivia,2016,21.239,1.9
6477,Bolivia,2017,22.171,1.954
6478,Bolivia,2018,22.498,1.955
6479,Bolivia,2019,22.605,1.937
6480,Bolivia,2020,18.312,1.55
6481,Bolivia,2021,21.756,1.823
6482,Bolivia,2022,22.378,1.853
6483,Bolivia,2023,23.359,1.908
6583,Bonaire Sint Eustatius and Saba,1950,0.083,11.764
6584,Bonaire Sint Eustatius and Saba,1951,0.13,18.478
6585,Bonaire Sint Eustatius and Saba,1952,0.075,10.536
6586,Bonaire Sint Eustatius and Saba,1953,0.087,12.012
6587,Bonaire Sint Eustatius and Saba,1954,0.176,23.61
6588,Bonaire Sint Eustatius and Saba,1955,0.146,19.1
6589,Bonaire Sint Eustatius and Saba,1956,0.188,24.669
6590,Bonaire Sint Eustatius and Saba,1957,0.129,16.816
6591,Bonaire Sint Eustatius and Saba,1958,0.113,14.643
6592,Bonaire Sint Eustatius and Saba,1959,0.145,18.698
6593,Bonaire Sint Eustatius and Saba,1960,0.125,15.889
6594,Bonaire Sint Eustatius and Saba,1961,0.13,16.312
6595,Bonaire Sint Eustatius and Saba,1962,0.143,17.608
6596,Bonaire Sint Eustatius and Saba,1963,0.137,16.532
6597,Bonaire Sint Eustatius and Saba,1964,0.133,15.721
6598,Bonaire Sint Eustatius and Saba,1965,0.119,13.772
6599,Bonaire Sint Eustatius and Saba,1966,0.112,12.565
6600,Bonaire Sint Eustatius and Saba,1967,0.138,15.078
6601,Bonaire Sint Eustatius and Saba,1968,0.128,13.664
6602,Bonaire Sint Eustatius and Saba,1969,0.168,17.406
6603,Bonaire Sint Eustatius and Saba,1970,0.187,18.953
6604,Bonaire Sint Eustatius and Saba,1971,0.163,16.068
6605,Bonaire Sint Eustatius and Saba,1972,0.158,15.236
6606,Bonaire Sint Eustatius and Saba,1973,0.175,16.612
6607,Bonaire Sint Eustatius and Saba,1974,0.159,14.838
6608,Bonaire Sint Eustatius and Saba,1975,0.115,10.583
6609,Bonaire Sint Eustatius and Saba,1976,0.246,22.244
6610,Bonaire Sint Eustatius and Saba,1977,0.128,11.429
6611,Bonaire Sint Eustatius and Saba,1978,0.109,9.565
6612,Bonaire Sint Eustatius and Saba,1979,0.115,9.875
6613,Bonaire Sint Eustatius and Saba,1980,0.118,10.006
6614,Bonaire Sint Eustatius and Saba,1981,0.112,9.405
6615,Bonaire Sint Eustatius and Saba,1982,0.126,10.415
6616,Bonaire Sint Eustatius and Saba,1983,0.065,5.308
6617,Bonaire Sint Eustatius and Saba,1984,0.161,13.14
6618,Bonaire Sint Eustatius and Saba,1985,0.189,15.248
6619,Bonaire Sint Eustatius and Saba,1986,0.036,2.899
6620,Bonaire Sint Eustatius and Saba,1987,0.032,2.556
6621,Bonaire Sint Eustatius and Saba,1988,0.032,2.496
6622,Bonaire Sint Eustatius and Saba,1989,0.06,4.708
6623,Bonaire Sint Eustatius and Saba,1990,0.065,4.992
6624,Bonaire Sint Eustatius and Saba,1991,0.052,3.95
6625,Bonaire Sint Eustatius and Saba,1992,0.043,3.226
6626,Bonaire Sint Eustatius and Saba,1993,0.066,4.936
6627,Bonaire Sint Eustatius and Saba,1994,0.063,4.693
6628,Bonaire Sint Eustatius and Saba,1995,0.062,4.602
6629,Bonaire Sint Eustatius and Saba,1996,0.058,4.26
6630,Bonaire Sint Eustatius and Saba,1997,0.061,4.413
6631,Bonaire Sint Eustatius and Saba,1998,0.003,0.241
6632,Bonaire Sint Eustatius and Saba,1999,0.025,1.788
6633,Bonaire Sint Eustatius and Saba,2000,0.067,4.692
6634,Bonaire Sint Eustatius and Saba,2001,0.068,4.689
6635,Bonaire Sint Eustatius and Saba,2002,0.066,4.368
6636,Bonaire Sint Eustatius and Saba,2003,0.066,4.195
6637,Bonaire Sint Eustatius and Saba,2004,0.069,4.222
6638,Bonaire Sint Eustatius and Saba,2005,0.068,4.019
6639,Bonaire Sint Eustatius and Saba,2006,0.071,4.023
6640,Bonaire Sint Eustatius and Saba,2007,0.08,4.356
6641,Bonaire Sint Eustatius and Saba,2008,0.077,4.034
6642,Bonaire Sint Eustatius and Saba,2009,0.079,3.975
6643,Bonaire Sint Eustatius and Saba,2010,0.054,2.64
6644,Bonaire Sint Eustatius and Saba,2011,0.069,3.203
6645,Bonaire Sint Eustatius and Saba,2012,0.084,3.689
6646,Bonaire Sint Eustatius and Saba,2013,0.084,3.536
6647,Bonaire Sint Eustatius and Saba,2014,0.084,3.441
6648,Bonaire Sint Eustatius and Saba,2015,0.095,3.867
6649,Bonaire Sint Eustatius and Saba,2016,0.103,4.176
6650,Bonaire Sint Eustatius and Saba,2017,0.103,4.134
6651,Bonaire Sint Eustatius and Saba,2018,0.099,3.928
6652,Bonaire Sint Eustatius and Saba,2019,0.11,4.285
6653,Bonaire Sint Eustatius and Saba,2020,0.114,4.29
6654,Bonaire Sint Eustatius and Saba,2021,0.114,4.154
6655,Bonaire Sint Eustatius and Saba,2022,0.11,3.843
6656,Bonaire Sint Eustatius and Saba,2023,0.115,3.84
6692,Bosnia and Herzegovina,1885,0.005,0.003
6697,Bosnia and Herzegovina,1890,0.014,0.009
6698,Bosnia and Herzegovina,1891,0.016,0.01
6699,Bosnia and Herzegovina,1892,0.017,0.011
6700,Bosnia and Herzegovina,1893,0.031,0.019
6701,Bosnia and Herzegovina,1894,0.059,0.036
6702,Bosnia and Herzegovina,1895,0.059,0.036
6703,Bosnia and Herzegovina,1896,0.066,0.039
6704,Bosnia and Herzegovina,1897,0.051,0.03
6705,Bosnia and Herzegovina,1898,0.078,0.045
6706,Bosnia and Herzegovina,1899,0.091,0.052
6707,Bosnia and Herzegovina,1900,0.123,0.07
6708,Bosnia and Herzegovina,1901,0.134,0.075
6709,Bosnia and Herzegovina,1902,0.126,0.07
6710,Bosnia and Herzegovina,1903,0.137,0.075
6711,Bosnia and Herzegovina,1904,0.146,0.079
6712,Bosnia and Herzegovina,1905,0.158,0.085
6713,Bosnia and Herzegovina,1906,0.189,0.1
6714,Bosnia and Herzegovina,1907,0.192,0.101
6715,Bosnia and Herzegovina,1908,0.207,0.107
6716,Bosnia and Herzegovina,1909,0.213,0.109
6717,Bosnia and Herzegovina,1910,0.21,0.107
6718,Bosnia and Herzegovina,1911,0.228,0.114
6719,Bosnia and Herzegovina,1912,0.234,0.116
6720,Bosnia and Herzegovina,1913,0.641,0.317
6726,Bosnia and Herzegovina,1919,0.46,0.217
6727,Bosnia and Herzegovina,1920,0.61,0.286
6728,Bosnia and Herzegovina,1921,0.65,0.302
6729,Bosnia and Herzegovina,1922,0.944,0.436
6730,Bosnia and Herzegovina,1923,1.03,0.472
6731,Bosnia and Herzegovina,1924,1.056,0.48
6732,Bosnia and Herzegovina,1925,1.159,0.523
6733,Bosnia and Herzegovina,1926,1.129,0.506
6734,Bosnia and Herzegovina,1927,1.275,0.567
6735,Bosnia and Herzegovina,1928,1.449,0.639
6736,Bosnia and Herzegovina,1929,1.58,0.692
6737,Bosnia and Herzegovina,1930,1.487,0.646
6738,Bosnia and Herzegovina,1931,1.374,0.593
6739,Bosnia and Herzegovina,1932,1.253,0.537
6740,Bosnia and Herzegovina,1933,1.159,0.493
6741,Bosnia and Herzegovina,1934,1.207,0.509
6742,Bosnia and Herzegovina,1935,1.263,0.529
6743,Bosnia and Herzegovina,1936,1.246,0.518
6744,Bosnia and Herzegovina,1937,1.388,0.572
6745,Bosnia and Herzegovina,1938,1.315,0.538
6746,Bosnia and Herzegovina,1939,1.379,0.56
6747,Bosnia and Herzegovina,1940,1.586,0.64
6750,Bosnia and Herzegovina,1943,0.056,0.022
6751,Bosnia and Herzegovina,1944,0.014,0.006
6752,Bosnia and Herzegovina,1945,0.802,0.311
6753,Bosnia and Herzegovina,1946,1.584,0.611
6754,Bosnia and Herzegovina,1947,2.204,0.843
6755,Bosnia and Herzegovina,1948,2.485,0.944
6756,Bosnia and Herzegovina,1949,2.838,1.067
6757,Bosnia and Herzegovina,1950,2.727,1.013
6758,Bosnia and Herzegovina,1951,2.581,0.945
6759,Bosnia and Herzegovina,1952,2.592,0.934
6760,Bosnia and Herzegovina,1953,2.574,0.91
6761,Bosnia and Herzegovina,1954,3.07,1.062
6762,Bosnia and Herzegovina,1955,3.516,1.191
6763,Bosnia and Herzegovina,1956,4.019,1.333
6764,Bosnia and Herzegovina,1957,4.365,1.417
6765,Bosnia and Herzegovina,1958,4.302,1.368
6766,Bosnia and Herzegovina,1959,4.931,1.535
6767,Bosnia and Herzegovina,1960,5.387,1.642
6768,Bosnia and Herzegovina,1961,5.646,1.686
6769,Bosnia and Herzegovina,1962,5.794,1.7
6770,Bosnia and Herzegovina,1963,6.445,1.862
6771,Bosnia and Herzegovina,1964,7.302,2.078
6772,Bosnia and Herzegovina,1965,7.513,2.109
6773,Bosnia and Herzegovina,1966,7.445,2.062
6774,Bosnia and Herzegovina,1967,7.52,2.057
6775,Bosnia and Herzegovina,1968,8.043,2.175
6776,Bosnia and Herzegovina,1969,8.34,2.231
6777,Bosnia and Herzegovina,1970,10.898,2.888
6778,Bosnia and Herzegovina,1971,11.745,3.083
6779,Bosnia and Herzegovina,1972,11.008,2.86
6780,Bosnia and Herzegovina,1973,13.149,3.382
6781,Bosnia and Herzegovina,1974,13.205,3.363
6782,Bosnia and Herzegovina,1975,13.778,3.474
6783,Bosnia and Herzegovina,1976,14.22,3.551
6784,Bosnia and Herzegovina,1977,13.827,3.421
6785,Bosnia and Herzegovina,1978,15.451,3.789
6786,Bosnia and Herzegovina,1979,16.804,4.085
6787,Bosnia and Herzegovina,1980,16.523,3.983
6788,Bosnia and Herzegovina,1981,17.982,4.298
6789,Bosnia and Herzegovina,1982,16.518,3.913
6790,Bosnia and Herzegovina,1983,17.787,4.177
6791,Bosnia and Herzegovina,1984,18.758,4.367
6792,Bosnia and Herzegovina,1985,19.134,4.419
6793,Bosnia and Herzegovina,1986,19.982,4.581
6794,Bosnia and Herzegovina,1987,19.508,4.443
6795,Bosnia and Herzegovina,1988,20.129,4.56
6796,Bosnia and Herzegovina,1989,20.067,4.526
6797,Bosnia and Herzegovina,1990,19.871,4.467
6798,Bosnia and Herzegovina,1991,14.059,3.153
6799,Bosnia and Herzegovina,1992,15.029,3.549
6800,Bosnia and Herzegovina,1993,12.581,3.222
6801,Bosnia and Herzegovina,1994,3.205,0.86
6802,Bosnia and Herzegovina,1995,3.402,0.916
6803,Bosnia and Herzegovina,1996,4.24,1.094
6804,Bosnia and Herzegovina,1997,8.366,2.082
6805,Bosnia and Herzegovina,1998,10.551,2.58
6806,Bosnia and Herzegovina,1999,10.333,2.502
6807,Bosnia and Herzegovina,2000,13.702,3.294
6808,Bosnia and Herzegovina,2001,13.263,3.173
6809,Bosnia and Herzegovina,2002,14.173,3.384
6810,Bosnia and Herzegovina,2003,14.358,3.436
6811,Bosnia and Herzegovina,2004,15.462,3.734
6812,Bosnia and Herzegovina,2005,16.046,3.917
6813,Bosnia and Herzegovina,2006,17.387,4.279
6814,Bosnia and Herzegovina,2007,17.474,4.354
6815,Bosnia and Herzegovina,2008,19.959,5.056
6816,Bosnia and Herzegovina,2009,20.537,5.293
6817,Bosnia and Herzegovina,2010,21.146,5.548
6818,Bosnia and Herzegovina,2011,23.761,6.35
6819,Bosnia and Herzegovina,2012,22.134,6.031
6820,Bosnia and Herzegovina,2013,21.801,6.038
6821,Bosnia and Herzegovina,2014,19.312,5.417
6822,Bosnia and Herzegovina,2015,18.46,5.247
6823,Bosnia and Herzegovina,2016,21.73,6.257
6824,Bosnia and Herzegovina,2017,22.156,6.462
6825,Bosnia and Herzegovina,2018,22.075,6.518
6826,Bosnia and Herzegovina,2019,20.81,6.22
6827,Bosnia and Herzegovina,2020,20.832,6.314
6828,Bosnia and Herzegovina,2021,21.264,6.553
6829,Bosnia and Herzegovina,2022,20.963,6.541
6830,Bosnia and Herzegovina,2023,20.179,6.336
6953,Botswana,1972,0.022,0.035
6954,Botswana,1973,0.051,0.079
6955,Botswana,1974,0.088,0.128
6956,Botswana,1975,0.187,0.259
6957,Botswana,1976,0.594,0.783
6958,Botswana,1977,0.78,0.976
6959,Botswana,1978,0.832,0.979
6960,Botswana,1979,0.942,1.044
6961,Botswana,1980,1.403,1.497
6962,Botswana,1981,1.408,1.451
6963,Botswana,1982,1.399,1.386
6964,Botswana,1983,1.33,1.271
6965,Botswana,1984,1.344,1.24
6966,Botswana,1985,1.658,1.478
6967,Botswana,1986,1.566,1.349
6968,Botswana,1987,1.838,1.533
6969,Botswana,1988,2.001,1.619
6970,Botswana,1989,2.229,1.755
6971,Botswana,1990,2.7,2.068
6972,Botswana,1991,2.634,1.963
6973,Botswana,1992,2.777,2.012
6974,Botswana,1993,3.195,2.25
6975,Botswana,1994,3.03,2.075
6976,Botswana,1995,3.045,2.031
6977,Botswana,1996,2.755,1.794
6978,Botswana,1997,2.799,1.781
6979,Botswana,1998,3.342,2.08
6980,Botswana,1999,3.158,1.923
6981,Botswana,2000,3.778,2.252
6982,Botswana,2001,3.847,2.247
6983,Botswana,2002,3.975,2.278
6984,Botswana,2003,3.825,2.154
6985,Botswana,2004,3.895,2.155
6986,Botswana,2005,4.093,2.224
6987,Botswana,2006,4.133,2.205
6988,Botswana,2007,4.228,2.212
6989,Botswana,2008,4.503,2.309
6990,Botswana,2009,3.855,1.937
6991,Botswana,2010,4.537,2.232
6992,Botswana,2011,4.029,1.943
6993,Botswana,2012,5.077,2.408
6994,Botswana,2013,5.663,2.645
6995,Botswana,2014,6.85,3.154
6996,Botswana,2015,5.418,2.459
6997,Botswana,2016,6.345,2.839
6998,Botswana,2017,7.07,3.119
6999,Botswana,2018,7.64,3.323
7000,Botswana,2019,6.727,2.885
7001,Botswana,2020,5.551,2.346
7002,Botswana,2021,6.009,2.502
7003,Botswana,2022,6.596,2.703
7004,Botswana,2023,6.714,2.707
7011,Brazil,1856,0.227,0.029
7012,Brazil,1857,0.269,0.033
7013,Brazil,1858,0.285,0.035
7014,Brazil,1859,0.373,0.045
7015,Brazil,1860,0.435,0.052
7016,Brazil,1861,0.41,0.048
7017,Brazil,1862,0.355,0.041
7018,Brazil,1863,0.426,0.048
7019,Brazil,1864,0.48,0.054
7020,Brazil,1865,0.572,0.063
7021,Brazil,1866,0.646,0.07
7022,Brazil,1867,0.555,0.059
7023,Brazil,1868,0.752,0.079
7024,Brazil,1869,0.605,0.063
7025,Brazil,1870,0.698,0.071
7026,Brazil,1871,0.845,0.084
7027,Brazil,1872,0.858,0.084
7028,Brazil,1873,1.029,0.099
7029,Brazil,1874,0.996,0.094
7030,Brazil,1875,0.94,0.087
7031,Brazil,1876,0.843,0.077
7032,Brazil,1877,0.878,0.078
7033,Brazil,1878,0.949,0.083
7034,Brazil,1879,0.808,0.07
7035,Brazil,1880,0.923,0.078
7036,Brazil,1881,1.031,0.086
7037,Brazil,1882,0.948,0.077
7038,Brazil,1883,1.17,0.094
7039,Brazil,1884,1.283,0.101
7040,Brazil,1885,1.215,0.094
7041,Brazil,1886,1.236,0.093
7042,Brazil,1887,1.316,0.098
7043,Brazil,1888,1.283,0.093
7044,Brazil,1889,1.86,0.133
7045,Brazil,1890,1.714,0.12
7046,Brazil,1891,2.072,0.142
7047,Brazil,1892,2.146,0.143
7048,Brazil,1893,1.97,0.129
7049,Brazil,1894,2.308,0.147
7050,Brazil,1895,2.188,0.136
7051,Brazil,1896,2.616,0.159
7052,Brazil,1897,2.734,0.162
7053,Brazil,1898,2.681,0.155
7054,Brazil,1899,2.613,0.148
7055,Brazil,1900,2.272,0.126
7056,Brazil,1901,2.315,0.125
7057,Brazil,1902,2.555,0.135
7058,Brazil,1903,2.442,0.127
7059,Brazil,1904,2.639,0.134
7060,Brazil,1905,2.872,0.143
7061,Brazil,1906,3.248,0.158
7062,Brazil,1907,3.722,0.177
7063,Brazil,1908,3.73,0.174
7064,Brazil,1909,3.826,0.175
7065,Brazil,1910,4.585,0.205
7066,Brazil,1911,5.384,0.236
7067,Brazil,1912,5.478,0.235
7068,Brazil,1913,6.107,0.256
7069,Brazil,1914,4.658,0.191
7070,Brazil,1915,3.212,0.129
7071,Brazil,1916,2.735,0.108
7072,Brazil,1917,2.84,0.11
7073,Brazil,1918,2.657,0.1
7074,Brazil,1919,2.968,0.11
7075,Brazil,1920,3.964,0.144
7076,Brazil,1921,2.887,0.102
7077,Brazil,1922,4.027,0.14
7078,Brazil,1923,4.793,0.163
7079,Brazil,1924,5.319,0.178
7080,Brazil,1925,5.342,0.175
7081,Brazil,1926,5.47,0.175
7082,Brazil,1927,6.039,0.19
7083,Brazil,1928,6.083,0.187
7084,Brazil,1929,6.337,0.191
7085,Brazil,1930,5.788,0.171
7086,Brazil,1931,4.773,0.138
7087,Brazil,1932,4.78,0.136
7088,Brazil,1933,5.177,0.144
7089,Brazil,1934,5.158,0.141
7090,Brazil,1935,5.378,0.144
7091,Brazil,1936,5.617,0.147
7092,Brazil,1937,6.731,0.173
7093,Brazil,1938,7.179,0.181
7094,Brazil,1939,5.615,0.138
7095,Brazil,1940,5.654,0.136
7096,Brazil,1941,6.281,0.148
7097,Brazil,1942,5.867,0.134
7098,Brazil,1943,6.475,0.144
7099,Brazil,1944,5.896,0.128
7100,Brazil,1945,6.823,0.144
7101,Brazil,1946,7.46,0.154
7102,Brazil,1947,8.947,0.18
7103,Brazil,1948,7.847,0.154
7104,Brazil,1949,7.367,0.14
7105,Brazil,1950,19.659,0.368
7106,Brazil,1951,21.659,0.394
7107,Brazil,1952,24.934,0.44
7108,Brazil,1953,25.218,0.432
7109,Brazil,1954,29.676,0.493
7110,Brazil,1955,34.024,0.548
7111,Brazil,1956,36.608,0.572
7112,Brazil,1957,35.974,0.545
7113,Brazil,1958,39.054,0.574
7114,Brazil,1959,39.017,0.556
7115,Brazil,1960,46.852,0.647
7116,Brazil,1961,49.136,0.659
7117,Brazil,1962,53.613,0.697
7118,Brazil,1963,55.523,0.701
7119,Brazil,1964,56.626,0.695
7120,Brazil,1965,56.279,0.671
7121,Brazil,1966,64.162,0.745
7122,Brazil,1967,66.033,0.747
7123,Brazil,1968,77.224,0.851
7124,Brazil,1969,84.088,0.904
7125,Brazil,1970,93.488,0.98
7126,Brazil,1971,102.337,1.047
7127,Brazil,1972,114.019,1.139
7128,Brazil,1973,132.061,1.287
7129,Brazil,1974,143.016,1.361
7130,Brazil,1975,150.327,1.397
7131,Brazil,1976,154.607,1.403
7132,Brazil,1977,162.363,1.438
7133,Brazil,1978,177.117,1.532
7134,Brazil,1979,187.787,1.586
7135,Brazil,1980,186.191,1.536
7136,Brazil,1981,171.324,1.381
7137,Brazil,1982,171.5,1.351
7138,Brazil,1983,165.9,1.278
7139,Brazil,1984,167.567,1.263
7140,Brazil,1985,180.111,1.329
7141,Brazil,1986,197.238,1.426
7142,Brazil,1987,205.968,1.46
7143,Brazil,1988,207.695,1.444
7144,Brazil,1989,212.071,1.448
7145,Brazil,1990,218.658,1.466
7146,Brazil,1991,229.394,1.512
7147,Brazil,1992,233.601,1.514
7148,Brazil,1993,244.306,1.558
7149,Brazil,1994,254.002,1.595
7150,Brazil,1995,268.678,1.661
7151,Brazil,1996,289.311,1.762
7152,Brazil,1997,306.949,1.842
7153,Brazil,1998,317.359,1.876
7154,Brazil,1999,327.256,1.907
7155,Brazil,2000,340.183,1.955
7156,Brazil,2001,346.166,1.963
7157,Brazil,2002,347.765,1.948
7158,Brazil,2003,344.645,1.908
7159,Brazil,2004,361.434,1.979
7160,Brazil,2005,364.371,1.973
7161,Brazil,2006,368.871,1.976
7162,Brazil,2007,390.573,2.071
7163,Brazil,2008,412.638,2.168
7164,Brazil,2009,389.775,2.029
7165,Brazil,2010,440.269,2.273
7166,Brazil,2011,462.58,2.369
7167,Brazil,2012,498.309,2.531
7168,Brazil,2013,532.418,2.682
7169,Brazil,2014,557.901,2.788
7170,Brazil,2015,529.353,2.625
7171,Brazil,2016,492.748,2.425
7172,Brazil,2017,498.266,2.434
7173,Brazil,2018,478.379,2.321
7174,Brazil,2019,473.39,2.282
7175,Brazil,2020,445.208,2.134
7176,Brazil,2021,498.017,2.377
7177,Brazil,2022,483.841,2.301
7178,Brazil,2023,486.47,2.304
7291,British Virgin Islands,1962,0.004,0.453
7292,British Virgin Islands,1963,0.004,0.45
7293,British Virgin Islands,1964,0.007,0.895
7294,British Virgin Islands,1965,0.007,0.885
7295,British Virgin Islands,1966,0.011,1.303
7296,British Virgin Islands,1967,0.004,0.423
7297,British Virgin Islands,1968,0.015,1.624
7298,British Virgin Islands,1969,0.018,1.918
7299,British Virgin Islands,1970,0.018,1.838
7300,British Virgin Islands,1971,0.022,2.173
7301,British Virgin Islands,1972,0.022,2.144
7302,British Virgin Islands,1973,0.026,2.469
7303,British Virgin Islands,1974,0.026,2.438
7304,British Virgin Islands,1975,0.026,2.413
7305,British Virgin Islands,1976,0.026,2.39
7306,British Virgin Islands,1977,0.029,2.708
7307,British Virgin Islands,1978,0.029,2.688
7308,British Virgin Islands,1979,0.029,2.668
7309,British Virgin Islands,1980,0.029,2.629
7310,British Virgin Islands,1981,0.044,3.824
7311,British Virgin Islands,1982,0.037,3.068
7312,British Virgin Islands,1983,0.04,3.254
7313,British Virgin Islands,1984,0.04,3.138
7314,British Virgin Islands,1985,0.048,3.584
7315,British Virgin Islands,1986,0.055,3.998
7316,British Virgin Islands,1987,0.062,4.383
7317,British Virgin Islands,1988,0.066,4.486
7318,British Virgin Islands,1989,0.066,4.339
7319,British Virgin Islands,1990,0.066,4.194
7320,British Virgin Islands,1991,0.073,4.522
7321,British Virgin Islands,1992,0.081,4.852
7322,British Virgin Islands,1993,0.084,4.955
7323,British Virgin Islands,1994,0.084,4.835
7324,British Virgin Islands,1995,0.088,4.923
7325,British Virgin Islands,1996,0.099,5.404
7326,British Virgin Islands,1997,0.103,5.462
7327,British Virgin Islands,1998,0.103,5.326
7328,British Virgin Islands,1999,0.114,5.75
7329,British Virgin Islands,2000,0.117,5.786
7330,British Virgin Islands,2001,0.125,5.982
7331,British Virgin Islands,2002,0.143,6.661
7332,British Virgin Islands,2003,0.147,6.615
7333,British Virgin Islands,2004,0.154,6.719
7334,British Virgin Islands,2005,0.165,6.959
7335,British Virgin Islands,2006,0.18,7.322
7336,British Virgin Islands,2007,0.187,7.359
7337,British Virgin Islands,2008,0.194,7.381
7338,British Virgin Islands,2009,0.194,7.129
7339,British Virgin Islands,2010,0.213,7.673
7340,British Virgin Islands,2011,0.213,7.396
7341,British Virgin Islands,2012,0.213,6.998
7342,British Virgin Islands,2013,0.213,6.698
7343,British Virgin Islands,2014,0.216,6.553
7344,British Virgin Islands,2015,0.227,6.58
7345,British Virgin Islands,2016,0.231,6.808
7346,British Virgin Islands,2017,0.18,5.486
7347,British Virgin Islands,2018,0.161,4.648
7348,British Virgin Islands,2019,0.183,5.03
7349,British Virgin Islands,2020,0.18,4.831
7350,British Virgin Islands,2021,0.183,4.842
7351,British Virgin Islands,2022,0.178,4.632
7352,British Virgin Islands,2023,0.185,4.75
7536,Brunei,1933,0.004,0.107
7537,Brunei,1934,0.044,1.244
7538,Brunei,1935,0.026,0.703
7539,Brunei,1936,0.077,2.046
7540,Brunei,1937,0.205,5.287
7541,Brunei,1938,0.216,5.399
7542,Brunei,1939,2.627,63.887
7543,Brunei,1940,2.961,70.418
7544,Brunei,1941,1.968,45.973
7545,Brunei,1942,1.246,28.716
7546,Brunei,1943,1.872,42.76
7547,Brunei,1944,2.495,56.461
7548,Brunei,1945,0.92,20.618
7549,Brunei,1946,0.945,20.997
7550,Brunei,1947,5.353,117.806
7551,Brunei,1948,0.081,1.758
7552,Brunei,1949,11.468,245.081
7553,Brunei,1950,0.414,8.569
7554,Brunei,1951,0.3,5.867
7555,Brunei,1952,0.322,5.943
7556,Brunei,1953,0.344,5.981
7557,Brunei,1954,0.359,5.865
7558,Brunei,1955,0.3,4.606
7559,Brunei,1956,0.297,4.266
7560,Brunei,1957,0.293,3.951
7561,Brunei,1958,0.319,4.036
7562,Brunei,1959,0.326,3.889
7563,Brunei,1960,0.333,3.774
7564,Brunei,1961,0.304,3.287
7565,Brunei,1962,0.37,3.825
7566,Brunei,1963,0.355,3.513
7567,Brunei,1964,0.341,3.217
7568,Brunei,1965,0.333,3.008
7569,Brunei,1966,0.491,4.237
7570,Brunei,1967,0.44,3.633
7571,Brunei,1968,0.429,3.396
7572,Brunei,1969,0.487,3.707
7573,Brunei,1970,8.204,60.698
7574,Brunei,1971,7.511,54.457
7575,Brunei,1972,9.453,66.479
7576,Brunei,1973,9.973,67.67
7577,Brunei,1974,8.178,53.568
7578,Brunei,1975,7.075,44.757
7579,Brunei,1976,6.02,36.792
7580,Brunei,1977,6.39,37.747
7581,Brunei,1978,9.534,54.509
7582,Brunei,1979,7.434,41.203
7583,Brunei,1980,6.877,36.951
7584,Brunei,1981,2.059,10.725
7585,Brunei,1982,2.665,13.446
7586,Brunei,1983,2.733,13.349
7587,Brunei,1984,1.916,9.053
7588,Brunei,1985,2.594,11.849
7589,Brunei,1986,2.297,10.142
7590,Brunei,1987,3.316,14.178
7591,Brunei,1988,5.712,23.709
7592,Brunei,1989,6.342,25.566
7593,Brunei,1990,5.456,21.369
7594,Brunei,1991,7.211,27.459
7595,Brunei,1992,6.885,25.513
7596,Brunei,1993,6.357,22.951
7597,Brunei,1994,5.553,19.546
7598,Brunei,1995,5.825,20.004
7599,Brunei,1996,5.879,19.709
7600,Brunei,1997,6.087,19.935
7601,Brunei,1998,5.595,17.911
7602,Brunei,1999,5.978,18.716
7603,Brunei,2000,5.329,16.324
7604,Brunei,2001,5.19,15.568
7605,Brunei,2002,4.67,13.731
7606,Brunei,2003,5.598,16.149
7607,Brunei,2004,5.641,15.983
7608,Brunei,2005,5.429,15.124
7609,Brunei,2006,7.144,19.59
7610,Brunei,2007,8.077,21.777
7611,Brunei,2008,9.166,24.26
7612,Brunei,2009,7.745,20.119
7613,Brunei,2010,8.017,20.435
7614,Brunei,2011,9.555,23.925
7615,Brunei,2012,9.5,23.424
7616,Brunei,2013,7.626,18.546
7617,Brunei,2014,8.831,21.19
7618,Brunei,2015,6.933,16.421
7619,Brunei,2016,7.633,17.852
7620,Brunei,2017,9.309,21.51
7621,Brunei,2018,9.344,21.343
7622,Brunei,2019,10.733,24.245
7623,Brunei,2020,11.157,24.937
7624,Brunei,2021,11.713,25.929
7625,Brunei,2022,11.354,24.934
7626,Brunei,2023,11.77,25.644
7658,Bulgaria,1881,0.004,0.001
7659,Bulgaria,1882,0.004,0.001
7660,Bulgaria,1883,0.007,0.002
7661,Bulgaria,1884,0.011,0.003
7662,Bulgaria,1885,0.007,0.002
7663,Bulgaria,1886,0.007,0.002
7664,Bulgaria,1887,0.011,0.003
7665,Bulgaria,1888,0.018,0.006
7666,Bulgaria,1889,0.026,0.008
7667,Bulgaria,1890,0.033,0.01
7668,Bulgaria,1891,0.04,0.012
7669,Bulgaria,1892,0.048,0.014
7670,Bulgaria,1893,0.062,0.017
7671,Bulgaria,1894,0.081,0.022
7672,Bulgaria,1895,0.084,0.023
7673,Bulgaria,1896,0.106,0.028
7674,Bulgaria,1897,0.11,0.029
7675,Bulgaria,1898,0.147,0.038
7676,Bulgaria,1899,0.147,0.038
7677,Bulgaria,1900,0.216,0.055
7678,Bulgaria,1901,0.271,0.068
7679,Bulgaria,1902,0.238,0.059
7680,Bulgaria,1903,0.234,0.057
7681,Bulgaria,1904,0.3,0.072
7682,Bulgaria,1905,0.359,0.085
7683,Bulgaria,1906,0.315,0.074
7684,Bulgaria,1907,0.454,0.105
7685,Bulgaria,1908,0.597,0.137
7686,Bulgaria,1909,0.605,0.137
7687,Bulgaria,1910,0.634,0.142
7688,Bulgaria,1911,0.898,0.199
7689,Bulgaria,1912,0.898,0.196
7690,Bulgaria,1913,0.788,0.17
7691,Bulgaria,1914,1.183,0.253
7692,Bulgaria,1915,0.762,0.161
7693,Bulgaria,1916,0.923,0.193
7694,Bulgaria,1917,1.14,0.236
7695,Bulgaria,1918,1.422,0.29
7696,Bulgaria,1919,0.835,0.169
7697,Bulgaria,1920,1.099,0.219
7698,Bulgaria,1921,1.367,0.268
7699,Bulgaria,1922,1.51,0.291
7700,Bulgaria,1923,1.605,0.304
7701,Bulgaria,1924,1.843,0.343
7702,Bulgaria,1925,1.81,0.331
7703,Bulgaria,1926,1.781,0.321
7704,Bulgaria,1927,1.817,0.322
7705,Bulgaria,1928,2.139,0.372
7706,Bulgaria,1929,2.484,0.425
7707,Bulgaria,1930,2.403,0.405
7708,Bulgaria,1931,2.275,0.379
7709,Bulgaria,1932,2.638,0.434
7710,Bulgaria,1933,2.348,0.383
7711,Bulgaria,1934,2.44,0.394
7712,Bulgaria,1935,2.473,0.395
7713,Bulgaria,1936,2.513,0.398
7714,Bulgaria,1937,2.788,0.437
7715,Bulgaria,1938,3.172,0.492
7716,Bulgaria,1939,3.484,0.535
7717,Bulgaria,1940,4.1,0.624
7718,Bulgaria,1941,4.422,0.667
7719,Bulgaria,1942,5.349,0.799
7720,Bulgaria,1943,5.811,0.861
7721,Bulgaria,1944,4.389,0.645
7722,Bulgaria,1945,5.209,0.759
7723,Bulgaria,1946,4.976,0.719
7724,Bulgaria,1947,5.91,0.847
7725,Bulgaria,1948,6.22,0.884
7726,Bulgaria,1949,7.453,1.05
7727,Bulgaria,1950,7.498,1.034
7728,Bulgaria,1951,8.165,1.116
7729,Bulgaria,1952,9.428,1.281
7730,Bulgaria,1953,10.586,1.427
7731,Bulgaria,1954,11.392,1.524
7732,Bulgaria,1955,12.092,1.605
7733,Bulgaria,1956,12.967,1.709
7734,Bulgaria,1957,14.389,1.881
7735,Bulgaria,1958,15.627,2.023
7736,Bulgaria,1959,19.622,2.518
7737,Bulgaria,1960,22.271,2.832
7738,Bulgaria,1961,25.945,3.268
7739,Bulgaria,1962,30.704,3.834
7740,Bulgaria,1963,34.374,4.258
7741,Bulgaria,1964,42.818,5.26
7742,Bulgaria,1965,46.269,5.641
7743,Bulgaria,1966,48.716,5.899
7744,Bulgaria,1967,55.108,6.631
7745,Bulgaria,1968,59.464,7.104
7746,Bulgaria,1969,66.308,7.861
7747,Bulgaria,1970,61.174,7.205
7748,Bulgaria,1971,64.222,7.521
7749,Bulgaria,1972,66.079,7.702
7750,Bulgaria,1973,68.717,7.967
7751,Bulgaria,1974,71.137,8.193
7752,Bulgaria,1975,72.922,8.36
7753,Bulgaria,1976,72.965,8.33
7754,Bulgaria,1977,75.796,8.609
7755,Bulgaria,1978,81.207,9.214
7756,Bulgaria,1979,78.928,8.944
7757,Bulgaria,1980,77.251,8.719
7758,Bulgaria,1981,80.087,9.011
7759,Bulgaria,1982,89.844,10.08
7760,Bulgaria,1983,90.061,10.081
7761,Bulgaria,1984,87.045,9.723
7762,Bulgaria,1985,89.221,9.959
7763,Bulgaria,1986,91.172,10.172
7764,Bulgaria,1987,91.273,10.168
7765,Bulgaria,1988,89.656,9.978
7766,Bulgaria,1989,88.206,9.87
7767,Bulgaria,1990,76.741,8.698
7768,Bulgaria,1991,61.623,7.087
7769,Bulgaria,1992,57.456,6.713
7770,Bulgaria,1993,58.492,6.909
7771,Bulgaria,1994,56.46,6.708
7772,Bulgaria,1995,57.998,6.94
7773,Bulgaria,1996,58.541,7.06
7774,Bulgaria,1997,55.891,6.802
7775,Bulgaria,1998,53.212,6.539
7776,Bulgaria,1999,46.471,5.76
7777,Bulgaria,2000,45.592,5.699
7778,Bulgaria,2001,49.117,6.195
7779,Bulgaria,2002,46.235,5.881
7780,Bulgaria,2003,50.587,6.482
7781,Bulgaria,2004,49.624,6.404
7782,Bulgaria,2005,50.685,6.587
7783,Bulgaria,2006,51.922,6.796
7784,Bulgaria,2007,55.751,7.348
7785,Bulgaria,2008,54.109,7.18
7786,Bulgaria,2009,45.837,6.121
7787,Bulgaria,2010,47.9,6.44
7788,Bulgaria,2011,53.205,7.209
7789,Bulgaria,2012,48.361,6.609
7790,Bulgaria,2013,42.726,5.881
7791,Bulgaria,2014,45.251,6.265
7792,Bulgaria,2015,48.204,6.716
7793,Bulgaria,2016,45.419,6.372
7794,Bulgaria,2017,47.521,6.716
7795,Bulgaria,2018,43.577,6.203
7796,Bulgaria,2019,42.267,6.059
7797,Bulgaria,2020,36.644,5.285
7798,Bulgaria,2021,42.425,6.169
7799,Bulgaria,2022,46.966,6.881
7800,Bulgaria,2023,36.094,5.311
7901,Burkina Faso,1950,0.004,0.001
7902,Burkina Faso,1951,0.003,0.001
7903,Burkina Faso,1952,0.004,0.001
7904,Burkina Faso,1953,0.003,0.001
7905,Burkina Faso,1954,0.004,0.001
7906,Burkina Faso,1955,0.004,0.001
7907,Burkina Faso,1956,0.004,0.001
7908,Burkina Faso,1957,0.004,0.001
7909,Burkina Faso,1958,0.004,0.001
7910,Burkina Faso,1959,0.007,0.002
7911,Burkina Faso,1960,0.044,0.009
7912,Burkina Faso,1961,0.092,0.019
7913,Burkina Faso,1962,0.084,0.017
7914,Burkina Faso,1963,0.088,0.018
7915,Burkina Faso,1964,0.11,0.022
7916,Burkina Faso,1965,0.103,0.02
7917,Burkina Faso,1966,0.103,0.02
7918,Burkina Faso,1967,0.103,0.019
7919,Burkina Faso,1968,0.103,0.019
7920,Burkina Faso,1969,0.121,0.022
7921,Burkina Faso,1970,0.143,0.025
7922,Burkina Faso,1971,0.15,0.026
7923,Burkina Faso,1972,0.161,0.028
7924,Burkina Faso,1973,0.169,0.029
7925,Burkina Faso,1974,0.205,0.034
7926,Burkina Faso,1975,0.22,0.036
7927,Burkina Faso,1976,0.209,0.033
7928,Burkina Faso,1977,0.249,0.039
7929,Burkina Faso,1978,0.348,0.053
7930,Burkina Faso,1979,0.407,0.06
7931,Burkina Faso,1980,0.432,0.062
7932,Burkina Faso,1981,0.557,0.078
7933,Burkina Faso,1982,0.575,0.078
7934,Burkina Faso,1983,0.594,0.079
7935,Burkina Faso,1984,0.465,0.06
7936,Burkina Faso,1985,0.476,0.06
7937,Burkina Faso,1986,0.48,0.058
7938,Burkina Faso,1987,0.517,0.061
7939,Burkina Faso,1988,0.553,0.064
7940,Burkina Faso,1989,0.821,0.092
7941,Burkina Faso,1990,0.59,0.064
7942,Burkina Faso,1991,0.638,0.068
7943,Burkina Faso,1992,0.63,0.065
7944,Burkina Faso,1993,0.634,0.064
7945,Burkina Faso,1994,0.66,0.065
7946,Burkina Faso,1995,0.661,0.064
7947,Burkina Faso,1996,0.723,0.068
7948,Burkina Faso,1997,0.76,0.07
7949,Burkina Faso,1998,0.852,0.076
7950,Burkina Faso,1999,1.044,0.09
7951,Burkina Faso,2000,0.934,0.078
7952,Burkina Faso,2001,1.061,0.086
7953,Burkina Faso,2002,1.071,0.084
7954,Burkina Faso,2003,1.188,0.091
7955,Burkina Faso,2004,1.104,0.082
7956,Burkina Faso,2005,1.111,0.08
7957,Burkina Faso,2006,1.214,0.084
7958,Burkina Faso,2007,1.62,0.109
7959,Burkina Faso,2008,1.818,0.119
7960,Burkina Faso,2009,1.836,0.117
7961,Burkina Faso,2010,1.985,0.123
7962,Burkina Faso,2011,2.149,0.129
7963,Burkina Faso,2012,2.615,0.152
7964,Burkina Faso,2013,2.809,0.159
7965,Burkina Faso,2014,2.864,0.157
7966,Burkina Faso,2015,3.744,0.199
7967,Burkina Faso,2016,3.985,0.206
7968,Burkina Faso,2017,4.622,0.232
7969,Burkina Faso,2018,5.226,0.256
7970,Burkina Faso,2019,5.621,0.268
7971,Burkina Faso,2020,5.377,0.25
7972,Burkina Faso,2021,6.289,0.286
7973,Burkina Faso,2022,6.374,0.283
7974,Burkina Faso,2023,6.187,0.269
8075,Burundi,1950,0.009,0.004
8076,Burundi,1951,0.009,0.004
8077,Burundi,1952,0.016,0.007
8078,Burundi,1953,0.015,0.006
8079,Burundi,1954,0.006,0.003
8080,Burundi,1955,0.008,0.003
8081,Burundi,1956,0.009,0.003
8082,Burundi,1957,0.01,0.004
8083,Burundi,1958,0.01,0.004
8084,Burundi,1959,0.039,0.014
8085,Burundi,1960,0.036,0.013
8086,Burundi,1961,0.048,0.017
8087,Burundi,1962,0.044,0.015
8088,Burundi,1963,0.048,0.016
8089,Burundi,1964,0.048,0.016
8090,Burundi,1965,0.037,0.012
8091,Burundi,1966,0.048,0.015
8092,Burundi,1967,0.048,0.014
8093,Burundi,1968,0.055,0.016
8094,Burundi,1969,0.073,0.021
8095,Burundi,1970,0.062,0.018
8096,Burundi,1971,0.073,0.02
8097,Burundi,1972,0.073,0.02
8098,Burundi,1973,0.073,0.02
8099,Burundi,1974,0.092,0.025
8100,Burundi,1975,0.077,0.02
8101,Burundi,1976,0.088,0.023
8102,Burundi,1977,0.099,0.025
8103,Burundi,1978,0.103,0.025
8104,Burundi,1979,0.11,0.026
8105,Burundi,1980,0.147,0.033
8106,Burundi,1981,0.158,0.035
8107,Burundi,1982,0.158,0.034
8108,Burundi,1983,0.205,0.043
8109,Burundi,1984,0.22,0.045
8110,Burundi,1985,0.231,0.046
8111,Burundi,1986,0.234,0.046
8112,Burundi,1987,0.249,0.047
8113,Burundi,1988,0.227,0.042
8114,Burundi,1989,0.267,0.049
8115,Burundi,1990,0.209,0.037
8116,Burundi,1991,0.238,0.042
8117,Burundi,1992,0.216,0.037
8118,Burundi,1993,0.227,0.04
8119,Burundi,1994,0.234,0.041
8120,Burundi,1995,0.238,0.039
8121,Burundi,1996,0.242,0.04
8122,Burundi,1997,0.249,0.041
8123,Burundi,1998,0.249,0.04
8124,Burundi,1999,0.253,0.04
8125,Burundi,2000,0.271,0.042
8126,Burundi,2001,0.205,0.031
8127,Burundi,2002,0.213,0.031
8128,Burundi,2003,0.172,0.024
8129,Burundi,2004,0.202,0.028
8130,Burundi,2005,0.165,0.022
8131,Burundi,2006,0.187,0.024
8132,Burundi,2007,0.187,0.023
8133,Burundi,2008,0.198,0.023
8134,Burundi,2009,0.213,0.024
8135,Burundi,2010,0.33,0.035
8136,Burundi,2011,0.414,0.043
8137,Burundi,2012,0.392,0.039
8138,Burundi,2013,0.44,0.042
8139,Burundi,2014,0.348,0.032
8140,Burundi,2015,0.355,0.032
8141,Burundi,2016,0.429,0.038
8142,Burundi,2017,0.513,0.045
8143,Burundi,2018,0.645,0.054
8144,Burundi,2019,0.689,0.056
8145,Burundi,2020,0.739,0.059
8146,Burundi,2021,0.775,0.06
8147,Burundi,2022,0.707,0.053
8148,Burundi,2023,0.71,0.052
8354,Cambodia,1955,0.103,0.021
8355,Cambodia,1956,0.132,0.026
8356,Cambodia,1957,0.161,0.032
8357,Cambodia,1958,0.198,0.038
8358,Cambodia,1959,0.213,0.04
8359,Cambodia,1960,0.234,0.043
8360,Cambodia,1961,0.286,0.051
8361,Cambodia,1962,0.308,0.054
8362,Cambodia,1963,0.388,0.067
8363,Cambodia,1964,0.337,0.057
8364,Cambodia,1965,0.377,0.062
8365,Cambodia,1966,0.44,0.071
8366,Cambodia,1967,0.388,0.061
8367,Cambodia,1968,0.462,0.071
8368,Cambodia,1969,1.315,0.199
8369,Cambodia,1970,1.154,0.174
8370,Cambodia,1971,0.22,0.033
8371,Cambodia,1972,0.092,0.014
8372,Cambodia,1973,0.088,0.013
8373,Cambodia,1974,0.048,0.007
8374,Cambodia,1975,0.048,0.007
8375,Cambodia,1976,0.048,0.008
8376,Cambodia,1977,0.048,0.008
8377,Cambodia,1978,0.048,0.009
8378,Cambodia,1979,0.029,0.006
8379,Cambodia,1980,0.286,0.055
8380,Cambodia,1981,0.3,0.057
8381,Cambodia,1982,0.337,0.062
8382,Cambodia,1983,0.366,0.065
8383,Cambodia,1984,0.41,0.07
8384,Cambodia,1985,0.418,0.069
8385,Cambodia,1986,0.432,0.069
8386,Cambodia,1987,0.436,0.066
8387,Cambodia,1988,0.451,0.066
8388,Cambodia,1989,0.451,0.064
8389,Cambodia,1990,1.26,0.171
8390,Cambodia,1991,1.304,0.17
8391,Cambodia,1992,1.348,0.166
8392,Cambodia,1993,1.385,0.161
8393,Cambodia,1994,1.425,0.154
8394,Cambodia,1995,1.499,0.15
8395,Cambodia,1996,1.517,0.14
8396,Cambodia,1997,1.466,0.127
8397,Cambodia,1998,1.876,0.156
8398,Cambodia,1999,1.894,0.154
8399,Cambodia,2000,2.001,0.161
8400,Cambodia,2001,2.235,0.177
8401,Cambodia,2002,2.151,0.167
8402,Cambodia,2003,2.253,0.173
8403,Cambodia,2004,2.242,0.169
8404,Cambodia,2005,2.209,0.164
8405,Cambodia,2006,2.847,0.209
8406,Cambodia,2007,3.489,0.252
8407,Cambodia,2008,3.936,0.28
8408,Cambodia,2009,4.579,0.321
8409,Cambodia,2010,5.064,0.349
8410,Cambodia,2011,5.275,0.358
8411,Cambodia,2012,5.576,0.373
8412,Cambodia,2013,5.626,0.371
8413,Cambodia,2014,6.699,0.435
8414,Cambodia,2015,8.189,0.524
8415,Cambodia,2016,10.647,0.672
8416,Cambodia,2017,12.088,0.752
8417,Cambodia,2018,13.934,0.856
8418,Cambodia,2019,18.629,1.13
8419,Cambodia,2020,19.034,1.138
8420,Cambodia,2021,19.248,1.134
8421,Cambodia,2022,19.609,1.14
8422,Cambodia,2023,20.178,1.158
8523,Cameroon,1950,0.139,0.032
8524,Cameroon,1951,0.183,0.042
8525,Cameroon,1952,0.282,0.063
8526,Cameroon,1953,0.202,0.044
8527,Cameroon,1954,0.231,0.05
8528,Cameroon,1955,0.234,0.05
8529,Cameroon,1956,0.238,0.05
8530,Cameroon,1957,0.256,0.053
8531,Cameroon,1958,0.278,0.056
8532,Cameroon,1959,0.278,0.055
8533,Cameroon,1960,0.271,0.053
8534,Cameroon,1961,0.282,0.054
8535,Cameroon,1962,0.289,0.054
8536,Cameroon,1963,0.3,0.055
8537,Cameroon,1964,0.337,0.06
8538,Cameroon,1965,0.311,0.055
8539,Cameroon,1966,0.344,0.059
8540,Cameroon,1967,0.458,0.077
8541,Cameroon,1968,0.506,0.083
8542,Cameroon,1969,0.572,0.091
8543,Cameroon,1970,0.637,0.099
8544,Cameroon,1971,0.809,0.122
8545,Cameroon,1972,0.86,0.126
8546,Cameroon,1973,0.897,0.128
8547,Cameroon,1974,0.974,0.135
8548,Cameroon,1975,1.161,0.157
8549,Cameroon,1976,1.089,0.143
8550,Cameroon,1977,1.559,0.2
8551,Cameroon,1978,1.993,0.249
8552,Cameroon,1979,1.815,0.22
8553,Cameroon,1980,3.886,0.457
8554,Cameroon,1981,5.319,0.603
8555,Cameroon,1982,6.316,0.7
8556,Cameroon,1983,6.554,0.711
8557,Cameroon,1984,6.053,0.639
8558,Cameroon,1985,6.471,0.663
8559,Cameroon,1986,1.993,0.198
8560,Cameroon,1987,1.843,0.178
8561,Cameroon,1988,2.154,0.202
8562,Cameroon,1989,7.578,0.689
8563,Cameroon,1990,2.605,0.23
8564,Cameroon,1991,2.668,0.229
8565,Cameroon,1992,2.712,0.226
8566,Cameroon,1993,2.866,0.232
8567,Cameroon,1994,4.88,0.384
8568,Cameroon,1995,5.375,0.412
8569,Cameroon,1996,5.975,0.445
8570,Cameroon,1997,5.379,0.39
8571,Cameroon,1998,5.373,0.38
8572,Cameroon,1999,5.219,0.359
8573,Cameroon,2000,5.589,0.375
8574,Cameroon,2001,5.562,0.363
8575,Cameroon,2002,5.351,0.34
8576,Cameroon,2003,5.705,0.353
8577,Cameroon,2004,5.698,0.343
8578,Cameroon,2005,5.424,0.318
8579,Cameroon,2006,5.486,0.313
8580,Cameroon,2007,7.409,0.41
8581,Cameroon,2008,7.321,0.394
8582,Cameroon,2009,8.555,0.448
8583,Cameroon,2010,8.383,0.426
8584,Cameroon,2011,8.105,0.401
8585,Cameroon,2012,7.603,0.365
8586,Cameroon,2013,7.85,0.367
8587,Cameroon,2014,8.772,0.398
8588,Cameroon,2015,9.851,0.433
8589,Cameroon,2016,9.965,0.425
8590,Cameroon,2017,9.586,0.397
8591,Cameroon,2018,9.848,0.397
8592,Cameroon,2019,9.606,0.377
8593,Cameroon,2020,9.716,0.371
8594,Cameroon,2021,9.605,0.357
8595,Cameroon,2022,10.046,0.364
8596,Cameroon,2023,9.941,0.35
8602,Canada,1790,0.004,0.004
8612,Canada,1800,0.004,0.007
8613,Canada,1801,0.004,0.007
8614,Canada,1802,0.004,0.007
8615,Canada,1803,0.004,0.007
8616,Canada,1804,0.004,0.007
8617,Canada,1805,0.004,0.006
8618,Canada,1806,0.004,0.006
8619,Canada,1807,0.004,0.006
8620,Canada,1808,0.004,0.006
8621,Canada,1809,0.004,0.006
8622,Canada,1810,0.004,0.006
8623,Canada,1811,0.004,0.006
8624,Canada,1812,0.004,0.005
8625,Canada,1813,0.004,0.005
8626,Canada,1814,0.004,0.005
8627,Canada,1815,0.004,0.005
8628,Canada,1816,0.004,0.005
8629,Canada,1817,0.004,0.005
8630,Canada,1818,0.004,0.005
8631,Canada,1819,0.004,0.005
8632,Canada,1820,0.004,0.004
8633,Canada,1821,0.004,0.004
8634,Canada,1822,0.004,0.004
8635,Canada,1823,0.004,0.004
8636,Canada,1824,0.004,0.004
8637,Canada,1825,0.004,0.004
8638,Canada,1826,0.004,0.004
8639,Canada,1827,0.004,0.003
8640,Canada,1828,0.004,0.003
8641,Canada,1829,0.004,0.003
8642,Canada,1830,0.004,0.003
8643,Canada,1831,0.004,0.003
8644,Canada,1832,0.004,0.003
8645,Canada,1833,0.004,0.003
8646,Canada,1834,0.004,0.003
8647,Canada,1835,0.004,0.003
8648,Canada,1836,0.004,0.003
8649,Canada,1837,0.004,0.002
8650,Canada,1838,0.004,0.002
8651,Canada,1839,0.004,0.002
8652,Canada,1840,0.004,0.002
8653,Canada,1841,0.004,0.002
8654,Canada,1842,0.004,0.002
8655,Canada,1843,0.004,0.002
8656,Canada,1844,0.004,0.002
8657,Canada,1845,0.004,0.002
8658,Canada,1846,0.026,0.012
8659,Canada,1847,0.033,0.015
8660,Canada,1848,0.04,0.017
8661,Canada,1849,0.048,0.02
8662,Canada,1850,0.059,0.024
8663,Canada,1851,0.07,0.027
8664,Canada,1852,0.084,0.032
8665,Canada,1853,0.103,0.038
8666,Canada,1854,0.125,0.044
8667,Canada,1855,0.15,0.052
8668,Canada,1856,0.18,0.06
8669,Canada,1857,0.216,0.07
8670,Canada,1858,0.264,0.083
8671,Canada,1859,0.315,0.097
8672,Canada,1860,0.381,0.115
8673,Canada,1861,0.458,0.135
8674,Canada,1862,0.561,0.163
8675,Canada,1863,0.703,0.203
8676,Canada,1864,0.843,0.24
8677,Canada,1865,1.019,0.287
8678,Canada,1866,1.242,0.346
8679,Canada,1867,1.594,0.439
8680,Canada,1868,0.945,0.258
8681,Canada,1869,0.685,0.184
8682,Canada,1870,1.224,0.325
8683,Canada,1871,1.781,0.467
8684,Canada,1872,1.847,0.478
8685,Canada,1873,1.608,0.41
8686,Canada,1874,1.623,0.408
8687,Canada,1875,1.876,0.465
8688,Canada,1876,1.858,0.454
8689,Canada,1877,2.023,0.487
8690,Canada,1878,1.935,0.459
8691,Canada,1879,2.184,0.511
8692,Canada,1880,5.232,1.209
8693,Canada,1881,5.591,1.276
8694,Canada,1882,6.617,1.492
8695,Canada,1883,7.431,1.657
8696,Canada,1884,8.599,1.897
8697,Canada,1885,8.244,1.798
8698,Canada,1886,8.797,1.898
8699,Canada,1887,10.149,2.165
8700,Canada,1888,13.311,2.808
8701,Canada,1889,11.292,2.357
8702,Canada,1890,12.414,2.563
8703,Canada,1891,13.942,2.849
8704,Canada,1892,13.89,2.809
8705,Canada,1893,14.854,2.974
8706,Canada,1894,14.18,2.811
8707,Canada,1895,13.531,2.655
8708,Canada,1896,14.649,2.846
8709,Canada,1897,14.799,2.847
8710,Canada,1898,15.708,2.991
8711,Canada,1899,19.17,3.601
8712,Canada,1900,20.628,3.81
8713,Canada,1901,23.845,4.315
8714,Canada,1902,25.648,4.531
8715,Canada,1903,27.96,4.807
8716,Canada,1904,33.097,5.538
8717,Canada,1905,35.387,5.762
8718,Canada,1906,37.387,5.925
8719,Canada,1907,46.991,7.247
8720,Canada,1908,47.408,7.115
8721,Canada,1909,45.386,6.639
8722,Canada,1910,51.622,7.371
8723,Canada,1911,60.269,8.413
8724,Canada,1912,67.271,9.193
8725,Canada,1913,79.282,10.622
8726,Canada,1914,68.381,8.982
8727,Canada,1915,61.116,7.87
8728,Canada,1916,76.457,9.652
8729,Canada,1917,85.243,10.55
8730,Canada,1918,89.519,10.857
8731,Canada,1919,76.09,9.049
8732,Canada,1920,84.378,9.844
8733,Canada,1921,80.483,9.217
8734,Canada,1922,69.209,7.784
8735,Canada,1923,92.981,10.275
8736,Canada,1924,77.384,8.403
8737,Canada,1925,75.248,8.028
8738,Canada,1926,84.756,8.885
8739,Canada,1927,91.999,9.477
8740,Canada,1928,93.777,9.491
8741,Canada,1929,99.03,9.862
8742,Canada,1930,94.348,9.258
8743,Canada,1931,75.849,7.343
8744,Canada,1932,70.207,6.715
8745,Canada,1933,69.483,6.574
8746,Canada,1934,79.913,7.479
8747,Canada,1935,78.796,7.295
8748,Canada,1936,86.163,7.891
8749,Canada,1937,93.483,8.47
8750,Canada,1938,85.544,7.667
8751,Canada,1939,95.004,8.41
8752,Canada,1940,108.622,9.484
8753,Canada,1941,120.152,10.332
8754,Canada,1942,131.077,11.084
8755,Canada,1943,138.062,11.465
8756,Canada,1944,140.407,11.45
8757,Canada,1945,130.521,10.453
8758,Canada,1946,138.422,10.886
8759,Canada,1947,143.548,11.087
8760,Canada,1948,158.507,12.022
8761,Canada,1949,145.022,10.783
8762,Canada,1950,154.134,11.216
8763,Canada,1951,162.678,11.551
8764,Canada,1952,159.409,11.007
8765,Canada,1953,160.608,10.781
8766,Canada,1954,162.968,10.638
8767,Canada,1955,169.473,10.775
8768,Canada,1956,189.802,11.745
8769,Canada,1957,182.811,10.985
8770,Canada,1958,182.155,10.65
8771,Canada,1959,184.481,10.532
8772,Canada,1960,192.716,10.767
8773,Canada,1961,194.001,10.623
8774,Canada,1962,206.991,11.12
8775,Canada,1963,210.911,11.121
8776,Canada,1964,237.578,12.296
8777,Canada,1965,251.917,12.797
8778,Canada,1966,259.074,12.919
8779,Canada,1967,281.637,13.8
8780,Canada,1968,303.261,14.626
8781,Canada,1969,307.119,14.599
8782,Canada,1970,341.177,15.913
8783,Canada,1971,352.287,16.089
8784,Canada,1972,380.792,17.129
8785,Canada,1973,381.273,16.936
8786,Canada,1974,389.617,17.07
8787,Canada,1975,396.787,17.141
8788,Canada,1976,398.962,17.009
8789,Canada,1977,407.79,17.184
8790,Canada,1978,415.529,17.329
8791,Canada,1979,441.677,18.223
8792,Canada,1980,442.847,18.05
8793,Canada,1981,429.63,17.292
8794,Canada,1982,414.455,16.486
8795,Canada,1983,408.339,16.068
8796,Canada,1984,425.233,16.565
8797,Canada,1985,421.719,16.265
8798,Canada,1986,404.708,15.44
8799,Canada,1987,430.982,16.238
8800,Canada,1988,455.669,16.922
8801,Canada,1989,462.885,16.915
8802,Canada,1990,458.015,16.482
8803,Canada,1991,449.756,15.973
8804,Canada,1992,463.497,16.263
8805,Canada,1993,464.16,16.1
8806,Canada,1994,478.631,16.421
8807,Canada,1995,491.414,16.681
8808,Canada,1996,507.729,17.057
8809,Canada,1997,522.022,17.367
8810,Canada,1998,529.636,17.462
8811,Canada,1999,543.866,17.774
8812,Canada,2000,566.261,18.33
8813,Canada,2001,558.36,17.888
8814,Canada,2002,563.729,17.876
8815,Canada,2003,580.792,18.243
8816,Canada,2004,579.163,18.024
8817,Canada,2005,572.855,17.659
8818,Canada,2006,568.173,17.344
8819,Canada,2007,591.889,17.886
8820,Canada,2008,575.77,17.213
8821,Canada,2009,542.811,16.047
8822,Canada,2010,554.734,16.222
8823,Canada,2011,563.32,16.302
8824,Canada,2012,564.221,16.156
8825,Canada,2013,568.854,16.118
8826,Canada,2014,566.469,15.897
8827,Canada,2015,565.644,15.729
8828,Canada,2016,558.872,15.373
8829,Canada,2017,569.603,15.475
8830,Canada,2018,579.079,15.527
8831,Canada,2019,582.025,15.404
8832,Canada,2020,526.582,13.795
8833,Canada,2021,540.312,14.051
8834,Canada,2022,550.612,14.183
8835,Canada,2023,549.299,13.977
8936,Cape Verde,1950,0.103,0.555
8937,Cape Verde,1951,0.077,0.411
8938,Cape Verde,1952,0.037,0.193
8939,Cape Verde,1953,0.018,0.096
8940,Cape Verde,1954,0.022,0.114
8941,Cape Verde,1955,0.022,0.112
8942,Cape Verde,1956,0.029,0.148
8943,Cape Verde,1957,0.018,0.091
8944,Cape Verde,1958,0.015,0.072
8945,Cape Verde,1959,0.018,0.089
8946,Cape Verde,1960,0.022,0.105
8947,Cape Verde,1961,0.022,0.102
8948,Cape Verde,1962,0.018,0.082
8949,Cape Verde,1963,0.015,0.064
8950,Cape Verde,1964,0.029,0.123
8951,Cape Verde,1965,0.026,0.105
8952,Cape Verde,1966,0.022,0.087
8953,Cape Verde,1967,0.018,0.07
8954,Cape Verde,1968,0.029,0.108
8955,Cape Verde,1969,0.037,0.131
8956,Cape Verde,1970,0.037,0.127
8957,Cape Verde,1971,0.037,0.125
8958,Cape Verde,1972,0.051,0.172
8959,Cape Verde,1973,0.062,0.208
8960,Cape Verde,1974,0.066,0.218
8961,Cape Verde,1975,0.077,0.252
8962,Cape Verde,1976,0.073,0.237
8963,Cape Verde,1977,0.081,0.258
8964,Cape Verde,1978,0.209,0.66
8965,Cape Verde,1979,0.249,0.78
8966,Cape Verde,1980,0.121,0.374
8967,Cape Verde,1981,0.033,0.101
8968,Cape Verde,1982,0.037,0.11
8969,Cape Verde,1983,0.037,0.109
8970,Cape Verde,1984,0.084,0.246
8971,Cape Verde,1985,0.084,0.243
8972,Cape Verde,1986,0.059,0.166
8973,Cape Verde,1987,0.081,0.226
8974,Cape Verde,1988,0.073,0.202
8975,Cape Verde,1989,0.081,0.219
8976,Cape Verde,1990,0.18,0.478
8977,Cape Verde,1991,0.165,0.429
8978,Cape Verde,1992,0.18,0.456
8979,Cape Verde,1993,0.172,0.428
8980,Cape Verde,1994,0.176,0.429
8981,Cape Verde,1995,0.198,0.473
8982,Cape Verde,1996,0.216,0.508
8983,Cape Verde,1997,0.227,0.525
8984,Cape Verde,1998,0.242,0.55
8985,Cape Verde,1999,0.289,0.648
8986,Cape Verde,2000,0.297,0.655
8987,Cape Verde,2001,0.348,0.756
8988,Cape Verde,2002,0.381,0.816
8989,Cape Verde,2003,0.414,0.875
8990,Cape Verde,2004,0.425,0.887
8991,Cape Verde,2005,0.447,0.921
8992,Cape Verde,2006,0.495,1.008
8993,Cape Verde,2007,0.506,1.019
8994,Cape Verde,2008,0.469,0.935
8995,Cape Verde,2009,0.52,1.028
8996,Cape Verde,2010,0.557,1.092
8997,Cape Verde,2011,0.616,1.204
8998,Cape Verde,2012,0.502,0.98
8999,Cape Verde,2013,0.495,0.966
9000,Cape Verde,2014,0.487,0.951
9001,Cape Verde,2015,0.491,0.958
9002,Cape Verde,2016,0.535,1.044
9003,Cape Verde,2017,0.575,1.122
9004,Cape Verde,2018,0.572,1.113
9005,Cape Verde,2019,0.63,1.226
9006,Cape Verde,2020,0.517,1.004
9007,Cape Verde,2021,0.546,1.057
9008,Cape Verde,2022,0.555,1.068
9009,Cape Verde,2023,0.535,1.024
9110,Central African Republic,1950,0.047,0.033
9111,Central African Republic,1951,0.063,0.043
9112,Central African Republic,1952,0.081,0.055
9113,Central African Republic,1953,0.069,0.045
9114,Central African Republic,1954,0.072,0.047
9115,Central African Republic,1955,0.072,0.046
9116,Central African Republic,1956,0.093,0.059
9117,Central African Republic,1957,0.1,0.062
9118,Central African Republic,1958,0.115,0.07
9119,Central African Republic,1959,0.099,0.059
9120,Central African Republic,1960,0.088,0.052
9121,Central African Republic,1961,0.088,0.051
9122,Central African Republic,1962,0.073,0.041
9123,Central African Republic,1963,0.073,0.041
9124,Central African Republic,1964,0.073,0.04
9125,Central African Republic,1965,0.088,0.047
9126,Central African Republic,1966,0.084,0.044
9127,Central African Republic,1967,0.092,0.047
9128,Central African Republic,1968,0.183,0.091
9129,Central African Republic,1969,0.187,0.091
9130,Central African Republic,1970,0.209,0.1
9131,Central African Republic,1971,0.183,0.086
9132,Central African Republic,1972,0.169,0.077
9133,Central African Republic,1973,0.161,0.072
9134,Central African Republic,1974,0.114,0.05
9135,Central African Republic,1975,0.103,0.044
9136,Central African Republic,1976,0.128,0.055
9137,Central African Republic,1977,0.128,0.054
9138,Central African Republic,1978,0.147,0.061
9139,Central African Republic,1979,0.103,0.042
9140,Central African Republic,1980,0.106,0.043
9141,Central African Republic,1981,0.136,0.055
9142,Central African Republic,1982,0.143,0.057
9143,Central African Republic,1983,0.147,0.058
9144,Central African Republic,1984,0.15,0.058
9145,Central African Republic,1985,0.161,0.062
9146,Central African Republic,1986,0.161,0.061
9147,Central African Republic,1987,0.26,0.097
9148,Central African Republic,1988,0.231,0.085
9149,Central African Republic,1989,0.249,0.089
9150,Central African Republic,1990,0.183,0.064
9151,Central African Republic,1991,0.191,0.064
9152,Central African Republic,1992,0.194,0.063
9153,Central African Republic,1993,0.198,0.063
9154,Central African Republic,1994,0.209,0.064
9155,Central African Republic,1995,0.209,0.062
9156,Central African Republic,1996,0.213,0.062
9157,Central African Republic,1997,0.216,0.061
9158,Central African Republic,1998,0.22,0.061
9159,Central African Republic,1999,0.231,0.062
9160,Central African Republic,2000,0.234,0.061
9161,Central African Republic,2001,0.245,0.063
9162,Central African Republic,2002,0.242,0.06
9163,Central African Republic,2003,0.224,0.054
9164,Central African Republic,2004,0.22,0.052
9165,Central African Republic,2005,0.216,0.05
9166,Central African Republic,2006,0.227,0.052
9167,Central African Republic,2007,0.231,0.052
9168,Central African Republic,2008,0.165,0.036
9169,Central African Republic,2009,0.161,0.036
9170,Central African Republic,2010,0.169,0.038
9171,Central African Republic,2011,0.187,0.041
9172,Central African Republic,2012,0.191,0.041
9173,Central African Republic,2013,0.117,0.025
9174,Central African Republic,2014,0.125,0.027
9175,Central African Republic,2015,0.18,0.039
9176,Central African Republic,2016,0.198,0.042
9177,Central African Republic,2017,0.216,0.045
9178,Central African Republic,2018,0.22,0.045
9179,Central African Republic,2019,0.227,0.046
9180,Central African Republic,2020,0.238,0.047
9181,Central African Republic,2021,0.242,0.047
9182,Central African Republic,2022,0.271,0.053
9183,Central African Republic,2023,0.281,0.055
9458,Chad,1950,0.03,0.012
9459,Chad,1951,0.039,0.015
9460,Chad,1952,0.051,0.02
9461,Chad,1953,0.043,0.016
9462,Chad,1954,0.046,0.017
9463,Chad,1955,0.045,0.016
9464,Chad,1956,0.059,0.021
9465,Chad,1957,0.063,0.022
9466,Chad,1958,0.072,0.025
9467,Chad,1959,0.062,0.021
9468,Chad,1960,0.055,0.018
9469,Chad,1961,0.051,0.016
9470,Chad,1962,0.084,0.027
9471,Chad,1963,0.092,0.028
9472,Chad,1964,0.099,0.03
9473,Chad,1965,0.106,0.031
9474,Chad,1966,0.084,0.024
9475,Chad,1967,0.117,0.033
9476,Chad,1968,0.125,0.035
9477,Chad,1969,0.161,0.044
9478,Chad,1970,0.125,0.033
9479,Chad,1971,0.15,0.039
9480,Chad,1972,0.121,0.031
9481,Chad,1973,0.161,0.04
9482,Chad,1974,0.15,0.037
9483,Chad,1975,0.183,0.044
9484,Chad,1976,0.183,0.043
9485,Chad,1977,0.198,0.046
9486,Chad,1978,0.194,0.044
9487,Chad,1979,0.202,0.045
9488,Chad,1980,0.209,0.046
9489,Chad,1981,0.209,0.046
9490,Chad,1982,0.205,0.043
9491,Chad,1983,0.205,0.041
9492,Chad,1984,0.216,0.043
9493,Chad,1985,0.18,0.035
9494,Chad,1986,0.187,0.036
9495,Chad,1987,0.198,0.036
9496,Chad,1988,0.066,0.012
9497,Chad,1989,0.103,0.018
9498,Chad,1990,0.377,0.063
9499,Chad,1991,0.385,0.062
9500,Chad,1992,0.407,0.063
9501,Chad,1993,0.403,0.061
9502,Chad,1994,0.412,0.061
9503,Chad,1995,0.427,0.06
9504,Chad,1996,0.443,0.06
9505,Chad,1997,0.453,0.059
9506,Chad,1998,0.464,0.058
9507,Chad,1999,0.477,0.058
9508,Chad,2000,0.488,0.057
9509,Chad,2001,0.506,0.057
9510,Chad,2002,0.528,0.058
9511,Chad,2003,0.882,0.093
9512,Chad,2004,0.903,0.091
9513,Chad,2005,0.926,0.09
9514,Chad,2006,0.961,0.09
9515,Chad,2007,1.089,0.098
9516,Chad,2008,0.872,0.076
9517,Chad,2009,1.216,0.102
9518,Chad,2010,1.236,0.1
9519,Chad,2011,1.273,0.1
9520,Chad,2012,1.743,0.132
9521,Chad,2013,2.078,0.152
9522,Chad,2014,2.183,0.154
9523,Chad,2015,2.352,0.161
9524,Chad,2016,2.374,0.157
9525,Chad,2017,2.344,0.15
9526,Chad,2018,2.384,0.148
9527,Chad,2019,2.299,0.138
9528,Chad,2020,2.356,0.137
9529,Chad,2021,2.67,0.15
9530,Chad,2022,3.005,0.163
9531,Chad,2023,3.079,0.159
9532,Chile,1844,0.024,0.019
9533,Chile,1845,0.036,0.028
9534,Chile,1846,0.046,0.035
9535,Chile,1847,0.056,0.042
9536,Chile,1848,0.064,0.047
9537,Chile,1849,0.116,0.084
9538,Chile,1850,0.094,0.067
9539,Chile,1851,0.11,0.077
9540,Chile,1852,0.181,0.124
9541,Chile,1853,0.117,0.078
9542,Chile,1854,0.005,0.004
9543,Chile,1855,0.151,0.098
9544,Chile,1856,0.22,0.14
9545,Chile,1857,0.444,0.278
9546,Chile,1858,0.451,0.278
9547,Chile,1859,0.252,0.152
9548,Chile,1860,0.421,0.251
9549,Chile,1861,0.297,0.173
9550,Chile,1862,0.294,0.169
9551,Chile,1863,0.254,0.143
9552,Chile,1864,0.394,0.219
9553,Chile,1865,0.402,0.219
9554,Chile,1866,0.551,0.296
9555,Chile,1867,0.887,0.468
9556,Chile,1868,0.687,0.356
9557,Chile,1869,0.721,0.368
9558,Chile,1870,0.657,0.33
9559,Chile,1871,0.581,0.287
9560,Chile,1872,1.027,0.498
9561,Chile,1873,1.258,0.6
9562,Chile,1874,1.645,0.772
9563,Chile,1875,1.468,0.678
9564,Chile,1876,1.597,0.726
9565,Chile,1877,1.352,0.604
9566,Chile,1878,1.258,0.553
9567,Chile,1879,1.384,0.599
9568,Chile,1880,1.746,0.743
9569,Chile,1881,1.757,0.736
9570,Chile,1882,1.875,0.773
9571,Chile,1883,1.655,0.672
9572,Chile,1884,1.71,0.684
9573,Chile,1885,1.756,0.692
9574,Chile,1886,1.598,0.62
9575,Chile,1887,1.556,0.595
9576,Chile,1888,2.286,0.86
9577,Chile,1889,2.125,0.788
9578,Chile,1890,2.077,0.758
9579,Chile,1891,2.482,0.894
9580,Chile,1892,2.021,0.717
9581,Chile,1893,2.144,0.751
9582,Chile,1894,3.077,1.062
9583,Chile,1895,2.95,1.005
9584,Chile,1896,3.238,1.087
9585,Chile,1897,2.716,0.9
9586,Chile,1898,3.032,0.991
9587,Chile,1899,3.053,0.984
9588,Chile,1900,3.003,0.955
9589,Chile,1901,3.195,1.003
9590,Chile,1902,2.96,0.917
9591,Chile,1903,3.155,0.965
9592,Chile,1904,2.919,0.882
9593,Chile,1905,3.79,1.131
9594,Chile,1906,3.792,1.117
9595,Chile,1907,5.33,1.551
9596,Chile,1908,4.991,1.434
9597,Chile,1909,5.033,1.428
9598,Chile,1910,5.028,1.408
9599,Chile,1911,5.894,1.63
9600,Chile,1912,6.67,1.822
9601,Chile,1913,6.512,1.756
9602,Chile,1914,5.163,1.375
9603,Chile,1915,3.596,0.945
9604,Chile,1916,4.366,1.133
9605,Chile,1917,4.483,1.149
9606,Chile,1918,4.017,1.018
9607,Chile,1919,3.592,0.899
9608,Chile,1920,2.895,0.716
9609,Chile,1921,3.905,0.953
9610,Chile,1922,2.449,0.59
9611,Chile,1923,2.775,0.66
9612,Chile,1924,3.994,0.936
9613,Chile,1925,3.836,0.887
9614,Chile,1926,3.744,0.854
9615,Chile,1927,3.698,0.832
9616,Chile,1928,3.473,0.771
9617,Chile,1929,3.832,0.839
9618,Chile,1930,3.533,0.762
9619,Chile,1931,2.73,0.58
9620,Chile,1932,2.638,0.551
9621,Chile,1933,3.549,0.728
9622,Chile,1934,4.155,0.839
9623,Chile,1935,4.18,0.829
9624,Chile,1936,4.579,0.893
9625,Chile,1937,4.999,0.959
9626,Chile,1938,5.07,0.956
9627,Chile,1939,4.669,0.865
9628,Chile,1940,5.403,0.984
9629,Chile,1941,5.269,0.942
9630,Chile,1942,5.326,0.935
9631,Chile,1943,5.583,0.962
9632,Chile,1944,5.48,0.927
9633,Chile,1945,5.233,0.869
9634,Chile,1946,5.26,0.857
9635,Chile,1947,5.45,0.872
9636,Chile,1948,5.755,0.904
9637,Chile,1949,5.184,0.798
9638,Chile,1950,9.384,1.416
9639,Chile,1951,9.982,1.477
9640,Chile,1952,10.604,1.539
9641,Chile,1953,10.403,1.479
9642,Chile,1954,11.08,1.543
9643,Chile,1955,11.597,1.582
9644,Chile,1956,11.832,1.58
9645,Chile,1957,11.726,1.532
9646,Chile,1958,12.451,1.593
9647,Chile,1959,12.703,1.591
9648,Chile,1960,13.476,1.653
9649,Chile,1961,14.455,1.736
9650,Chile,1962,16.707,1.966
9651,Chile,1963,17.337,2.0
9652,Chile,1964,17.505,1.98
9653,Chile,1965,17.747,1.969
9654,Chile,1966,18.772,2.045
9655,Chile,1967,19.238,2.058
9656,Chile,1968,21.202,2.228
9657,Chile,1969,22.531,2.328
9658,Chile,1970,24.636,2.502
9659,Chile,1971,27.056,2.703
9660,Chile,1972,28.139,2.766
9661,Chile,1973,27.588,2.668
9662,Chile,1974,25.878,2.463
9663,Chile,1975,22.947,2.15
9664,Chile,1976,24.029,2.217
9665,Chile,1977,23.017,2.091
9666,Chile,1978,22.842,2.044
9667,Chile,1979,24.73,2.181
9668,Chile,1980,25.1,2.181
9669,Chile,1981,24.347,2.085
9670,Chile,1982,20.475,1.728
9671,Chile,1983,20.674,1.719
9672,Chile,1984,22.005,1.803
9673,Chile,1985,21.292,1.718
9674,Chile,1986,22.022,1.749
9675,Chile,1987,22.41,1.752
9676,Chile,1988,26.6,2.046
9677,Chile,1989,32.018,2.423
9678,Chile,1990,32.908,2.449
9679,Chile,1991,30.892,2.261
9680,Chile,1992,32.001,2.305
9681,Chile,1993,34.098,2.418
9682,Chile,1994,37.975,2.653
9683,Chile,1995,41.563,2.861
9684,Chile,1996,48.226,3.273
9685,Chile,1997,55.942,3.746
9686,Chile,1998,57.258,3.785
9687,Chile,1999,61.408,4.009
9688,Chile,2000,58.503,3.773
9689,Chile,2001,52.918,3.374
9690,Chile,2002,54.836,3.458
9691,Chile,2003,55.1,3.438
9692,Chile,2004,59.228,3.659
9693,Chile,2005,61.127,3.739
9694,Chile,2006,64.052,3.88
9695,Chile,2007,70.476,4.227
9696,Chile,2008,70.553,4.19
9697,Chile,2009,65.96,3.878
9698,Chile,2010,71.348,4.153
9699,Chile,2011,78.071,4.499
9700,Chile,2012,79.621,4.545
9701,Chile,2013,81.737,4.621
9702,Chile,2014,77.59,4.343
9703,Chile,2015,81.782,4.531
9704,Chile,2016,84.25,4.612
9705,Chile,2017,84.138,4.534
9706,Chile,2018,84.439,4.469
9707,Chile,2019,91.977,4.791
9708,Chile,2020,80.178,4.139
9709,Chile,2021,83.655,4.3
9710,Chile,2022,82.537,4.221
9711,Chile,2023,77.288,3.931
9769,China,1907,19.894,0.048
9770,China,1908,22.736,0.055
9771,China,1909,24.252,0.058
9772,China,1910,25.009,0.06
9773,China,1911,24.631,0.058
9774,China,1912,17.029,0.04
9775,China,1913,24.252,0.056
9776,China,1914,26.718,0.061
9777,China,1915,25.421,0.058
9778,China,1916,30.131,0.068
9779,China,1917,32.023,0.071
9780,China,1918,34.748,0.076
9781,China,1919,37.997,0.083
9782,China,1920,40.278,0.087
9783,China,1921,38.763,0.083
9784,China,1922,39.972,0.085
9785,China,1923,46.518,0.099
9786,China,1924,48.846,0.103
9787,China,1925,45.955,0.097
9788,China,1926,43.66,0.092
9789,China,1927,45.809,0.096
9790,China,1928,47.591,0.099
9791,China,1929,48.282,0.1
9792,China,1930,49.558,0.103
9793,China,1931,51.905,0.107
9794,China,1932,50.269,0.103
9795,China,1933,54.111,0.11
9796,China,1934,62.383,0.126
9797,China,1935,72.646,0.146
9798,China,1936,75.477,0.151
9799,China,1937,70.969,0.141
9800,China,1938,61.366,0.121
9801,China,1939,74.427,0.146
9802,China,1940,90.791,0.178
9803,China,1941,113.979,0.222
9804,China,1942,127.613,0.247
9805,China,1943,108.995,0.21
9806,China,1944,103.004,0.197
9807,China,1945,55.892,0.106
9808,China,1946,36.107,0.068
9809,China,1947,41.836,0.079
9810,China,1948,38.4,0.072
9811,China,1949,62.081,0.115
9812,China,1950,78.835,0.145
9813,China,1951,102.115,0.184
9814,China,1952,127.999,0.226
9815,China,1953,133.783,0.232
9816,China,1954,160.877,0.273
9817,China,1955,190.521,0.316
9818,China,1956,215.824,0.35
9819,China,1957,255.785,0.406
9820,China,1958,524.617,0.814
9821,China,1959,720.152,1.103
9822,China,1960,798.8,1.22
9823,China,1961,570.63,0.87
9824,China,1962,459.618,0.691
9825,China,1963,456.779,0.667
9826,China,1964,460.637,0.654
9827,China,1965,500.286,0.692
9828,China,1966,549.459,0.74
9829,China,1967,460.226,0.605
9830,China,1968,495.507,0.634
9831,China,1969,607.683,0.758
9832,China,1970,807.953,0.981
9833,China,1971,909.21,1.077
9834,China,1972,968.646,1.122
9835,China,1973,1008.293,1.142
9836,China,1974,1028.1,1.142
9837,China,1975,1183.215,1.292
9838,China,1976,1226.421,1.318
9839,China,1977,1340.831,1.421
9840,China,1978,1492.778,1.561
9841,China,1979,1525.661,1.574
9842,China,1980,1494.496,1.52
9843,China,1981,1476.488,1.48
9844,China,1982,1606.585,1.585
9845,China,1983,1694.217,1.646
9846,China,1984,1844.828,1.767
9847,China,1985,1998.083,1.885
9848,China,1986,2104.213,1.953
9849,China,1987,2257.739,2.06
9850,China,1988,2425.894,2.175
9851,China,1989,2463.654,2.173
9852,China,1990,2484.855,2.154
9853,China,1991,2606.096,2.226
9854,China,1992,2730.788,2.305
9855,China,1993,2921.651,2.44
9856,China,1994,3103.739,2.567
9857,China,1995,3361.637,2.755
9858,China,1996,3508.818,2.851
9859,China,1997,3515.594,2.833
9860,China,1998,3364.587,2.69
9861,China,1999,3557.275,2.823
9862,China,2000,3649.227,2.874
9863,China,2001,3728.51,2.916
9864,China,2002,4103.046,3.188
9865,China,2003,4841.119,3.74
9866,China,2004,5217.351,4.007
9867,China,2005,5882.106,4.49
9868,China,2006,6494.331,4.927
9869,China,2007,6983.547,5.267
9870,China,2008,7501.498,5.624
9871,China,2009,7891.078,5.878
9872,China,2010,8620.576,6.378
9873,China,2011,9532.332,7.008
9874,China,2012,9779.292,7.141
9875,China,2013,9956.329,7.22
9876,China,2014,9990.257,7.198
9877,China,2015,9863.457,7.065
9878,China,2016,9762.714,6.953
9879,China,2017,10006.343,7.085
9880,China,2018,10332.992,7.282
9881,China,2019,10713.984,7.526
9882,China,2020,10905.693,7.647
9883,China,2021,11447.913,8.026
9884,China,2022,11350.538,7.964
9885,China,2023,11902.503,8.367
10065,Colombia,1856,0.01,0.004
10066,Colombia,1857,0.018,0.007
10067,Colombia,1858,0.02,0.008
10068,Colombia,1859,0.005,0.002
10069,Colombia,1860,0.009,0.004
10070,Colombia,1861,0.012,0.005
10071,Colombia,1862,0.028,0.01
10072,Colombia,1863,0.024,0.009
10073,Colombia,1864,0.019,0.008
10074,Colombia,1865,0.01,0.004
10075,Colombia,1866,0.078,0.031
10076,Colombia,1867,0.047,0.019
10077,Colombia,1868,0.072,0.03
10078,Colombia,1869,0.021,0.008
10079,Colombia,1870,0.055,0.022
10080,Colombia,1871,0.119,0.049
10081,Colombia,1872,0.104,0.042
10082,Colombia,1873,0.081,0.032
10083,Colombia,1874,0.077,0.03
10084,Colombia,1875,0.074,0.028
10085,Colombia,1876,0.068,0.026
10086,Colombia,1877,0.068,0.025
10087,Colombia,1878,0.061,0.022
10088,Colombia,1879,0.068,0.024
10089,Colombia,1880,0.073,0.025
10090,Colombia,1881,0.059,0.021
10091,Colombia,1882,0.087,0.029
10092,Colombia,1883,0.109,0.036
10093,Colombia,1884,0.145,0.047
10094,Colombia,1885,0.219,0.071
10095,Colombia,1886,0.269,0.085
10096,Colombia,1887,0.234,0.073
10097,Colombia,1888,0.296,0.09
10098,Colombia,1889,0.117,0.035
10099,Colombia,1890,0.108,0.032
10100,Colombia,1891,0.09,0.026
10101,Colombia,1892,0.082,0.023
10102,Colombia,1893,0.096,0.027
10103,Colombia,1894,0.077,0.021
10104,Colombia,1895,0.1,0.027
10105,Colombia,1896,0.098,0.026
10106,Colombia,1897,0.082,0.021
10107,Colombia,1898,0.08,0.02
10108,Colombia,1899,0.074,0.019
10109,Colombia,1900,0.092,0.023
10110,Colombia,1901,0.139,0.034
10111,Colombia,1902,0.135,0.032
10112,Colombia,1903,0.094,0.022
10113,Colombia,1904,0.055,0.013
10114,Colombia,1905,0.023,0.005
10115,Colombia,1906,0.025,0.005
10116,Colombia,1907,0.025,0.005
10117,Colombia,1908,0.015,0.003
10118,Colombia,1909,0.022,0.005
10119,Colombia,1910,0.014,0.003
10120,Colombia,1911,0.02,0.004
10121,Colombia,1912,0.021,0.004
10122,Colombia,1913,0.045,0.008
10123,Colombia,1914,0.053,0.01
10124,Colombia,1915,0.042,0.007
10125,Colombia,1916,0.053,0.009
10126,Colombia,1917,0.073,0.012
10127,Colombia,1918,0.065,0.011
10128,Colombia,1919,0.123,0.02
10129,Colombia,1920,0.106,0.017
10130,Colombia,1921,0.161,0.025
10131,Colombia,1922,0.295,0.045
10132,Colombia,1923,0.314,0.047
10133,Colombia,1924,0.341,0.049
10134,Colombia,1925,0.626,0.088
10135,Colombia,1926,1.104,0.152
10136,Colombia,1927,1.029,0.138
10137,Colombia,1928,1.324,0.174
10138,Colombia,1929,1.306,0.168
10139,Colombia,1930,0.733,0.092
10140,Colombia,1931,0.758,0.094
10141,Colombia,1932,0.611,0.074
10142,Colombia,1933,0.954,0.114
10143,Colombia,1934,0.808,0.095
10144,Colombia,1935,2.502,0.291
10145,Colombia,1936,2.89,0.331
10146,Colombia,1937,2.871,0.324
10147,Colombia,1938,3.082,0.343
10148,Colombia,1939,4.81,0.526
10149,Colombia,1940,4.3,0.462
10150,Colombia,1941,3.953,0.416
10151,Colombia,1942,4.272,0.44
10152,Colombia,1943,3.938,0.396
10153,Colombia,1944,4.913,0.483
10154,Colombia,1945,4.764,0.457
10155,Colombia,1946,5.776,0.542
10156,Colombia,1947,5.865,0.537
10157,Colombia,1948,5.18,0.464
10158,Colombia,1949,5.867,0.512
10159,Colombia,1950,7.262,0.617
10160,Colombia,1951,8.164,0.676
10161,Colombia,1952,8.633,0.696
10162,Colombia,1953,10.761,0.844
10163,Colombia,1954,9.621,0.734
10164,Colombia,1955,11.944,0.887
10165,Colombia,1956,12.599,0.909
10166,Colombia,1957,13.651,0.957
10167,Colombia,1958,13.977,0.951
10168,Colombia,1959,16.087,1.063
10169,Colombia,1960,16.39,1.05
10170,Colombia,1961,18.196,1.131
10171,Colombia,1962,19.419,1.17
10172,Colombia,1963,21.233,1.241
10173,Colombia,1964,21.683,1.229
10174,Colombia,1965,22.859,1.258
10175,Colombia,1966,23.474,1.255
10176,Colombia,1967,24.687,1.283
10177,Colombia,1968,26.573,1.344
10178,Colombia,1969,28.016,1.381
10179,Colombia,1970,28.37,1.363
10180,Colombia,1971,30.281,1.42
10181,Colombia,1972,31.425,1.44
10182,Colombia,1973,33.631,1.506
10183,Colombia,1974,36.394,1.594
10184,Colombia,1975,35.809,1.534
10185,Colombia,1976,37.98,1.592
10186,Colombia,1977,39.241,1.609
10187,Colombia,1978,41.534,1.665
10188,Colombia,1979,44.267,1.735
10189,Colombia,1980,44.174,1.692
10190,Colombia,1981,44.26,1.657
10191,Colombia,1982,45.679,1.671
10192,Colombia,1983,49.21,1.758
10193,Colombia,1984,48.702,1.7
10194,Colombia,1985,48.079,1.643
10195,Colombia,1986,48.754,1.632
10196,Colombia,1987,50.124,1.643
10197,Colombia,1988,52.135,1.675
10198,Colombia,1989,53.082,1.67
10199,Colombia,1990,56.898,1.754
10200,Colombia,1991,56.654,1.712
10201,Colombia,1992,61.495,1.821
10202,Colombia,1993,63.338,1.839
10203,Colombia,1994,67.037,1.908
10204,Colombia,1995,59.421,1.66
10205,Colombia,1996,59.913,1.643
10206,Colombia,1997,65.256,1.758
10207,Colombia,1998,65.799,1.741
10208,Colombia,1999,55.476,1.443
10209,Colombia,2000,56.591,1.448
10210,Colombia,2001,56.848,1.432
10211,Colombia,2002,55.901,1.386
10212,Colombia,2003,57.378,1.402
10213,Colombia,2004,54.647,1.315
10214,Colombia,2005,60.162,1.428
10215,Colombia,2006,62.304,1.459
10216,Colombia,2007,60.491,1.399
10217,Colombia,2008,66.964,1.53
10218,Colombia,2009,72.461,1.637
10219,Colombia,2010,76.266,1.703
10220,Colombia,2011,76.224,1.684
10221,Colombia,2012,80.255,1.756
10222,Colombia,2013,88.105,1.909
10223,Colombia,2014,94.078,2.02
10224,Colombia,2015,98.064,2.088
10225,Colombia,2016,94.208,1.986
10226,Colombia,2017,86.61,1.799
10227,Colombia,2018,86.731,1.769
10228,Colombia,2019,94.498,1.893
10229,Colombia,2020,89.732,1.772
10230,Colombia,2021,94.323,1.843
10231,Colombia,2022,98.293,1.9
10232,Colombia,2023,105.239,2.011
10342,Comoros,1959,0.011,0.057
10343,Comoros,1960,0.011,0.056
10344,Comoros,1961,0.011,0.055
10345,Comoros,1962,0.011,0.054
10346,Comoros,1963,0.011,0.053
10347,Comoros,1964,0.011,0.052
10348,Comoros,1965,0.015,0.068
10349,Comoros,1966,0.018,0.084
10350,Comoros,1967,0.018,0.082
10351,Comoros,1968,0.018,0.08
10352,Comoros,1969,0.018,0.077
10353,Comoros,1970,0.029,0.12
10354,Comoros,1971,0.029,0.116
10355,Comoros,1972,0.029,0.113
10356,Comoros,1973,0.029,0.109
10357,Comoros,1974,0.029,0.105
10358,Comoros,1975,0.033,0.115
10359,Comoros,1976,0.04,0.135
10360,Comoros,1977,0.04,0.131
10361,Comoros,1978,0.029,0.092
10362,Comoros,1979,0.022,0.067
10363,Comoros,1980,0.048,0.141
10364,Comoros,1981,0.048,0.137
10365,Comoros,1982,0.048,0.133
10366,Comoros,1983,0.048,0.13
10367,Comoros,1984,0.048,0.126
10368,Comoros,1985,0.048,0.123
10369,Comoros,1986,0.044,0.11
10370,Comoros,1987,0.048,0.116
10371,Comoros,1988,0.051,0.122
10372,Comoros,1989,0.051,0.118
10373,Comoros,1990,0.066,0.148
10374,Comoros,1991,0.066,0.145
10375,Comoros,1992,0.07,0.15
10376,Comoros,1993,0.073,0.155
10377,Comoros,1994,0.073,0.152
10378,Comoros,1995,0.077,0.157
10379,Comoros,1996,0.081,0.162
10380,Comoros,1997,0.084,0.166
10381,Comoros,1998,0.092,0.177
10382,Comoros,1999,0.095,0.181
10383,Comoros,2000,0.103,0.191
10384,Comoros,2001,0.106,0.194
10385,Comoros,2002,0.106,0.19
10386,Comoros,2003,0.136,0.238
10387,Comoros,2004,0.147,0.252
10388,Comoros,2005,0.143,0.241
10389,Comoros,2006,0.165,0.273
10390,Comoros,2007,0.106,0.172
10391,Comoros,2008,0.11,0.175
10392,Comoros,2009,0.136,0.211
10393,Comoros,2010,0.161,0.246
10394,Comoros,2011,0.143,0.214
10395,Comoros,2012,0.154,0.226
10396,Comoros,2013,0.183,0.263
10397,Comoros,2014,0.161,0.227
10398,Comoros,2015,0.18,0.247
10399,Comoros,2016,0.209,0.282
10400,Comoros,2017,0.26,0.344
10401,Comoros,2018,0.286,0.37
10402,Comoros,2019,0.311,0.396
10403,Comoros,2020,0.374,0.466
10404,Comoros,2021,0.498,0.609
10405,Comoros,2022,0.451,0.541
10406,Comoros,2023,0.449,0.528
10507,Congo,1950,0.089,0.106
10508,Congo,1951,0.118,0.139
10509,Congo,1952,0.154,0.176
10510,Congo,1953,0.13,0.145
10511,Congo,1954,0.137,0.15
10512,Congo,1955,0.135,0.145
10513,Congo,1956,0.176,0.184
10514,Congo,1957,0.189,0.193
10515,Congo,1958,0.216,0.215
10516,Congo,1959,0.187,0.181
10517,Congo,1960,0.224,0.212
10518,Congo,1961,0.267,0.247
10519,Congo,1962,0.238,0.214
10520,Congo,1963,0.234,0.205
10521,Congo,1964,0.267,0.228
10522,Congo,1965,0.245,0.203
10523,Congo,1966,0.308,0.248
10524,Congo,1967,0.322,0.252
10525,Congo,1968,0.451,0.342
10526,Congo,1969,0.502,0.37
10527,Congo,1970,0.572,0.409
10528,Congo,1971,0.685,0.475
10529,Congo,1972,0.663,0.446
10530,Congo,1973,1.22,0.796
10531,Congo,1974,1.623,1.026
10532,Congo,1975,1.099,0.676
10533,Congo,1976,1.235,0.741
10534,Congo,1977,0.48,0.281
10535,Congo,1978,0.322,0.184
10536,Congo,1979,0.348,0.195
10537,Congo,1980,0.406,0.222
10538,Congo,1981,0.471,0.252
10539,Congo,1982,1.343,0.703
10540,Congo,1983,1.142,0.586
10541,Congo,1984,1.14,0.57
10542,Congo,1985,1.275,0.619
10543,Congo,1986,1.062,0.501
10544,Congo,1987,1.32,0.605
10545,Congo,1988,1.493,0.664
10546,Congo,1989,1.496,0.646
10547,Congo,1990,1.008,0.423
10548,Congo,1991,1.083,0.442
10549,Congo,1992,1.289,0.512
10550,Congo,1993,1.16,0.447
10551,Congo,1994,3.384,1.266
10552,Congo,1995,3.225,1.173
10553,Congo,1996,4.037,1.428
10554,Congo,1997,4.831,1.673
10555,Congo,1998,3.869,1.311
10556,Congo,1999,3.916,1.291
10557,Congo,2000,4.284,1.359
10558,Congo,2001,4.178,1.277
10559,Congo,2002,2.72,0.812
10560,Congo,2003,3.258,0.946
10561,Congo,2004,3.549,0.995
10562,Congo,2005,4.352,1.177
10563,Congo,2006,4.786,1.247
10564,Congo,2007,4.259,1.07
10565,Congo,2008,4.27,1.038
10566,Congo,2009,4.944,1.155
10567,Congo,2010,5.5,1.233
10568,Congo,2011,5.046,1.095
10569,Congo,2012,5.018,1.059
10570,Congo,2013,5.89,1.213
10571,Congo,2014,5.471,1.1
10572,Congo,2015,5.637,1.106
10573,Congo,2016,5.729,1.097
10574,Congo,2017,5.653,1.056
10575,Congo,2018,6.547,1.194
10576,Congo,2019,7.294,1.299
10577,Congo,2020,7.677,1.335
10578,Congo,2021,7.415,1.258
10579,Congo,2022,8.111,1.344
10580,Congo,2023,7.674,1.241
10700,Cook Islands,1969,0.011,0.547
10701,Cook Islands,1970,0.011,0.536
10702,Cook Islands,1971,0.011,0.526
10703,Cook Islands,1972,0.011,0.529
10704,Cook Islands,1973,0.011,0.544
10705,Cook Islands,1974,0.011,0.561
10706,Cook Islands,1975,0.015,0.775
10707,Cook Islands,1976,0.015,0.802
10708,Cook Islands,1977,0.029,1.635
10709,Cook Islands,1978,0.029,1.64
10710,Cook Islands,1979,0.026,1.441
10711,Cook Islands,1980,0.029,1.654
10712,Cook Islands,1981,0.066,3.742
10713,Cook Islands,1982,0.051,2.932
10714,Cook Islands,1983,0.051,2.964
10715,Cook Islands,1984,0.022,1.287
10716,Cook Islands,1985,0.022,1.304
10717,Cook Islands,1986,0.022,1.322
10718,Cook Islands,1987,0.022,1.324
10719,Cook Islands,1988,0.022,1.311
10720,Cook Islands,1989,0.022,1.296
10721,Cook Islands,1990,0.044,2.564
10722,Cook Islands,1991,0.044,2.537
10723,Cook Islands,1992,0.044,2.513
10724,Cook Islands,1993,0.048,2.704
10725,Cook Islands,1994,0.048,2.69
10726,Cook Islands,1995,0.048,2.676
10727,Cook Islands,1996,0.051,2.869
10728,Cook Islands,1997,0.051,2.907
10729,Cook Islands,1998,0.048,2.785
10730,Cook Islands,1999,0.051,3.108
10731,Cook Islands,2000,0.051,3.231
10732,Cook Islands,2001,0.051,3.362
10733,Cook Islands,2002,0.044,2.932
10734,Cook Islands,2003,0.051,3.409
10735,Cook Islands,2004,0.055,3.639
10736,Cook Islands,2005,0.062,4.111
10737,Cook Islands,2006,0.066,4.33
10738,Cook Islands,2007,0.066,4.25
10739,Cook Islands,2008,0.066,4.121
10740,Cook Islands,2009,0.066,3.998
10741,Cook Islands,2010,0.073,4.311
10742,Cook Islands,2011,0.081,4.612
10743,Cook Islands,2012,0.084,4.764
10744,Cook Islands,2013,0.084,4.781
10745,Cook Islands,2014,0.081,4.592
10746,Cook Islands,2015,0.077,4.405
10747,Cook Islands,2016,0.07,4.011
10748,Cook Islands,2017,0.077,4.509
10749,Cook Islands,2018,0.077,4.629
10750,Cook Islands,2019,0.077,4.764
10751,Cook Islands,2020,0.066,4.211
10752,Cook Islands,2021,0.07,4.579
10753,Cook Islands,2022,0.071,4.834
10754,Cook Islands,2023,0.073,5.114
10775,Costa Rica,1870,0.0,0.0
10776,Costa Rica,1871,0.0,0.0
10777,Costa Rica,1872,0.0,0.0
10778,Costa Rica,1873,0.0,0.0
10779,Costa Rica,1874,0.0,0.0
10780,Costa Rica,1875,0.0,0.0
10781,Costa Rica,1876,0.0,0.0
10782,Costa Rica,1877,0.0,0.001
10783,Costa Rica,1878,0.001,0.003
10784,Costa Rica,1879,0.001,0.005
10785,Costa Rica,1880,0.001,0.003
10786,Costa Rica,1881,0.0,0.0
10787,Costa Rica,1882,0.0,0.0
10788,Costa Rica,1883,0.001,0.003
10789,Costa Rica,1884,0.002,0.008
10790,Costa Rica,1885,0.001,0.005
10791,Costa Rica,1886,0.003,0.011
10792,Costa Rica,1887,0.002,0.007
10793,Costa Rica,1888,0.001,0.003
10794,Costa Rica,1889,0.006,0.022
10795,Costa Rica,1890,0.016,0.064
10796,Costa Rica,1891,0.012,0.047
10797,Costa Rica,1892,0.036,0.133
10798,Costa Rica,1893,0.028,0.103
10799,Costa Rica,1894,0.03,0.106
10800,Costa Rica,1895,0.023,0.082
10801,Costa Rica,1896,0.027,0.091
10802,Costa Rica,1897,0.023,0.079
10803,Costa Rica,1898,0.033,0.108
10804,Costa Rica,1899,0.03,0.095
10805,Costa Rica,1900,0.03,0.096
10806,Costa Rica,1901,0.032,0.098
10807,Costa Rica,1902,0.022,0.067
10808,Costa Rica,1903,0.038,0.113
10809,Costa Rica,1904,0.035,0.101
10810,Costa Rica,1905,0.024,0.069
10811,Costa Rica,1906,0.077,0.213
10812,Costa Rica,1907,0.062,0.169
10813,Costa Rica,1908,0.09,0.239
10814,Costa Rica,1909,0.052,0.135
10815,Costa Rica,1910,0.098,0.251
10816,Costa Rica,1911,0.111,0.278
10817,Costa Rica,1912,0.112,0.277
10818,Costa Rica,1913,0.112,0.273
10819,Costa Rica,1914,0.099,0.236
10820,Costa Rica,1915,0.072,0.168
10821,Costa Rica,1916,0.058,0.134
10822,Costa Rica,1917,0.027,0.06
10823,Costa Rica,1918,0.004,0.009
10824,Costa Rica,1919,0.031,0.068
10825,Costa Rica,1920,0.036,0.078
10826,Costa Rica,1921,0.009,0.018
10827,Costa Rica,1922,0.006,0.012
10828,Costa Rica,1923,0.008,0.017
10829,Costa Rica,1924,0.009,0.018
10830,Costa Rica,1925,0.003,0.006
10831,Costa Rica,1926,0.002,0.003
10832,Costa Rica,1927,0.002,0.003
10833,Costa Rica,1928,0.02,0.039
10834,Costa Rica,1929,0.02,0.038
10835,Costa Rica,1930,0.011,0.021
10836,Costa Rica,1931,0.006,0.01
10837,Costa Rica,1932,0.007,0.012
10838,Costa Rica,1933,0.0,0.001
10839,Costa Rica,1934,0.0,0.001
10840,Costa Rica,1935,0.008,0.013
10841,Costa Rica,1936,0.001,0.001
10842,Costa Rica,1937,0.008,0.013
10843,Costa Rica,1938,0.001,0.001
10844,Costa Rica,1939,0.0,0.001
10845,Costa Rica,1940,0.004,0.006
10846,Costa Rica,1941,0.0,0.001
10847,Costa Rica,1942,0.001,0.001
10848,Costa Rica,1943,0.001,0.001
10849,Costa Rica,1944,0.006,0.008
10850,Costa Rica,1945,0.0,0.0
10851,Costa Rica,1946,0.0,0.0
10852,Costa Rica,1947,0.0,0.0
10853,Costa Rica,1948,0.008,0.009
10854,Costa Rica,1949,0.0,0.0
10855,Costa Rica,1950,0.286,0.309
10856,Costa Rica,1951,0.312,0.326
10857,Costa Rica,1952,0.388,0.392
10858,Costa Rica,1953,0.432,0.421
10859,Costa Rica,1954,0.407,0.382
10860,Costa Rica,1955,0.348,0.316
10861,Costa Rica,1956,0.484,0.423
10862,Costa Rica,1957,0.462,0.389
10863,Costa Rica,1958,0.447,0.363
10864,Costa Rica,1959,0.385,0.301
10865,Costa Rica,1960,0.491,0.37
10866,Costa Rica,1961,0.491,0.356
10867,Costa Rica,1962,0.55,0.384
10868,Costa Rica,1963,0.601,0.406
10869,Costa Rica,1964,0.674,0.439
10870,Costa Rica,1965,0.846,0.533
10871,Costa Rica,1966,0.992,0.606
10872,Costa Rica,1967,0.875,0.518
10873,Costa Rica,1968,1.036,0.596
10874,Costa Rica,1969,1.146,0.641
10875,Costa Rica,1970,1.249,0.679
10876,Costa Rica,1971,1.527,0.809
10877,Costa Rica,1972,1.761,0.909
10878,Costa Rica,1973,2.043,1.028
10879,Costa Rica,1974,1.904,0.934
10880,Costa Rica,1975,2.036,0.973
10881,Costa Rica,1976,2.082,0.969
10882,Costa Rica,1977,2.607,1.182
10883,Costa Rica,1978,2.912,1.286
10884,Costa Rica,1979,2.781,1.195
10885,Costa Rica,1980,2.448,1.024
10886,Costa Rica,1981,2.236,0.91
10887,Costa Rica,1982,2.071,0.82
10888,Costa Rica,1983,2.089,0.805
10889,Costa Rica,1984,1.981,0.743
10890,Costa Rica,1985,2.242,0.818
10891,Costa Rica,1986,2.578,0.915
10892,Costa Rica,1987,2.724,0.942
10893,Costa Rica,1988,2.906,0.979
10894,Costa Rica,1989,2.933,0.964
10895,Costa Rica,1990,2.913,0.933
10896,Costa Rica,1991,3.288,1.027
10897,Costa Rica,1992,3.742,1.139
10898,Costa Rica,1993,3.891,1.155
10899,Costa Rica,1994,5.2,1.507
10900,Costa Rica,1995,4.801,1.358
10901,Costa Rica,1996,4.686,1.295
10902,Costa Rica,1997,4.916,1.328
10903,Costa Rica,1998,5.234,1.384
10904,Costa Rica,1999,5.438,1.408
10905,Costa Rica,2000,5.394,1.37
10906,Costa Rica,2001,5.667,1.413
10907,Costa Rica,2002,6.245,1.532
10908,Costa Rica,2003,6.583,1.59
10909,Costa Rica,2004,6.842,1.629
10910,Costa Rica,2005,6.723,1.578
10911,Costa Rica,2006,7.007,1.621
10912,Costa Rica,2007,7.961,1.817
10913,Costa Rica,2008,7.99,1.8
10914,Costa Rica,2009,7.748,1.722
10915,Costa Rica,2010,7.493,1.645
10916,Costa Rica,2011,7.311,1.586
10917,Costa Rica,2012,7.26,1.557
10918,Costa Rica,2013,7.632,1.618
10919,Costa Rica,2014,7.748,1.625
10920,Costa Rica,2015,7.406,1.537
10921,Costa Rica,2016,7.856,1.614
10922,Costa Rica,2017,8.029,1.634
10923,Costa Rica,2018,8.012,1.616
10924,Costa Rica,2019,7.698,1.54
10925,Costa Rica,2020,6.771,1.345
10926,Costa Rica,2021,7.647,1.511
10927,Costa Rica,2022,7.847,1.544
10928,Costa Rica,2023,8.279,1.622
11129,Cote d'Ivoire,1950,0.551,0.202
11130,Cote d'Ivoire,1951,0.461,0.164
11131,Cote d'Ivoire,1952,0.515,0.179
11132,Cote d'Ivoire,1953,0.428,0.144
11133,Cote d'Ivoire,1954,0.505,0.165
11134,Cote d'Ivoire,1955,0.503,0.16
11135,Cote d'Ivoire,1956,0.582,0.18
11136,Cote d'Ivoire,1957,0.596,0.179
11137,Cote d'Ivoire,1958,0.498,0.145
11138,Cote d'Ivoire,1959,0.546,0.154
11139,Cote d'Ivoire,1960,0.462,0.126
11140,Cote d'Ivoire,1961,0.553,0.145
11141,Cote d'Ivoire,1962,0.586,0.148
11142,Cote d'Ivoire,1963,0.623,0.151
11143,Cote d'Ivoire,1964,0.762,0.178
11144,Cote d'Ivoire,1965,1.172,0.264
11145,Cote d'Ivoire,1966,1.238,0.268
11146,Cote d'Ivoire,1967,1.359,0.283
11147,Cote d'Ivoire,1968,1.598,0.32
11148,Cote d'Ivoire,1969,1.891,0.364
11149,Cote d'Ivoire,1970,2.242,0.414
11150,Cote d'Ivoire,1971,2.455,0.434
11151,Cote d'Ivoire,1972,2.711,0.459
11152,Cote d'Ivoire,1973,2.876,0.465
11153,Cote d'Ivoire,1974,3.243,0.501
11154,Cote d'Ivoire,1975,3.986,0.588
11155,Cote d'Ivoire,1976,3.961,0.561
11156,Cote d'Ivoire,1977,4.052,0.553
11157,Cote d'Ivoire,1978,4.814,0.633
11158,Cote d'Ivoire,1979,5.419,0.686
11159,Cote d'Ivoire,1980,5.569,0.677
11160,Cote d'Ivoire,1981,3.866,0.452
11161,Cote d'Ivoire,1982,5.555,0.624
11162,Cote d'Ivoire,1983,4.518,0.487
11163,Cote d'Ivoire,1984,5.133,0.532
11164,Cote d'Ivoire,1985,6.984,0.696
11165,Cote d'Ivoire,1986,5.577,0.534
11166,Cote d'Ivoire,1987,7.35,0.677
11167,Cote d'Ivoire,1988,8.805,0.781
11168,Cote d'Ivoire,1989,8.266,0.705
11169,Cote d'Ivoire,1990,4.782,0.392
11170,Cote d'Ivoire,1991,4.309,0.34
11171,Cote d'Ivoire,1992,3.844,0.291
11172,Cote d'Ivoire,1993,5.093,0.371
11173,Cote d'Ivoire,1994,4.133,0.289
11174,Cote d'Ivoire,1995,6.225,0.419
11175,Cote d'Ivoire,1996,7.526,0.487
11176,Cote d'Ivoire,1997,7.211,0.449
11177,Cote d'Ivoire,1998,6.755,0.405
11178,Cote d'Ivoire,1999,6.092,0.354
11179,Cote d'Ivoire,2000,6.634,0.375
11180,Cote d'Ivoire,2001,7.65,0.421
11181,Cote d'Ivoire,2002,7.45,0.399
11182,Cote d'Ivoire,2003,5.301,0.277
11183,Cote d'Ivoire,2004,7.386,0.377
11184,Cote d'Ivoire,2005,7.564,0.377
11185,Cote d'Ivoire,2006,6.887,0.335
11186,Cote d'Ivoire,2007,6.653,0.316
11187,Cote d'Ivoire,2008,6.713,0.312
11188,Cote d'Ivoire,2009,5.66,0.257
11189,Cote d'Ivoire,2010,6.225,0.277
11190,Cote d'Ivoire,2011,6.523,0.284
11191,Cote d'Ivoire,2012,8.54,0.364
11192,Cote d'Ivoire,2013,9.68,0.404
11193,Cote d'Ivoire,2014,9.903,0.404
11194,Cote d'Ivoire,2015,9.555,0.378
11195,Cote d'Ivoire,2016,11.983,0.461
11196,Cote d'Ivoire,2017,12.002,0.449
11197,Cote d'Ivoire,2018,10.415,0.379
11198,Cote d'Ivoire,2019,10.535,0.374
11199,Cote d'Ivoire,2020,11.016,0.381
11200,Cote d'Ivoire,2021,13.669,0.461
11201,Cote d'Ivoire,2022,13.644,0.449
11202,Cote d'Ivoire,2023,13.196,0.423
11238,Croatia,1885,0.005,0.002
11243,Croatia,1890,0.015,0.006
11244,Croatia,1891,0.017,0.007
11245,Croatia,1892,0.019,0.008
11246,Croatia,1893,0.034,0.014
11247,Croatia,1894,0.065,0.027
11248,Croatia,1895,0.065,0.027
11249,Croatia,1896,0.072,0.03
11250,Croatia,1897,0.056,0.023
11251,Croatia,1898,0.085,0.035
11252,Croatia,1899,0.099,0.04
11253,Croatia,1900,0.134,0.054
11254,Croatia,1901,0.147,0.058
11255,Croatia,1902,0.137,0.054
11256,Croatia,1903,0.149,0.058
11257,Croatia,1904,0.159,0.062
11258,Croatia,1905,0.172,0.066
11259,Croatia,1906,0.206,0.078
11260,Croatia,1907,0.21,0.079
11261,Croatia,1908,0.226,0.084
11262,Croatia,1909,0.232,0.086
11263,Croatia,1910,0.23,0.084
11264,Croatia,1911,0.249,0.09
11265,Croatia,1912,0.255,0.092
11266,Croatia,1913,0.7,0.25
11272,Croatia,1919,0.502,0.17
11273,Croatia,1920,0.666,0.224
11274,Croatia,1921,0.71,0.236
11275,Croatia,1922,1.031,0.34
11276,Croatia,1923,1.125,0.368
11277,Croatia,1924,1.153,0.374
11278,Croatia,1925,1.266,0.407
11279,Croatia,1926,1.232,0.393
11280,Croatia,1927,1.393,0.44
11281,Croatia,1928,1.56,0.488
11282,Croatia,1929,1.725,0.535
11283,Croatia,1930,1.623,0.499
11284,Croatia,1931,1.477,0.45
11285,Croatia,1932,1.35,0.408
11286,Croatia,1933,1.249,0.374
11287,Croatia,1934,1.299,0.386
11288,Croatia,1935,1.358,0.4
11289,Croatia,1936,1.343,0.392
11290,Croatia,1937,1.497,0.433
11291,Croatia,1938,1.414,0.405
11292,Croatia,1939,1.485,0.422
11293,Croatia,1940,1.732,0.488
11296,Croatia,1943,0.061,0.017
11297,Croatia,1944,0.015,0.004
11298,Croatia,1945,0.87,0.235
11299,Croatia,1946,1.709,0.457
11300,Croatia,1947,2.37,0.628
11301,Croatia,1948,2.675,0.703
11302,Croatia,1949,3.058,0.797
11303,Croatia,1950,2.946,0.762
11304,Croatia,1951,2.789,0.713
11305,Croatia,1952,2.795,0.706
11306,Croatia,1953,2.78,0.694
11307,Croatia,1954,3.318,0.82
11308,Croatia,1955,3.799,0.931
11309,Croatia,1956,4.348,1.058
11310,Croatia,1957,4.717,1.14
11311,Croatia,1958,4.65,1.118
11312,Croatia,1959,5.332,1.275
11313,Croatia,1960,5.826,1.387
11314,Croatia,1961,6.11,1.447
11315,Croatia,1962,6.269,1.473
11316,Croatia,1963,6.975,1.627
11317,Croatia,1964,7.908,1.831
11318,Croatia,1965,8.144,1.873
11319,Croatia,1966,8.072,1.845
11320,Croatia,1967,8.161,1.855
11321,Croatia,1968,8.729,1.973
11322,Croatia,1969,9.053,2.037
11323,Croatia,1970,11.841,2.653
11324,Croatia,1971,12.754,2.847
11325,Croatia,1972,11.937,2.654
11326,Croatia,1973,14.278,3.162
11327,Croatia,1974,14.334,3.161
11328,Croatia,1975,14.949,3.284
11329,Croatia,1976,15.425,3.374
11330,Croatia,1977,14.993,3.266
11331,Croatia,1978,16.761,3.637
11332,Croatia,1979,18.236,3.941
11333,Croatia,1980,17.924,3.86
11334,Croatia,1981,19.479,4.176
11335,Croatia,1982,17.89,3.815
11336,Croatia,1983,19.266,4.088
11337,Croatia,1984,20.32,4.292
11338,Croatia,1985,20.73,4.36
11339,Croatia,1986,21.656,4.537
11340,Croatia,1987,21.138,4.413
11341,Croatia,1988,21.82,4.54
11342,Croatia,1989,21.751,4.512
11343,Croatia,1990,22.874,4.731
11344,Croatia,1991,16.993,3.522
11345,Croatia,1992,16.375,3.424
11346,Croatia,1993,16.808,3.554
11347,Croatia,1994,16.052,3.433
11348,Croatia,1995,16.811,3.639
11349,Croatia,1996,17.336,3.8
11350,Croatia,1997,18.567,4.122
11351,Croatia,1998,19.039,4.283
11352,Croatia,1999,20.081,4.579
11353,Croatia,2000,19.652,4.543
11354,Croatia,2001,20.776,4.83
11355,Croatia,2002,21.916,5.09
11356,Croatia,2003,23.227,5.393
11357,Croatia,2004,22.855,5.303
11358,Croatia,2005,23.298,5.401
11359,Croatia,2006,23.499,5.445
11360,Croatia,2007,24.805,5.747
11361,Croatia,2008,23.52,5.451
11362,Croatia,2009,21.756,5.047
11363,Croatia,2010,20.986,4.879
11364,Croatia,2011,20.621,4.817
11365,Croatia,2012,19.056,4.474
11366,Croatia,2013,18.406,4.339
11367,Croatia,2014,17.657,4.185
11368,Croatia,2015,17.803,4.255
11369,Croatia,2016,18.09,4.373
11370,Croatia,2017,18.719,4.589
11371,Croatia,2018,17.703,4.398
11372,Croatia,2019,17.83,4.473
11373,Croatia,2020,16.882,4.27
11374,Croatia,2021,17.411,4.436
11375,Croatia,2022,17.608,4.507
11376,Croatia,2023,17.524,4.498
11383,Cuba,1856,0.385,0.293
11384,Cuba,1857,0.361,0.27
11385,Cuba,1858,0.338,0.249
11386,Cuba,1859,0.317,0.231
11387,Cuba,1860,0.298,0.215
11388,Cuba,1861,0.442,0.318
11389,Cuba,1862,0.592,0.426
11390,Cuba,1863,0.371,0.268
11391,Cuba,1864,0.611,0.444
11392,Cuba,1865,0.589,0.429
11393,Cuba,1866,0.592,0.433
11394,Cuba,1867,0.634,0.466
11395,Cuba,1868,0.6,0.443
11396,Cuba,1869,0.685,0.507
11397,Cuba,1870,0.626,0.462
11398,Cuba,1871,0.609,0.446
11399,Cuba,1872,0.619,0.448
11400,Cuba,1873,0.642,0.459
11401,Cuba,1874,0.651,0.459
11402,Cuba,1875,0.653,0.454
11403,Cuba,1876,0.562,0.386
11404,Cuba,1877,0.589,0.399
11405,Cuba,1878,0.686,0.458
11406,Cuba,1879,0.697,0.459
11407,Cuba,1880,0.59,0.384
11408,Cuba,1881,0.606,0.391
11409,Cuba,1882,0.615,0.394
11410,Cuba,1883,0.596,0.379
11411,Cuba,1884,0.585,0.369
11412,Cuba,1885,0.609,0.381
11413,Cuba,1886,0.576,0.358
11414,Cuba,1887,0.643,0.396
11415,Cuba,1888,0.716,0.438
11416,Cuba,1889,0.793,0.483
11417,Cuba,1890,0.772,0.467
11418,Cuba,1891,0.924,0.557
11419,Cuba,1892,1.022,0.614
11420,Cuba,1893,0.968,0.581
11421,Cuba,1894,1.043,0.624
11422,Cuba,1895,0.996,0.595
11423,Cuba,1896,0.799,0.476
11424,Cuba,1897,0.755,0.449
11425,Cuba,1898,0.838,0.497
11426,Cuba,1899,0.941,0.555
11427,Cuba,1900,0.944,0.549
11428,Cuba,1901,1.016,0.58
11429,Cuba,1902,0.992,0.553
11430,Cuba,1903,1.214,0.656
11431,Cuba,1904,1.349,0.708
11432,Cuba,1905,1.646,0.839
11433,Cuba,1906,1.884,0.932
11434,Cuba,1907,1.946,0.935
11435,Cuba,1908,1.897,0.885
11436,Cuba,1909,2.005,0.908
11437,Cuba,1910,2.386,1.049
11438,Cuba,1911,2.819,1.202
11439,Cuba,1912,3.279,1.357
11440,Cuba,1913,3.289,1.32
11441,Cuba,1914,3.013,1.173
11442,Cuba,1915,3.135,1.184
11443,Cuba,1916,3.642,1.334
11444,Cuba,1917,3.984,1.416
11445,Cuba,1918,3.893,1.343
11446,Cuba,1919,2.687,0.9
11447,Cuba,1920,3.63,1.183
11448,Cuba,1921,1.513,0.48
11449,Cuba,1922,1.381,0.427
11450,Cuba,1923,1.797,0.542
11451,Cuba,1924,1.572,0.462
11452,Cuba,1925,1.704,0.489
11453,Cuba,1926,1.636,0.458
11454,Cuba,1927,1.652,0.451
11455,Cuba,1928,1.595,0.425
11456,Cuba,1929,0.86,0.224
11457,Cuba,1930,1.298,0.331
11458,Cuba,1931,0.96,0.24
11459,Cuba,1932,0.773,0.19
11460,Cuba,1933,0.758,0.183
11461,Cuba,1934,0.815,0.193
11462,Cuba,1935,0.792,0.184
11463,Cuba,1936,0.923,0.211
11464,Cuba,1937,0.984,0.221
11465,Cuba,1938,0.884,0.195
11466,Cuba,1939,0.704,0.153
11467,Cuba,1940,0.681,0.145
11468,Cuba,1941,0.562,0.117
11469,Cuba,1942,0.47,0.096
11470,Cuba,1943,0.734,0.146
11471,Cuba,1944,0.527,0.102
11472,Cuba,1945,0.557,0.105
11473,Cuba,1946,0.478,0.088
11474,Cuba,1947,0.557,0.101
11475,Cuba,1948,0.419,0.074
11476,Cuba,1949,0.339,0.058
11477,Cuba,1950,5.641,0.952
11478,Cuba,1951,6.469,1.071
11479,Cuba,1952,6.282,1.019
11480,Cuba,1953,6.191,0.985
11481,Cuba,1954,5.949,0.928
11482,Cuba,1955,6.777,1.036
11483,Cuba,1956,5.842,0.875
11484,Cuba,1957,13.866,2.036
11485,Cuba,1958,17.995,2.589
11486,Cuba,1959,15.665,2.209
11487,Cuba,1960,13.687,1.891
11488,Cuba,1961,12.168,1.647
11489,Cuba,1962,14.155,1.877
11490,Cuba,1963,13.026,1.691
11491,Cuba,1964,14.279,1.815
11492,Cuba,1965,14.594,1.817
11493,Cuba,1966,15.169,1.851
11494,Cuba,1967,15.737,1.884
11495,Cuba,1968,16.02,1.883
11496,Cuba,1969,17.243,1.99
11497,Cuba,1970,18.654,2.114
11498,Cuba,1971,19.589,2.182
11499,Cuba,1972,20.777,2.277
11500,Cuba,1973,22.375,2.418
11501,Cuba,1974,22.888,2.442
11502,Cuba,1975,27.039,2.852
11503,Cuba,1976,27.197,2.842
11504,Cuba,1977,29.374,3.044
11505,Cuba,1978,30.661,3.157
11506,Cuba,1979,31.685,3.245
11507,Cuba,1980,31.374,3.2
11508,Cuba,1981,32.723,3.322
11509,Cuba,1982,34.527,3.483
11510,Cuba,1983,30.821,3.085
11511,Cuba,1984,32.581,3.234
11512,Cuba,1985,32.556,3.205
11513,Cuba,1986,33.547,3.275
11514,Cuba,1987,33.933,3.283
11515,Cuba,1988,35.616,3.414
11516,Cuba,1989,35.719,3.391
11517,Cuba,1990,29.648,2.789
11518,Cuba,1991,27.17,2.535
11519,Cuba,1992,20.593,1.909
11520,Cuba,1993,19.823,1.828
11521,Cuba,1994,21.382,1.964
11522,Cuba,1995,22.835,2.09
11523,Cuba,1996,23.333,2.129
11524,Cuba,1997,24.809,2.256
11525,Cuba,1998,24.294,2.202
11526,Cuba,1999,24.467,2.21
11527,Cuba,2000,25.284,2.276
11528,Cuba,2001,24.681,2.215
11529,Cuba,2002,25.154,2.25
11530,Cuba,2003,25.569,2.281
11531,Cuba,2004,24.547,2.184
11532,Cuba,2005,25.677,2.28
11533,Cuba,2006,26.785,2.375
11534,Cuba,2007,25.724,2.279
11535,Cuba,2008,27.738,2.456
11536,Cuba,2009,27.821,2.463
11537,Cuba,2010,33.038,2.924
11538,Cuba,2011,29.068,2.572
11539,Cuba,2012,29.476,2.608
11540,Cuba,2013,27.898,2.469
11541,Cuba,2014,27.37,2.425
11542,Cuba,2015,29.091,2.58
11543,Cuba,2016,27.769,2.465
11544,Cuba,2017,24.566,2.184
11545,Cuba,2018,23.019,2.05
11546,Cuba,2019,22.494,2.008
11547,Cuba,2020,21.277,1.904
11548,Cuba,2021,22.553,2.028
11549,Cuba,2022,21.882,1.979
11550,Cuba,2023,23.097,2.096
11650,Curacao,1950,6.164,60.565
11651,Curacao,1951,9.722,93.102
11652,Curacao,1952,5.613,52.372
11653,Curacao,1953,6.497,59.028
11654,Curacao,1954,13.141,116.261
11655,Curacao,1955,10.87,93.61
11656,Curacao,1956,14.058,117.819
11657,Curacao,1957,9.602,78.313
11658,Curacao,1958,8.411,66.757
11659,Curacao,1959,10.827,83.634
11660,Curacao,1960,9.309,70.421
11661,Curacao,1961,9.716,72.336
11662,Curacao,1962,10.67,78.184
11663,Curacao,1963,10.22,73.776
11664,Curacao,1964,9.937,70.708
11665,Curacao,1965,8.916,62.578
11666,Curacao,1966,8.337,57.763
11667,Curacao,1967,10.27,70.287
11668,Curacao,1968,9.55,64.605
11669,Curacao,1969,12.498,83.649
11670,Curacao,1970,13.978,92.641
11671,Curacao,1971,12.165,79.931
11672,Curacao,1972,11.796,76.951
11673,Curacao,1973,13.086,84.918
11674,Curacao,1974,11.861,76.674
11675,Curacao,1975,8.589,55.341
11676,Curacao,1976,18.348,117.893
11677,Curacao,1977,9.583,61.441
11678,Curacao,1978,8.162,52.229
11679,Curacao,1979,8.562,54.71
11680,Curacao,1980,8.811,56.241
11681,Curacao,1981,8.392,53.522
11682,Curacao,1982,9.383,59.824
11683,Curacao,1983,4.822,30.748
11684,Curacao,1984,12.042,76.802
11685,Curacao,1985,14.095,89.942
11686,Curacao,1986,2.702,17.255
11687,Curacao,1987,2.402,15.354
11688,Curacao,1988,2.366,15.144
11689,Curacao,1989,4.505,28.869
11690,Curacao,1990,4.824,30.972
11691,Curacao,1991,3.849,24.762
11692,Curacao,1992,3.171,20.447
11693,Curacao,1993,4.896,31.686
11694,Curacao,1994,4.694,30.542
11695,Curacao,1995,4.645,30.416
11696,Curacao,1996,4.345,28.663
11697,Curacao,1997,4.547,30.249
11698,Curacao,1998,0.251,1.686
11699,Curacao,1999,1.881,12.77
11700,Curacao,2000,4.99,34.287
11701,Curacao,2001,5.081,35.103
11702,Curacao,2002,4.899,33.575
11703,Curacao,2003,4.902,33.14
11704,Curacao,2004,5.143,34.334
11705,Curacao,2005,5.098,33.687
11706,Curacao,2006,5.313,34.834
11707,Curacao,2007,5.981,38.921
11708,Curacao,2008,5.753,37.167
11709,Curacao,2009,5.887,37.774
11710,Curacao,2010,4.055,25.845
11711,Curacao,2011,5.173,32.621
11712,Curacao,2012,6.287,39.075
11713,Curacao,2013,5.932,36.366
11714,Curacao,2014,6.797,41.182
11715,Curacao,2015,7.332,44.002
11716,Curacao,2016,6.203,36.97
11717,Curacao,2017,4.968,29.482
11718,Curacao,2018,4.32,23.789
11719,Curacao,2019,2.253,11.888
11720,Curacao,2020,1.814,9.802
11721,Curacao,2021,2.001,10.795
11722,Curacao,2022,1.94,10.464
11723,Curacao,2023,2.023,10.912
11924,Cyprus,1950,0.267,0.542
11925,Cyprus,1951,0.282,0.563
11926,Cyprus,1952,0.315,0.619
11927,Cyprus,1953,0.366,0.709
11928,Cyprus,1954,0.443,0.844
11929,Cyprus,1955,0.451,0.844
11930,Cyprus,1956,0.674,1.241
11931,Cyprus,1957,0.817,1.477
11932,Cyprus,1958,0.765,1.359
11933,Cyprus,1959,0.831,1.447
11934,Cyprus,1960,0.886,1.511
11935,Cyprus,1961,0.864,1.451
11936,Cyprus,1962,0.905,1.504
11937,Cyprus,1963,0.985,1.622
11938,Cyprus,1964,1.0,1.633
11939,Cyprus,1965,1.15,1.862
11940,Cyprus,1966,1.242,1.992
11941,Cyprus,1967,1.362,2.165
11942,Cyprus,1968,1.622,2.554
11943,Cyprus,1969,1.67,2.604
11944,Cyprus,1970,1.703,2.63
11945,Cyprus,1971,1.884,2.88
11946,Cyprus,1972,2.406,3.639
11947,Cyprus,1973,2.504,3.759
11948,Cyprus,1974,1.929,2.908
11949,Cyprus,1975,1.991,3.019
11950,Cyprus,1976,2.488,3.758
11951,Cyprus,1977,2.699,4.046
11952,Cyprus,1978,2.845,4.232
11953,Cyprus,1979,3.045,4.495
11954,Cyprus,1980,3.261,4.773
11955,Cyprus,1981,3.096,4.494
11956,Cyprus,1982,3.157,4.533
11957,Cyprus,1983,3.151,4.456
11958,Cyprus,1984,3.235,4.497
11959,Cyprus,1985,3.145,4.301
11960,Cyprus,1986,3.606,4.853
11961,Cyprus,1987,4.185,5.544
11962,Cyprus,1988,4.198,5.478
11963,Cyprus,1989,4.43,5.698
11964,Cyprus,1990,4.644,5.891
11965,Cyprus,1991,5.132,6.424
11966,Cyprus,1992,5.504,6.792
11967,Cyprus,1993,5.748,6.958
11968,Cyprus,1994,5.99,7.091
11969,Cyprus,1995,5.86,6.793
11970,Cyprus,1996,6.21,7.054
11971,Cyprus,1997,6.296,7.015
11972,Cyprus,1998,6.59,7.206
11973,Cyprus,1999,6.856,7.363
11974,Cyprus,2000,7.102,7.494
11975,Cyprus,2001,6.976,7.236
11976,Cyprus,2002,7.167,7.303
11977,Cyprus,2003,7.557,7.56
11978,Cyprus,2004,7.787,7.65
11979,Cyprus,2005,7.958,7.68
11980,Cyprus,2006,8.186,7.763
11981,Cyprus,2007,8.504,7.928
11982,Cyprus,2008,8.717,7.989
11983,Cyprus,2009,8.471,7.636
11984,Cyprus,2010,8.102,7.184
11985,Cyprus,2011,7.789,6.794
11986,Cyprus,2012,7.264,6.233
11987,Cyprus,2013,6.584,5.561
11988,Cyprus,2014,6.952,5.785
11989,Cyprus,2015,6.973,5.718
11990,Cyprus,2016,7.375,5.961
11991,Cyprus,2017,7.505,5.984
11992,Cyprus,2018,7.323,5.763
11993,Cyprus,2019,7.344,5.708
11994,Cyprus,2020,7.015,5.387
11995,Cyprus,2021,7.17,5.443
11996,Cyprus,2022,7.198,5.406
11997,Cyprus,2023,7.174,5.334
12008,Czechia,1860,0.202,0.028
12009,Czechia,1861,0.665,0.091
12010,Czechia,1862,1.131,0.154
12011,Czechia,1863,1.597,0.216
12012,Czechia,1864,2.063,0.277
12013,Czechia,1865,2.528,0.338
12014,Czechia,1866,2.994,0.398
12015,Czechia,1867,3.457,0.457
12016,Czechia,1868,3.923,0.515
12017,Czechia,1869,4.389,0.573
12018,Czechia,1870,4.855,0.631
12019,Czechia,1871,5.32,0.687
12020,Czechia,1872,5.783,0.742
12021,Czechia,1873,6.249,0.797
12022,Czechia,1874,6.715,0.851
12023,Czechia,1875,7.181,0.904
12024,Czechia,1876,12.412,1.553
12025,Czechia,1877,13.041,1.621
12026,Czechia,1878,13.671,1.689
12027,Czechia,1879,14.691,1.804
12028,Czechia,1880,15.564,1.899
12029,Czechia,1881,16.438,1.993
12030,Czechia,1882,16.809,2.026
12031,Czechia,1883,17.954,2.151
12032,Czechia,1884,18.545,2.209
12033,Czechia,1885,19.471,2.305
12034,Czechia,1886,20.469,2.409
12035,Czechia,1887,21.5,2.515
12036,Czechia,1888,23.044,2.68
12037,Czechia,1889,24.397,2.82
12038,Czechia,1890,26.091,2.998
12039,Czechia,1891,27.05,3.086
12040,Czechia,1892,27.461,3.111
12041,Czechia,1893,28.071,3.158
12042,Czechia,1894,28.775,3.215
12043,Czechia,1895,29.864,3.313
12044,Czechia,1896,30.599,3.371
12045,Czechia,1897,32.385,3.543
12046,Czechia,1898,33.108,3.597
12047,Czechia,1899,33.968,3.665
12048,Czechia,1900,33.721,3.613
12049,Czechia,1901,35.235,3.746
12050,Czechia,1902,35.706,3.768
12051,Czechia,1903,36.377,3.811
12052,Czechia,1904,36.732,3.82
12053,Czechia,1905,37.813,3.904
12054,Czechia,1906,39.488,4.048
12055,Czechia,1907,41.5,4.224
12056,Czechia,1908,42.266,4.271
12057,Czechia,1909,42.008,4.216
12058,Czechia,1910,41.57,4.142
12059,Czechia,1911,42.096,4.168
12060,Czechia,1912,44.791,4.41
12061,Czechia,1913,46.851,4.584
12062,Czechia,1914,42.712,4.154
12063,Czechia,1915,42.618,4.143
12064,Czechia,1916,45.36,4.437
12065,Czechia,1917,42.654,4.211
12066,Czechia,1918,36.366,3.635
12067,Czechia,1919,34.356,3.463
12068,Czechia,1920,34.073,3.415
12069,Czechia,1921,32.723,3.272
12070,Czechia,1922,29.205,2.888
12071,Czechia,1923,30.868,3.027
12072,Czechia,1924,37.888,3.686
12073,Czechia,1925,35.656,3.438
12074,Czechia,1926,36.152,3.462
12075,Czechia,1927,38.797,3.696
12076,Czechia,1928,40.849,3.872
12077,Czechia,1929,45.695,4.312
12078,Czechia,1930,40.313,3.786
12079,Czechia,1931,37.72,3.525
12080,Czechia,1932,32.877,3.058
12081,Czechia,1933,30.066,2.786
12082,Czechia,1934,30.033,2.774
12083,Czechia,1935,30.919,2.849
12084,Czechia,1936,33.594,3.09
12085,Czechia,1937,40.694,3.737
12086,Czechia,1938,46.59,4.283
12087,Czechia,1939,51.194,4.61
12088,Czechia,1940,57.696,5.17
12089,Czechia,1941,58.076,5.218
12090,Czechia,1942,62.637,5.666
12091,Czechia,1943,69.156,6.267
12092,Czechia,1944,65.928,5.935
12093,Czechia,1945,34.988,3.272
12094,Czechia,1946,43.569,4.575
12095,Czechia,1947,49.453,5.642
12096,Czechia,1948,53.451,6.054
12097,Czechia,1949,56.189,6.336
12098,Czechia,1950,57.854,6.488
12099,Czechia,1951,61.651,6.852
12100,Czechia,1952,65.919,7.262
12101,Czechia,1953,68.322,7.465
12102,Czechia,1954,72.966,7.913
12103,Czechia,1955,75.747,8.154
12104,Czechia,1956,81.281,8.686
12105,Czechia,1957,84.904,9.014
12106,Czechia,1958,92.772,9.797
12107,Czechia,1959,92.872,9.767
12108,Czechia,1960,99.053,10.381
12109,Czechia,1961,107.505,11.23
12110,Czechia,1962,114.564,11.937
12111,Czechia,1963,120.492,12.516
12112,Czechia,1964,125.402,12.97
12113,Czechia,1965,122.2,12.589
12114,Czechia,1966,121.522,12.481
12115,Czechia,1967,121.279,12.427
12116,Czechia,1968,126.88,12.98
12117,Czechia,1969,134.694,13.761
12118,Czechia,1970,154.42,15.755
12119,Czechia,1971,161.977,16.49
12120,Czechia,1972,163.451,16.58
12121,Czechia,1973,164.108,16.566
12122,Czechia,1974,166.0,16.657
12123,Czechia,1975,173.668,17.314
12124,Czechia,1976,180.411,17.875
12125,Czechia,1977,185.792,18.306
12126,Czechia,1978,187.464,18.378
12127,Czechia,1979,182.557,17.817
12128,Czechia,1980,184.677,17.973
12129,Czechia,1981,182.648,17.751
12130,Czechia,1982,180.846,17.56
12131,Czechia,1983,181.076,17.575
12132,Czechia,1984,187.168,18.165
12133,Czechia,1985,184.6,17.913
12134,Czechia,1986,185.854,18.036
12135,Czechia,1987,183.641,17.823
12136,Czechia,1988,180.617,17.526
12137,Czechia,1989,172.331,16.722
12138,Czechia,1990,164.25,15.944
12139,Czechia,1991,148.883,14.448
12140,Czechia,1992,145.706,14.129
12141,Czechia,1993,140.124,13.577
12142,Czechia,1994,132.668,12.853
12143,Czechia,1995,131.622,12.764
12144,Czechia,1996,135.019,13.114
12145,Czechia,1997,130.942,12.737
12146,Czechia,1998,125.716,12.247
12147,Czechia,1999,116.672,11.381
12148,Czechia,2000,127.236,12.429
12149,Czechia,2001,127.145,12.426
12150,Czechia,2002,123.968,12.107
12151,Czechia,2003,127.572,12.447
12152,Czechia,2004,128.292,12.502
12153,Czechia,2005,125.691,12.227
12154,Czechia,2006,126.537,12.28
12155,Czechia,2007,128.366,12.417
12156,Czechia,2008,122.935,11.845
12157,Czechia,2009,114.983,11.034
12158,Czechia,2010,117.476,11.227
12159,Czechia,2011,115.189,10.975
12160,Czechia,2012,111.287,10.591
12161,Czechia,2013,106.722,10.153
12162,Czechia,2014,104.246,9.912
12163,Czechia,2015,105.001,9.977
12164,Czechia,2016,106.648,10.126
12165,Czechia,2017,107.746,10.221
12166,Czechia,2018,106.336,10.08
12167,Czechia,2019,101.009,9.57
12168,Czechia,2020,91.674,8.689
12169,Czechia,2021,96.645,9.177
12170,Czechia,2022,95.108,8.911
12171,Czechia,2023,85.624,7.921
12242,Democratic Republic of Congo,1920,0.004,0.0
12243,Democratic Republic of Congo,1921,0.007,0.001
12244,Democratic Republic of Congo,1922,0.081,0.01
12245,Democratic Republic of Congo,1923,0.161,0.019
12246,Democratic Republic of Congo,1924,0.216,0.025
12247,Democratic Republic of Congo,1925,0.172,0.02
12248,Democratic Republic of Congo,1926,0.238,0.027
12249,Democratic Republic of Congo,1927,0.231,0.026
12250,Democratic Republic of Congo,1928,0.282,0.031
12251,Democratic Republic of Congo,1929,0.304,0.033
12252,Democratic Republic of Congo,1930,0.388,0.042
12253,Democratic Republic of Congo,1931,0.249,0.027
12254,Democratic Republic of Congo,1932,0.051,0.005
12255,Democratic Republic of Congo,1933,0.004,0.0
12256,Democratic Republic of Congo,1934,0.018,0.002
12257,Democratic Republic of Congo,1935,0.033,0.003
12258,Democratic Republic of Congo,1936,0.04,0.004
12259,Democratic Republic of Congo,1937,0.103,0.01
12260,Democratic Republic of Congo,1938,0.121,0.012
12261,Democratic Republic of Congo,1939,0.088,0.009
12262,Democratic Republic of Congo,1940,0.077,0.007
12263,Democratic Republic of Congo,1941,0.102,0.01
12264,Democratic Republic of Congo,1942,0.143,0.013
12265,Democratic Republic of Congo,1943,0.22,0.02
12266,Democratic Republic of Congo,1944,0.172,0.015
12267,Democratic Republic of Congo,1945,0.172,0.015
12268,Democratic Republic of Congo,1946,0.311,0.027
12269,Democratic Republic of Congo,1947,0.326,0.028
12270,Democratic Republic of Congo,1948,0.373,0.031
12271,Democratic Republic of Congo,1949,0.476,0.039
12272,Democratic Republic of Congo,1950,1.48,0.12
12273,Democratic Republic of Congo,1951,1.747,0.139
12274,Democratic Republic of Congo,1952,2.084,0.163
12275,Democratic Republic of Congo,1953,2.289,0.175
12276,Democratic Republic of Congo,1954,2.816,0.211
12277,Democratic Republic of Congo,1955,3.388,0.249
12278,Democratic Republic of Congo,1956,3.175,0.228
12279,Democratic Republic of Congo,1957,3.329,0.234
12280,Democratic Republic of Congo,1958,2.926,0.201
12281,Democratic Republic of Congo,1959,2.699,0.181
12282,Democratic Republic of Congo,1960,2.319,0.152
12283,Democratic Republic of Congo,1961,2.355,0.15
12284,Democratic Republic of Congo,1962,2.172,0.135
12285,Democratic Republic of Congo,1963,2.293,0.139
12286,Democratic Republic of Congo,1964,1.974,0.116
12287,Democratic Republic of Congo,1965,2.469,0.142
12288,Democratic Republic of Congo,1966,2.403,0.134
12289,Democratic Republic of Congo,1967,2.289,0.124
12290,Democratic Republic of Congo,1968,3.366,0.177
12291,Democratic Republic of Congo,1969,3.648,0.186
12292,Democratic Republic of Congo,1970,2.71,0.135
12293,Democratic Republic of Congo,1971,2.959,0.143
12294,Democratic Republic of Congo,1972,3.017,0.142
12295,Democratic Republic of Congo,1973,3.189,0.146
12296,Democratic Republic of Congo,1974,3.365,0.15
12297,Democratic Republic of Congo,1975,3.233,0.14
12298,Democratic Republic of Congo,1976,3.405,0.144
12299,Democratic Republic of Congo,1977,3.477,0.144
12300,Democratic Republic of Congo,1978,3.526,0.141
12301,Democratic Republic of Congo,1979,3.74,0.144
12302,Democratic Republic of Congo,1980,3.485,0.13
12303,Democratic Republic of Congo,1981,3.755,0.137
12304,Democratic Republic of Congo,1982,3.047,0.108
12305,Democratic Republic of Congo,1983,3.998,0.137
12306,Democratic Republic of Congo,1984,3.932,0.13
12307,Democratic Republic of Congo,1985,3.612,0.116
12308,Democratic Republic of Congo,1986,3.346,0.104
12309,Democratic Republic of Congo,1987,3.816,0.115
12310,Democratic Republic of Congo,1988,3.978,0.116
12311,Democratic Republic of Congo,1989,4.352,0.123
12312,Democratic Republic of Congo,1990,4.249,0.116
12313,Democratic Republic of Congo,1991,3.133,0.083
12314,Democratic Republic of Congo,1992,2.808,0.072
12315,Democratic Republic of Congo,1993,2.662,0.065
12316,Democratic Republic of Congo,1994,2.751,0.065
12317,Democratic Republic of Congo,1995,3.096,0.07
12318,Democratic Republic of Congo,1996,3.473,0.077
12319,Democratic Republic of Congo,1997,3.089,0.067
12320,Democratic Republic of Congo,1998,2.733,0.058
12321,Democratic Republic of Congo,1999,2.199,0.045
12322,Democratic Republic of Congo,2000,1.705,0.034
12323,Democratic Republic of Congo,2001,1.647,0.032
12324,Democratic Republic of Congo,2002,1.734,0.032
12325,Democratic Republic of Congo,2003,2.096,0.038
12326,Democratic Republic of Congo,2004,2.028,0.036
12327,Democratic Republic of Congo,2005,2.287,0.039
12328,Democratic Republic of Congo,2006,2.352,0.039
12329,Democratic Republic of Congo,2007,2.623,0.042
12330,Democratic Republic of Congo,2008,2.685,0.042
12331,Democratic Republic of Congo,2009,2.446,0.037
12332,Democratic Republic of Congo,2010,2.735,0.04
12333,Democratic Republic of Congo,2011,3.041,0.043
12334,Democratic Republic of Congo,2012,2.797,0.038
12335,Democratic Republic of Congo,2013,3.921,0.052
12336,Democratic Republic of Congo,2014,5.066,0.065
12337,Democratic Republic of Congo,2015,3.274,0.04
12338,Democratic Republic of Congo,2016,2.659,0.032
12339,Democratic Republic of Congo,2017,2.917,0.033
12340,Democratic Republic of Congo,2018,3.774,0.042
12341,Democratic Republic of Congo,2019,4.121,0.044
12342,Democratic Republic of Congo,2020,4.302,0.045
12343,Democratic Republic of Congo,2021,4.269,0.043
12344,Democratic Republic of Congo,2022,4.631,0.045
12345,Democratic Republic of Congo,2023,4.616,0.044
12346,Denmark,1843,0.136,0.097
12347,Denmark,1844,0.158,0.112
12348,Denmark,1845,0.209,0.146
12349,Denmark,1846,0.227,0.158
12350,Denmark,1847,0.172,0.118
12351,Denmark,1848,0.311,0.212
12352,Denmark,1849,0.271,0.183
12353,Denmark,1850,0.341,0.227
12354,Denmark,1851,0.311,0.205
12355,Denmark,1852,0.333,0.217
12356,Denmark,1853,0.359,0.231
12357,Denmark,1854,0.458,0.291
12358,Denmark,1855,0.454,0.285
12359,Denmark,1856,0.649,0.402
12360,Denmark,1857,0.663,0.406
12361,Denmark,1858,0.491,0.297
12362,Denmark,1859,0.627,0.374
12363,Denmark,1860,0.542,0.32
12364,Denmark,1861,0.784,0.457
12365,Denmark,1862,0.678,0.391
12366,Denmark,1863,0.755,0.431
12367,Denmark,1864,0.649,0.366
12368,Denmark,1865,1.015,0.567
12369,Denmark,1866,0.938,0.518
12370,Denmark,1867,0.916,0.501
12371,Denmark,1868,1.085,0.587
12372,Denmark,1869,0.945,0.506
12373,Denmark,1870,1.143,0.606
12374,Denmark,1871,1.187,0.622
12375,Denmark,1872,1.14,0.592
12376,Denmark,1873,1.15,0.591
12377,Denmark,1874,1.242,0.632
12378,Denmark,1875,1.458,0.735
12379,Denmark,1876,1.543,0.77
12380,Denmark,1877,1.524,0.754
12381,Denmark,1878,1.447,0.709
12382,Denmark,1879,1.634,0.792
12383,Denmark,1880,1.861,0.894
12384,Denmark,1881,1.971,0.937
12385,Denmark,1882,2.114,0.996
12386,Denmark,1883,2.429,1.133
12387,Denmark,1884,2.418,1.117
12388,Denmark,1885,2.535,1.159
12389,Denmark,1886,2.429,1.1
12390,Denmark,1887,2.492,1.117
12391,Denmark,1888,2.803,1.245
12392,Denmark,1889,2.993,1.316
12393,Denmark,1890,2.869,1.248
12394,Denmark,1891,3.085,1.328
12395,Denmark,1892,3.169,1.35
12396,Denmark,1893,2.997,1.263
12397,Denmark,1894,3.4,1.417
12398,Denmark,1895,3.525,1.453
12399,Denmark,1896,4.313,1.758
12400,Denmark,1897,4.624,1.864
12401,Denmark,1898,4.804,1.915
12402,Denmark,1899,5.251,2.07
12403,Denmark,1900,5.148,2.007
12404,Denmark,1901,5.36,2.066
12405,Denmark,1902,5.503,2.096
12406,Denmark,1903,5.727,2.156
12407,Denmark,1904,6.178,2.298
12408,Denmark,1905,6.009,2.209
12409,Denmark,1906,6.544,2.377
12410,Denmark,1907,5.833,2.094
12411,Denmark,1908,7.236,2.567
12412,Denmark,1909,8.006,2.807
12413,Denmark,1910,7.35,2.547
12414,Denmark,1911,7.83,2.681
12415,Denmark,1912,9.285,3.142
12416,Denmark,1913,9.526,3.186
12417,Denmark,1914,9.765,3.227
12418,Denmark,1915,10.453,3.415
12419,Denmark,1916,10.215,3.298
12420,Denmark,1917,7.434,2.372
12421,Denmark,1918,8.676,2.736
12422,Denmark,1919,8.237,2.568
12423,Denmark,1920,7.192,2.219
12424,Denmark,1921,6.793,2.075
12425,Denmark,1922,9.651,2.92
12426,Denmark,1923,10.527,3.157
12427,Denmark,1924,12.34,3.668
12428,Denmark,1925,10.721,3.159
12429,Denmark,1926,10.468,3.057
12430,Denmark,1927,13.326,3.858
12431,Denmark,1928,12.557,3.603
12432,Denmark,1929,15.125,4.303
12433,Denmark,1930,13.806,3.894
12434,Denmark,1931,14.321,4.006
12435,Denmark,1932,13.427,3.726
12436,Denmark,1933,13.371,3.681
12437,Denmark,1934,14.642,4.0
12438,Denmark,1935,15.25,4.133
12439,Denmark,1936,15.778,4.243
12440,Denmark,1937,16.295,4.347
12441,Denmark,1938,14.631,3.873
12442,Denmark,1939,16.302,4.279
12443,Denmark,1940,14.823,3.855
12444,Denmark,1941,17.399,4.482
12445,Denmark,1942,16.472,4.2
12446,Denmark,1943,20.622,5.201
12447,Denmark,1944,20.281,5.06
12448,Denmark,1945,14.043,3.466
12449,Denmark,1946,17.644,4.307
12450,Denmark,1947,21.454,5.181
12451,Denmark,1948,17.071,4.078
12452,Denmark,1949,16.88,3.992
12453,Denmark,1950,21.988,5.151
12454,Denmark,1951,21.921,5.098
12455,Denmark,1952,22.899,5.286
12456,Denmark,1953,23.151,5.299
12457,Denmark,1954,25.577,5.805
12458,Denmark,1955,27.065,6.097
12459,Denmark,1956,26.372,5.905
12460,Denmark,1957,24.9,5.546
12461,Denmark,1958,26.791,5.932
12462,Denmark,1959,26.034,5.724
12463,Denmark,1960,29.75,6.496
12464,Denmark,1961,31.702,6.875
12465,Denmark,1962,36.89,7.938
12466,Denmark,1963,40.668,8.682
12467,Denmark,1964,43.147,9.138
12468,Denmark,1965,44.293,9.308
12469,Denmark,1966,50.078,10.439
12470,Denmark,1967,49.026,10.139
12471,Denmark,1968,53.273,10.951
12472,Denmark,1969,59.343,12.131
12473,Denmark,1970,62.039,12.587
12474,Denmark,1971,57.001,11.485
12475,Denmark,1972,59.575,11.935
12476,Denmark,1973,59.194,11.787
12477,Denmark,1974,55.009,10.902
12478,Denmark,1975,55.709,11.009
12479,Denmark,1976,60.057,11.839
12480,Denmark,1977,61.765,12.138
12481,Denmark,1978,61.028,11.956
12482,Denmark,1979,62.908,12.294
12483,Denmark,1980,60.286,11.768
12484,Denmark,1981,51.716,10.098
12485,Denmark,1982,53.615,10.476
12486,Denmark,1983,50.098,9.795
12487,Denmark,1984,50.781,9.934
12488,Denmark,1985,59.981,11.729
12489,Denmark,1986,58.802,11.483
12490,Denmark,1987,58.242,11.36
12491,Denmark,1988,55.014,10.725
12492,Denmark,1989,48.685,9.485
12493,Denmark,1990,53.464,10.399
12494,Denmark,1991,64.093,12.435
12495,Denmark,1992,58.315,11.276
12496,Denmark,1993,60.562,11.672
12497,Denmark,1994,64.661,12.42
12498,Denmark,1995,61.641,11.778
12499,Denmark,1996,74.887,14.229
12500,Denmark,1997,65.425,12.379
12501,Denmark,1998,61.226,11.543
12502,Denmark,1999,58.642,11.019
12503,Denmark,2000,54.296,10.168
12504,Denmark,2001,55.886,10.429
12505,Denmark,2002,55.544,10.332
12506,Denmark,2003,60.638,11.249
12507,Denmark,2004,55.093,10.194
12508,Denmark,2005,51.527,9.508
12509,Denmark,2006,59.492,10.941
12510,Denmark,2007,54.698,10.015
12511,Denmark,2008,51.246,9.328
12512,Denmark,2009,48.84,8.843
12513,Denmark,2010,49.179,8.865
12514,Denmark,2011,44.227,7.939
12515,Denmark,2012,39.853,7.127
12516,Denmark,2013,41.755,7.436
12517,Denmark,2014,37.565,6.656
12518,Denmark,2015,35.102,6.176
12519,Denmark,2016,36.906,6.443
12520,Denmark,2017,34.652,6.011
12521,Denmark,2018,34.602,5.972
12522,Denmark,2019,30.942,5.321
12523,Denmark,2020,28.294,4.852
12524,Denmark,2021,29.588,5.052
12525,Denmark,2022,28.432,4.817
12526,Denmark,2023,27.265,4.584
12627,Djibouti,1950,0.011,0.176
12628,Djibouti,1951,0.026,0.399
12629,Djibouti,1952,0.026,0.386
12630,Djibouti,1953,0.029,0.428
12631,Djibouti,1954,0.033,0.466
12632,Djibouti,1955,0.037,0.502
12633,Djibouti,1956,0.029,0.389
12634,Djibouti,1957,0.044,0.565
12635,Djibouti,1958,0.048,0.592
12636,Djibouti,1959,0.037,0.441
12637,Djibouti,1960,0.04,0.468
12638,Djibouti,1961,0.044,0.492
12639,Djibouti,1962,0.048,0.51
12640,Djibouti,1963,0.066,0.674
12641,Djibouti,1964,0.084,0.816
12642,Djibouti,1965,0.121,1.108
12643,Djibouti,1966,0.139,1.208
12644,Djibouti,1967,0.088,0.723
12645,Djibouti,1968,0.121,0.943
12646,Djibouti,1969,0.084,0.619
12647,Djibouti,1970,0.139,0.959
12648,Djibouti,1971,0.161,1.039
12649,Djibouti,1972,0.191,1.146
12650,Djibouti,1973,0.18,1.006
12651,Djibouti,1974,0.194,1.008
12652,Djibouti,1975,0.198,0.943
12653,Djibouti,1976,0.198,0.857
12654,Djibouti,1977,0.198,0.777
12655,Djibouti,1978,0.202,0.72
12656,Djibouti,1979,0.363,1.191
12657,Djibouti,1980,0.348,1.068
12658,Djibouti,1981,0.3,0.876
12659,Djibouti,1982,0.348,0.975
12660,Djibouti,1983,0.348,0.942
12661,Djibouti,1984,0.352,0.916
12662,Djibouti,1985,0.359,0.892
12663,Djibouti,1986,0.377,0.885
12664,Djibouti,1987,0.388,0.855
12665,Djibouti,1988,0.348,0.718
12666,Djibouti,1989,0.388,0.742
12667,Djibouti,1990,0.297,0.512
12668,Djibouti,1991,0.3,0.476
12669,Djibouti,1992,0.304,0.486
12670,Djibouti,1993,0.304,0.495
12671,Djibouti,1994,0.3,0.479
12672,Djibouti,1995,0.311,0.492
12673,Djibouti,1996,0.308,0.475
12674,Djibouti,1997,0.333,0.496
12675,Djibouti,1998,0.385,0.55
12676,Djibouti,1999,0.385,0.531
12677,Djibouti,2000,0.366,0.49
12678,Djibouti,2001,0.366,0.475
12679,Djibouti,2002,0.399,0.502
12680,Djibouti,2003,0.421,0.518
12681,Djibouti,2004,0.407,0.492
12682,Djibouti,2005,0.414,0.493
12683,Djibouti,2006,0.414,0.484
12684,Djibouti,2007,0.462,0.528
12685,Djibouti,2008,0.498,0.558
12686,Djibouti,2009,0.443,0.486
12687,Djibouti,2010,0.517,0.555
12688,Djibouti,2011,0.315,0.332
12689,Djibouti,2012,0.297,0.307
12690,Djibouti,2013,0.384,0.39
12691,Djibouti,2014,0.414,0.413
12692,Djibouti,2015,0.505,0.495
12693,Djibouti,2016,0.428,0.412
12694,Djibouti,2017,0.414,0.392
12695,Djibouti,2018,0.475,0.443
12696,Djibouti,2019,0.543,0.499
12697,Djibouti,2020,0.463,0.419
12698,Djibouti,2021,0.532,0.474
12699,Djibouti,2022,0.494,0.435
12700,Djibouti,2023,0.493,0.427
12802,Dominica,1951,0.004,0.073
12803,Dominica,1952,0.007,0.144
12804,Dominica,1953,0.004,0.071
12805,Dominica,1954,0.004,0.07
12806,Dominica,1955,0.004,0.069
12807,Dominica,1956,0.004,0.068
12808,Dominica,1957,0.004,0.066
12809,Dominica,1958,0.007,0.129
12810,Dominica,1959,0.011,0.189
12811,Dominica,1960,0.011,0.185
12812,Dominica,1961,0.011,0.182
12813,Dominica,1962,0.011,0.18
12814,Dominica,1963,0.015,0.237
12815,Dominica,1964,0.015,0.234
12816,Dominica,1965,0.015,0.231
12817,Dominica,1966,0.015,0.227
12818,Dominica,1967,0.022,0.335
12819,Dominica,1968,0.022,0.329
12820,Dominica,1969,0.018,0.27
12821,Dominica,1970,0.026,0.372
12822,Dominica,1971,0.026,0.369
12823,Dominica,1972,0.026,0.366
12824,Dominica,1973,0.026,0.363
12825,Dominica,1974,0.029,0.412
12826,Dominica,1975,0.029,0.409
12827,Dominica,1976,0.029,0.407
12828,Dominica,1977,0.026,0.354
12829,Dominica,1978,0.026,0.353
12830,Dominica,1979,0.033,0.452
12831,Dominica,1980,0.037,0.501
12832,Dominica,1981,0.037,0.502
12833,Dominica,1982,0.04,0.554
12834,Dominica,1983,0.04,0.557
12835,Dominica,1984,0.044,0.61
12836,Dominica,1985,0.048,0.664
12837,Dominica,1986,0.048,0.667
12838,Dominica,1987,0.048,0.67
12839,Dominica,1988,0.055,0.778
12840,Dominica,1989,0.059,0.835
12841,Dominica,1990,0.059,0.842
12842,Dominica,1991,0.059,0.846
12843,Dominica,1992,0.059,0.845
12844,Dominica,1993,0.062,0.897
12845,Dominica,1994,0.07,1.002
12846,Dominica,1995,0.081,1.16
12847,Dominica,1996,0.073,1.056
12848,Dominica,1997,0.081,1.163
12849,Dominica,1998,0.077,1.113
12850,Dominica,1999,0.081,1.17
12851,Dominica,2000,0.103,1.497
12852,Dominica,2001,0.11,1.609
12853,Dominica,2002,0.103,1.5
12854,Dominica,2003,0.117,1.71
12855,Dominica,2004,0.143,2.081
12856,Dominica,2005,0.15,2.185
12857,Dominica,2006,0.143,2.076
12858,Dominica,2007,0.172,2.501
12859,Dominica,2008,0.169,2.447
12860,Dominica,2009,0.187,2.713
12861,Dominica,2010,0.172,2.5
12862,Dominica,2011,0.154,2.228
12863,Dominica,2012,0.165,2.385
12864,Dominica,2013,0.158,2.259
12865,Dominica,2014,0.165,2.343
12866,Dominica,2015,0.176,2.497
12867,Dominica,2016,0.172,2.473
12868,Dominica,2017,0.154,2.246
12869,Dominica,2018,0.161,2.364
12870,Dominica,2019,0.172,2.536
12871,Dominica,2020,0.158,2.331
12872,Dominica,2021,0.161,2.398
12873,Dominica,2022,0.156,2.338
12874,Dominica,2023,0.163,2.451
12995,Dominican Republic,1870,0.013,0.055
12996,Dominican Republic,1871,0.002,0.006
12997,Dominican Republic,1872,0.003,0.012
12998,Dominican Republic,1873,0.001,0.006
12999,Dominican Republic,1874,0.001,0.005
13000,Dominican Republic,1875,0.0,0.0
13001,Dominican Republic,1876,0.0,0.0
13002,Dominican Republic,1877,0.002,0.008
13003,Dominican Republic,1878,0.003,0.01
13004,Dominican Republic,1879,0.002,0.008
13005,Dominican Republic,1880,0.005,0.017
13006,Dominican Republic,1881,0.004,0.011
13007,Dominican Republic,1882,0.0,0.001
13008,Dominican Republic,1883,0.004,0.011
13009,Dominican Republic,1884,0.004,0.013
13010,Dominican Republic,1885,0.005,0.013
13011,Dominican Republic,1886,0.005,0.015
13012,Dominican Republic,1887,0.004,0.01
13013,Dominican Republic,1888,0.006,0.015
13014,Dominican Republic,1889,0.006,0.015
13015,Dominican Republic,1890,0.007,0.018
13016,Dominican Republic,1891,0.008,0.018
13017,Dominican Republic,1892,0.009,0.021
13018,Dominican Republic,1893,0.011,0.026
13019,Dominican Republic,1894,0.027,0.061
13020,Dominican Republic,1895,0.02,0.043
13021,Dominican Republic,1896,0.024,0.052
13022,Dominican Republic,1897,0.017,0.035
13023,Dominican Republic,1898,0.012,0.025
13024,Dominican Republic,1899,0.015,0.029
13025,Dominican Republic,1900,0.015,0.029
13026,Dominican Republic,1901,0.014,0.027
13027,Dominican Republic,1902,0.014,0.026
13028,Dominican Republic,1903,0.018,0.031
13029,Dominican Republic,1904,0.014,0.024
13030,Dominican Republic,1905,0.016,0.027
13031,Dominican Republic,1906,0.018,0.03
13032,Dominican Republic,1907,0.026,0.04
13033,Dominican Republic,1908,0.03,0.045
13034,Dominican Republic,1909,0.026,0.038
13035,Dominican Republic,1910,0.038,0.054
13036,Dominican Republic,1911,0.043,0.06
13037,Dominican Republic,1912,0.037,0.051
13038,Dominican Republic,1913,0.042,0.057
13039,Dominican Republic,1914,0.047,0.061
13040,Dominican Republic,1915,0.058,0.073
13041,Dominican Republic,1916,0.073,0.09
13042,Dominican Republic,1917,0.077,0.093
13043,Dominican Republic,1918,0.082,0.096
13044,Dominican Republic,1919,0.059,0.068
13045,Dominican Republic,1920,0.049,0.054
13046,Dominican Republic,1921,0.048,0.052
13047,Dominican Republic,1922,0.022,0.023
13048,Dominican Republic,1923,0.036,0.037
13049,Dominican Republic,1924,0.022,0.022
13050,Dominican Republic,1925,0.025,0.024
13051,Dominican Republic,1926,0.031,0.028
13052,Dominican Republic,1927,0.026,0.023
13053,Dominican Republic,1928,0.016,0.013
13054,Dominican Republic,1929,0.022,0.018
13055,Dominican Republic,1930,0.026,0.021
13056,Dominican Republic,1931,0.01,0.008
13057,Dominican Republic,1932,0.012,0.009
13058,Dominican Republic,1933,0.008,0.006
13059,Dominican Republic,1934,0.009,0.006
13060,Dominican Republic,1935,0.012,0.008
13061,Dominican Republic,1936,0.011,0.007
13062,Dominican Republic,1937,0.007,0.004
13063,Dominican Republic,1938,0.004,0.002
13064,Dominican Republic,1939,0.0,0.0
13065,Dominican Republic,1940,0.01,0.006
13066,Dominican Republic,1941,0.002,0.001
13067,Dominican Republic,1942,0.006,0.003
13068,Dominican Republic,1943,0.014,0.007
13069,Dominican Republic,1944,0.001,0.0
13070,Dominican Republic,1945,0.002,0.001
13071,Dominican Republic,1946,0.008,0.004
13072,Dominican Republic,1947,0.017,0.008
13073,Dominican Republic,1948,0.036,0.016
13074,Dominican Republic,1949,0.027,0.012
13075,Dominican Republic,1950,0.348,0.146
13076,Dominican Republic,1951,0.359,0.146
13077,Dominican Republic,1952,0.593,0.235
13078,Dominican Republic,1953,0.619,0.238
13079,Dominican Republic,1954,0.626,0.233
13080,Dominican Republic,1955,0.915,0.329
13081,Dominican Republic,1956,0.985,0.343
13082,Dominican Republic,1957,1.032,0.348
13083,Dominican Republic,1958,1.065,0.348
13084,Dominican Republic,1959,1.113,0.352
13085,Dominican Republic,1960,1.04,0.318
13086,Dominican Republic,1961,1.029,0.305
13087,Dominican Republic,1962,1.241,0.357
13088,Dominican Republic,1963,1.249,0.348
13089,Dominican Republic,1964,1.747,0.472
13090,Dominican Republic,1965,1.545,0.406
13091,Dominican Republic,1966,1.67,0.426
13092,Dominican Republic,1967,1.567,0.388
13093,Dominican Republic,1968,2.347,0.565
13094,Dominican Republic,1969,2.651,0.62
13095,Dominican Republic,1970,3.105,0.706
13096,Dominican Republic,1971,3.519,0.778
13097,Dominican Republic,1972,4.669,1.004
13098,Dominican Republic,1973,5.959,1.246
13099,Dominican Republic,1974,6.41,1.304
13100,Dominican Republic,1975,6.333,1.255
13101,Dominican Republic,1976,6.322,1.22
13102,Dominican Republic,1977,5.599,1.053
13103,Dominican Republic,1978,5.43,0.996
13104,Dominican Republic,1979,6.786,1.214
13105,Dominican Republic,1980,6.427,1.122
13106,Dominican Republic,1981,6.135,1.045
13107,Dominican Republic,1982,6.303,1.049
13108,Dominican Republic,1983,7.866,1.28
13109,Dominican Republic,1984,7.39,1.175
13110,Dominican Republic,1985,7.242,1.126
13111,Dominican Republic,1986,8.121,1.236
13112,Dominican Republic,1987,9.687,1.443
13113,Dominican Republic,1988,9.74,1.421
13114,Dominican Republic,1989,10.258,1.465
13115,Dominican Republic,1990,8.936,1.25
13116,Dominican Republic,1991,9.538,1.307
13117,Dominican Republic,1992,10.418,1.399
13118,Dominican Republic,1993,11.209,1.476
13119,Dominican Republic,1994,11.796,1.524
13120,Dominican Republic,1995,15.107,1.915
13121,Dominican Republic,1996,16.484,2.052
13122,Dominican Republic,1997,17.266,2.112
13123,Dominican Republic,1998,17.788,2.14
13124,Dominican Republic,1999,17.821,2.11
13125,Dominican Republic,2000,18.992,2.212
13126,Dominican Republic,2001,19.145,2.195
13127,Dominican Republic,2002,20.949,2.367
13128,Dominican Republic,2003,21.345,2.377
13129,Dominican Republic,2004,17.333,1.904
13130,Dominican Republic,2005,17.941,1.945
13131,Dominican Republic,2006,19.112,2.046
13132,Dominican Republic,2007,19.993,2.114
13133,Dominican Republic,2008,20.332,2.124
13134,Dominican Republic,2009,19.781,2.04
13135,Dominican Republic,2010,20.553,2.093
13136,Dominican Republic,2011,21.318,2.143
13137,Dominican Republic,2012,21.255,2.111
13138,Dominican Republic,2013,21.267,2.086
13139,Dominican Republic,2014,21.801,2.113
13140,Dominican Republic,2015,23.495,2.252
13141,Dominican Republic,2016,24.645,2.336
13142,Dominican Republic,2017,24.017,2.252
13143,Dominican Republic,2018,25.756,2.389
13144,Dominican Republic,2019,28.375,2.605
13145,Dominican Republic,2020,27.015,2.454
13146,Dominican Republic,2021,30.835,2.772
13147,Dominican Republic,2022,30.431,2.71
13148,Dominican Republic,2023,32.02,2.826
13293,East Timor,1994,0.0,0.0
13294,East Timor,1995,0.0,0.0
13295,East Timor,1996,0.0,0.0
13296,East Timor,1997,0.0,0.0
13297,East Timor,1998,0.061,0.064
13298,East Timor,1999,0.153,0.183
13299,East Timor,2000,0.22,0.295
13300,East Timor,2001,0.119,0.146
13301,East Timor,2002,0.262,0.298
13302,East Timor,2003,0.249,0.271
13303,East Timor,2004,0.497,0.535
13304,East Timor,2005,0.321,0.339
13305,East Timor,2006,0.317,0.324
13306,East Timor,2007,0.288,0.287
13307,East Timor,2008,0.285,0.276
13308,East Timor,2009,0.322,0.304
13309,East Timor,2010,0.313,0.289
13310,East Timor,2011,0.434,0.391
13311,East Timor,2012,0.591,0.521
13312,East Timor,2013,0.619,0.534
13313,East Timor,2014,0.624,0.528
13314,East Timor,2015,0.59,0.489
13315,East Timor,2016,0.643,0.523
13316,East Timor,2017,0.69,0.551
13317,East Timor,2018,0.617,0.484
13318,East Timor,2019,0.675,0.519
13319,East Timor,2020,0.646,0.488
13320,East Timor,2021,0.62,0.459
13321,East Timor,2022,0.649,0.474
13322,East Timor,2023,0.632,0.457
13365,Ecuador,1892,0.0,0.0
13366,Ecuador,1893,0.0,0.0
13367,Ecuador,1894,0.0,0.0
13368,Ecuador,1895,0.003,0.002
13369,Ecuador,1896,0.0,0.0
13370,Ecuador,1897,0.001,0.001
13371,Ecuador,1898,0.0,0.0
13372,Ecuador,1899,0.002,0.001
13373,Ecuador,1900,0.0,0.0
13374,Ecuador,1901,0.0,0.0
13375,Ecuador,1902,0.0,0.0
13376,Ecuador,1903,0.003,0.002
13377,Ecuador,1904,0.004,0.003
13378,Ecuador,1905,0.037,0.024
13379,Ecuador,1906,0.013,0.008
13380,Ecuador,1907,0.0,0.0
13381,Ecuador,1908,0.008,0.005
13382,Ecuador,1909,0.036,0.021
13383,Ecuador,1910,0.056,0.033
13384,Ecuador,1911,0.051,0.03
13385,Ecuador,1912,0.047,0.027
13386,Ecuador,1913,0.053,0.031
13387,Ecuador,1914,0.029,0.017
13388,Ecuador,1915,0.024,0.014
13389,Ecuador,1916,0.05,0.028
13390,Ecuador,1917,0.062,0.034
13391,Ecuador,1918,0.031,0.017
13392,Ecuador,1919,0.033,0.018
13393,Ecuador,1920,0.039,0.021
13394,Ecuador,1921,0.037,0.02
13395,Ecuador,1922,0.036,0.019
13396,Ecuador,1923,0.042,0.022
13397,Ecuador,1924,0.052,0.027
13398,Ecuador,1925,0.073,0.037
13399,Ecuador,1926,0.113,0.057
13400,Ecuador,1927,0.235,0.119
13401,Ecuador,1928,0.474,0.237
13402,Ecuador,1929,0.601,0.297
13403,Ecuador,1930,0.678,0.33
13404,Ecuador,1931,0.767,0.367
13405,Ecuador,1932,0.712,0.334
13406,Ecuador,1933,0.727,0.333
13407,Ecuador,1934,0.734,0.328
13408,Ecuador,1935,0.785,0.343
13409,Ecuador,1936,0.877,0.374
13410,Ecuador,1937,0.976,0.406
13411,Ecuador,1938,1.031,0.419
13412,Ecuador,1939,1.07,0.424
13413,Ecuador,1940,1.089,0.42
13414,Ecuador,1941,0.729,0.273
13415,Ecuador,1942,1.052,0.383
13416,Ecuador,1943,1.055,0.372
13417,Ecuador,1944,1.327,0.454
13418,Ecuador,1945,1.228,0.407
13419,Ecuador,1946,1.103,0.354
13420,Ecuador,1947,1.158,0.36
13421,Ecuador,1948,1.287,0.388
13422,Ecuador,1949,1.302,0.381
13423,Ecuador,1950,0.74,0.21
13424,Ecuador,1951,0.704,0.195
13425,Ecuador,1952,0.895,0.242
13426,Ecuador,1953,0.821,0.216
13427,Ecuador,1954,0.963,0.247
13428,Ecuador,1955,1.198,0.299
13429,Ecuador,1956,1.296,0.315
13430,Ecuador,1957,1.132,0.268
13431,Ecuador,1958,1.322,0.304
13432,Ecuador,1959,1.293,0.29
13433,Ecuador,1960,1.762,0.384
13434,Ecuador,1961,1.644,0.348
13435,Ecuador,1962,1.564,0.322
13436,Ecuador,1963,1.794,0.359
13437,Ecuador,1964,2.142,0.416
13438,Ecuador,1965,2.274,0.429
13439,Ecuador,1966,2.417,0.442
13440,Ecuador,1967,2.589,0.46
13441,Ecuador,1968,3.113,0.537
13442,Ecuador,1969,3.589,0.601
13443,Ecuador,1970,4.278,0.695
13444,Ecuador,1971,4.219,0.666
13445,Ecuador,1972,4.589,0.703
13446,Ecuador,1973,5.256,0.782
13447,Ecuador,1974,6.084,0.879
13448,Ecuador,1975,7.355,1.033
13449,Ecuador,1976,8.101,1.107
13450,Ecuador,1977,7.472,0.993
13451,Ecuador,1978,10.406,1.345
13452,Ecuador,1979,12.14,1.527
13453,Ecuador,1980,13.407,1.642
13454,Ecuador,1981,16.653,1.986
13455,Ecuador,1982,19.235,2.234
13456,Ecuador,1983,19.503,2.206
13457,Ecuador,1984,21.19,2.335
13458,Ecuador,1985,19.353,2.078
13459,Ecuador,1986,15.194,1.592
13460,Ecuador,1987,15.022,1.536
13461,Ecuador,1988,17.169,1.715
13462,Ecuador,1989,20.154,1.968
13463,Ecuador,1990,16.458,1.571
13464,Ecuador,1991,16.157,1.51
13465,Ecuador,1992,21.96,2.009
13466,Ecuador,1993,24.089,2.16
13467,Ecuador,1994,14.307,1.258
13468,Ecuador,1995,23.498,2.027
13469,Ecuador,1996,25.3,2.142
13470,Ecuador,1997,19.429,1.615
13471,Ecuador,1998,23.09,1.885
13472,Ecuador,1999,21.976,1.762
13473,Ecuador,2000,20.927,1.649
13474,Ecuador,2001,23.408,1.813
13475,Ecuador,2002,24.827,1.89
13476,Ecuador,2003,27.072,2.024
13477,Ecuador,2004,29.258,2.15
13478,Ecuador,2005,30.59,2.209
13479,Ecuador,2006,29.69,2.108
13480,Ecuador,2007,34.279,2.392
13481,Ecuador,2008,30.314,2.08
13482,Ecuador,2009,33.599,2.266
13483,Ecuador,2010,36.276,2.406
13484,Ecuador,2011,38.264,2.497
13485,Ecuador,2012,37.409,2.402
13486,Ecuador,2013,39.655,2.509
13487,Ecuador,2014,43.731,2.727
13488,Ecuador,2015,41.276,2.538
13489,Ecuador,2016,39.357,2.385
13490,Ecuador,2017,39.174,2.337
13491,Ecuador,2018,38.429,2.254
13492,Ecuador,2019,40.062,2.31
13493,Ecuador,2020,32.909,1.876
13494,Ecuador,2021,38.204,2.161
13495,Ecuador,2022,40.522,2.273
13496,Ecuador,2023,43.173,2.401
13558,Egypt,1911,0.011,0.001
13559,Egypt,1912,0.084,0.007
13560,Egypt,1913,0.04,0.003
13561,Egypt,1914,0.308,0.026
13562,Egypt,1915,0.092,0.008
13563,Egypt,1916,0.18,0.015
13564,Egypt,1917,0.421,0.034
13565,Egypt,1918,0.865,0.069
13566,Egypt,1919,0.689,0.055
13567,Egypt,1920,0.454,0.036
13568,Egypt,1921,0.561,0.044
13569,Egypt,1922,0.531,0.041
13570,Egypt,1923,0.469,0.036
13571,Egypt,1924,0.498,0.037
13572,Egypt,1925,0.553,0.041
13573,Egypt,1926,0.531,0.039
13574,Egypt,1927,0.568,0.041
13575,Egypt,1928,0.868,0.062
13576,Egypt,1929,0.923,0.066
13577,Egypt,1930,1.021,0.072
13578,Egypt,1931,1.007,0.07
13579,Egypt,1932,0.952,0.065
13580,Egypt,1933,0.871,0.059
13581,Egypt,1934,0.823,0.055
13582,Egypt,1935,0.746,0.049
13583,Egypt,1936,0.728,0.047
13584,Egypt,1937,0.687,0.044
13585,Egypt,1938,0.878,0.055
13586,Egypt,1939,2.226,0.138
13587,Egypt,1940,3.029,0.184
13588,Egypt,1941,3.952,0.236
13589,Egypt,1942,3.835,0.223
13590,Egypt,1943,4.102,0.233
13591,Egypt,1944,4.358,0.241
13592,Egypt,1945,4.355,0.234
13593,Egypt,1946,4.222,0.221
13594,Egypt,1947,4.413,0.225
13595,Egypt,1948,6.149,0.306
13596,Egypt,1949,7.46,0.362
13597,Egypt,1950,10.233,0.484
13598,Egypt,1951,10.559,0.489
13599,Egypt,1952,10.893,0.493
13600,Egypt,1953,10.779,0.476
13601,Egypt,1954,11.664,0.503
13602,Egypt,1955,10.642,0.447
13603,Egypt,1956,9.942,0.408
13604,Egypt,1957,11.917,0.477
13605,Egypt,1958,13.683,0.534
13606,Egypt,1959,12.707,0.484
13607,Egypt,1960,16.033,0.596
13608,Egypt,1961,17.066,0.618
13609,Egypt,1962,18.571,0.655
13610,Egypt,1963,21.527,0.74
13611,Egypt,1964,25.491,0.854
13612,Egypt,1965,27.609,0.901
13613,Egypt,1966,26.532,0.845
13614,Egypt,1967,19.65,0.61
13615,Egypt,1968,22.873,0.693
13616,Egypt,1969,19.665,0.582
13617,Egypt,1970,21.654,0.625
13618,Egypt,1971,23.012,0.649
13619,Egypt,1972,25.475,0.703
13620,Egypt,1973,23.761,0.64
13621,Egypt,1974,26.089,0.687
13622,Egypt,1975,31.06,0.799
13623,Egypt,1976,34.45,0.866
13624,Egypt,1977,37.815,0.928
13625,Egypt,1978,39.261,0.94
13626,Egypt,1979,42.89,1.002
13627,Egypt,1980,45.176,1.028
13628,Egypt,1981,50.903,1.127
13629,Egypt,1982,56.431,1.216
13630,Egypt,1983,56.98,1.192
13631,Egypt,1984,63.704,1.294
13632,Egypt,1985,63.807,1.258
13633,Egypt,1986,74.393,1.425
13634,Egypt,1987,74.614,1.39
13635,Egypt,1988,74.309,1.346
13636,Egypt,1989,71.905,1.268
13637,Egypt,1990,75.218,1.288
13638,Egypt,1991,77.296,1.288
13639,Egypt,1992,79.94,1.3
13640,Egypt,1993,92.278,1.467
13641,Egypt,1994,88.373,1.375
13642,Egypt,1995,98.994,1.508
13643,Egypt,1996,97.951,1.461
13644,Egypt,1997,111.705,1.632
13645,Egypt,1998,125.026,1.788
13646,Egypt,1999,128.221,1.793
13647,Egypt,2000,143.836,1.968
13648,Egypt,2001,127.657,1.71
13649,Egypt,2002,129.155,1.694
13650,Egypt,2003,149.919,1.926
13651,Egypt,2004,152.576,1.92
13652,Egypt,2005,168.217,2.074
13653,Egypt,2006,179.194,2.167
13654,Egypt,2007,188.805,2.24
13655,Egypt,2008,197.728,2.303
13656,Egypt,2009,206.478,2.36
13657,Egypt,2010,203.608,2.283
13658,Egypt,2011,216.917,2.381
13659,Egypt,2012,213.734,2.294
13660,Egypt,2013,211.419,2.218
13661,Egypt,2014,226.899,2.326
13662,Egypt,2015,224.48,2.254
13663,Egypt,2016,239.382,2.355
13664,Egypt,2017,260.675,2.514
13665,Egypt,2018,249.217,2.358
13666,Egypt,2019,258.742,2.406
13667,Egypt,2020,235.358,2.153
13668,Egypt,2021,260.936,2.352
13669,Egypt,2022,271.169,2.408
13670,Egypt,2023,269.006,2.349
13791,El Salvador,1870,0.0,0.0
13792,El Salvador,1871,0.0,0.0
13793,El Salvador,1872,0.0,0.0
13794,El Salvador,1873,0.0,0.0
13795,El Salvador,1874,0.0,0.0
13796,El Salvador,1875,0.0,0.0
13797,El Salvador,1876,0.0,0.0
13798,El Salvador,1877,0.0,0.0
13799,El Salvador,1878,0.0,0.0
13800,El Salvador,1879,0.0,0.0
13801,El Salvador,1880,0.0,0.0
13802,El Salvador,1881,0.0,0.0
13803,El Salvador,1882,0.0,0.0
13804,El Salvador,1883,0.0,0.0
13805,El Salvador,1884,0.0,0.0
13806,El Salvador,1885,0.0,0.0
13807,El Salvador,1886,0.0,0.0
13808,El Salvador,1887,0.0,0.0
13809,El Salvador,1888,0.0,0.0
13810,El Salvador,1889,0.0,0.0
13811,El Salvador,1890,0.0,0.0
13812,El Salvador,1891,0.0,0.0
13813,El Salvador,1892,0.0,0.0
13814,El Salvador,1893,0.0,0.0
13815,El Salvador,1894,0.0,0.0
13816,El Salvador,1895,0.0,0.0
13817,El Salvador,1896,0.006,0.007
13818,El Salvador,1897,0.008,0.01
13819,El Salvador,1898,0.0,0.0
13820,El Salvador,1899,0.002,0.002
13821,El Salvador,1900,0.0,0.0
13822,El Salvador,1901,0.0,0.0
13823,El Salvador,1902,0.0,0.0
13824,El Salvador,1903,0.0,0.0
13825,El Salvador,1904,0.0,0.0
13826,El Salvador,1905,0.0,0.0
13827,El Salvador,1906,0.001,0.001
13828,El Salvador,1907,0.001,0.001
13829,El Salvador,1908,0.0,0.0
13830,El Salvador,1909,0.0,0.0
13831,El Salvador,1910,0.0,0.0
13832,El Salvador,1911,0.0,0.0
13833,El Salvador,1912,0.0,0.0
13834,El Salvador,1913,0.004,0.004
13835,El Salvador,1914,0.0,0.0
13836,El Salvador,1915,0.0,0.0
13837,El Salvador,1916,0.0,0.0
13838,El Salvador,1917,0.0,0.0
13839,El Salvador,1918,0.0,0.0
13840,El Salvador,1919,0.006,0.005
13841,El Salvador,1920,0.008,0.006
13842,El Salvador,1921,0.0,0.0
13843,El Salvador,1922,0.0,0.0
13844,El Salvador,1923,0.0,0.0
13845,El Salvador,1924,0.0,0.0
13846,El Salvador,1925,0.0,0.0
13847,El Salvador,1926,0.0,0.0
13848,El Salvador,1927,0.01,0.007
13849,El Salvador,1928,0.011,0.007
13850,El Salvador,1929,0.013,0.008
13851,El Salvador,1930,0.001,0.0
13852,El Salvador,1931,0.0,0.0
13853,El Salvador,1932,0.01,0.006
13854,El Salvador,1933,0.009,0.005
13855,El Salvador,1934,0.0,0.0
13856,El Salvador,1935,0.002,0.001
13857,El Salvador,1936,0.0,0.0
13858,El Salvador,1937,0.0,0.0
13859,El Salvador,1938,0.0,0.0
13860,El Salvador,1939,0.001,0.0
13861,El Salvador,1940,0.0,0.0
13862,El Salvador,1941,0.0,0.0
13863,El Salvador,1942,0.0,0.0
13864,El Salvador,1943,0.001,0.0
13865,El Salvador,1944,0.0,0.0
13866,El Salvador,1945,0.0,0.0
13867,El Salvador,1946,0.0,0.0
13868,El Salvador,1947,0.0,0.0
13869,El Salvador,1948,0.001,0.0
13870,El Salvador,1949,0.0,0.0
13871,El Salvador,1950,0.268,0.123
13872,El Salvador,1951,0.323,0.145
13873,El Salvador,1952,0.389,0.17
13874,El Salvador,1953,0.418,0.178
13875,El Salvador,1954,0.47,0.196
13876,El Salvador,1955,0.462,0.188
13877,El Salvador,1956,0.527,0.209
13878,El Salvador,1957,0.597,0.231
13879,El Salvador,1958,0.597,0.225
13880,El Salvador,1959,0.604,0.222
13881,El Salvador,1960,0.619,0.222
13882,El Salvador,1961,0.582,0.203
13883,El Salvador,1962,0.648,0.22
13884,El Salvador,1963,1.125,0.371
13885,El Salvador,1964,1.231,0.395
13886,El Salvador,1965,1.04,0.325
13887,El Salvador,1966,1.304,0.396
13888,El Salvador,1967,1.157,0.342
13889,El Salvador,1968,1.26,0.362
13890,El Salvador,1969,1.19,0.333
13891,El Salvador,1970,1.428,0.389
13892,El Salvador,1971,1.509,0.402
13893,El Salvador,1972,1.677,0.436
13894,El Salvador,1973,1.967,0.499
13895,El Salvador,1974,1.97,0.489
13896,El Salvador,1975,2.105,0.511
13897,El Salvador,1976,2.207,0.524
13898,El Salvador,1977,2.282,0.53
13899,El Salvador,1978,2.381,0.542
13900,El Salvador,1979,2.377,0.53
13901,El Salvador,1980,2.119,0.467
13902,El Salvador,1981,1.819,0.398
13903,El Salvador,1982,1.752,0.379
13904,El Salvador,1983,1.885,0.401
13905,El Salvador,1984,1.588,0.331
13906,El Salvador,1985,1.965,0.402
13907,El Salvador,1986,1.967,0.394
13908,El Salvador,1987,2.414,0.474
13909,El Salvador,1988,2.433,0.468
13910,El Salvador,1989,2.547,0.481
13911,El Salvador,1990,2.475,0.458
13912,El Salvador,1991,3.155,0.574
13913,El Salvador,1992,3.317,0.594
13914,El Salvador,1993,3.976,0.702
13915,El Salvador,1994,4.513,0.79
13916,El Salvador,1995,4.998,0.867
13917,El Salvador,1996,4.414,0.76
13918,El Salvador,1997,5.416,0.927
13919,El Salvador,1998,5.731,0.975
13920,El Salvador,1999,5.588,0.945
13921,El Salvador,2000,5.671,0.954
13922,El Salvador,2001,5.857,0.981
13923,El Salvador,2002,6.07,1.014
13924,El Salvador,2003,6.435,1.073
13925,El Salvador,2004,6.254,1.041
13926,El Salvador,2005,6.298,1.049
13927,El Salvador,2006,6.718,1.119
13928,El Salvador,2007,6.846,1.139
13929,El Salvador,2008,6.405,1.062
13930,El Salvador,2009,6.312,1.044
13931,El Salvador,2010,6.319,1.041
13932,El Salvador,2011,6.499,1.067
13933,El Salvador,2012,6.472,1.059
13934,El Salvador,2013,6.094,0.993
13935,El Salvador,2014,6.151,0.998
13936,El Salvador,2015,6.668,1.078
13937,El Salvador,2016,6.596,1.064
13938,El Salvador,2017,5.97,0.961
13939,El Salvador,2018,6.263,1.007
13940,El Salvador,2019,7.553,1.214
13941,El Salvador,2020,6.594,1.058
13942,El Salvador,2021,7.581,1.212
13943,El Salvador,2022,7.8,1.242
13944,El Salvador,2023,8.23,1.304
14045,Equatorial Guinea,1950,0.011,0.049
14046,Equatorial Guinea,1951,0.011,0.048
14047,Equatorial Guinea,1952,0.011,0.047
14048,Equatorial Guinea,1953,0.011,0.046
14049,Equatorial Guinea,1954,0.029,0.121
14050,Equatorial Guinea,1955,0.037,0.148
14051,Equatorial Guinea,1956,0.037,0.146
14052,Equatorial Guinea,1957,0.033,0.129
14053,Equatorial Guinea,1958,0.048,0.183
14054,Equatorial Guinea,1959,0.048,0.18
14055,Equatorial Guinea,1960,0.022,0.081
14056,Equatorial Guinea,1961,0.022,0.08
14057,Equatorial Guinea,1962,0.022,0.078
14058,Equatorial Guinea,1963,0.026,0.09
14059,Equatorial Guinea,1964,0.026,0.088
14060,Equatorial Guinea,1965,0.029,0.098
14061,Equatorial Guinea,1966,0.026,0.084
14062,Equatorial Guinea,1967,0.026,0.082
14063,Equatorial Guinea,1968,0.029,0.092
14064,Equatorial Guinea,1969,0.044,0.136
14065,Equatorial Guinea,1970,0.037,0.114
14066,Equatorial Guinea,1971,0.066,0.209
14067,Equatorial Guinea,1972,0.088,0.284
14068,Equatorial Guinea,1973,0.029,0.097
14069,Equatorial Guinea,1974,0.051,0.174
14070,Equatorial Guinea,1975,0.062,0.216
14071,Equatorial Guinea,1976,0.062,0.222
14072,Equatorial Guinea,1977,0.062,0.225
14073,Equatorial Guinea,1978,0.07,0.252
14074,Equatorial Guinea,1979,0.062,0.223
14075,Equatorial Guinea,1980,0.059,0.203
14076,Equatorial Guinea,1981,0.07,0.23
14077,Equatorial Guinea,1982,0.073,0.227
14078,Equatorial Guinea,1983,0.062,0.181
14079,Equatorial Guinea,1984,0.081,0.221
14080,Equatorial Guinea,1985,0.066,0.171
14081,Equatorial Guinea,1986,0.081,0.199
14082,Equatorial Guinea,1987,0.099,0.234
14083,Equatorial Guinea,1988,0.106,0.242
14084,Equatorial Guinea,1989,0.117,0.257
14085,Equatorial Guinea,1990,0.062,0.131
14086,Equatorial Guinea,1991,0.066,0.134
14087,Equatorial Guinea,1992,0.066,0.129
14088,Equatorial Guinea,1993,0.07,0.131
14089,Equatorial Guinea,1994,1.153,2.096
14090,Equatorial Guinea,1995,1.227,2.148
14091,Equatorial Guinea,1996,1.356,2.284
14092,Equatorial Guinea,1997,1.975,3.201
14093,Equatorial Guinea,1998,2.302,3.589
14094,Equatorial Guinea,1999,2.511,3.764
14095,Equatorial Guinea,2000,2.699,3.838
14096,Equatorial Guinea,2001,3.095,4.127
14097,Equatorial Guinea,2002,2.761,3.461
14098,Equatorial Guinea,2003,3.133,3.696
14099,Equatorial Guinea,2004,6.137,6.82
14100,Equatorial Guinea,2005,6.208,6.553
14101,Equatorial Guinea,2006,6.182,6.242
14102,Equatorial Guinea,2007,5.724,5.525
14103,Equatorial Guinea,2008,5.942,5.479
14104,Equatorial Guinea,2009,4.902,4.316
14105,Equatorial Guinea,2010,6.402,5.384
14106,Equatorial Guinea,2011,6.095,4.908
14107,Equatorial Guinea,2012,6.901,5.335
14108,Equatorial Guinea,2013,8.196,6.088
14109,Equatorial Guinea,2014,7.672,5.481
14110,Equatorial Guinea,2015,7.033,4.838
14111,Equatorial Guinea,2016,7.558,5.011
14112,Equatorial Guinea,2017,6.832,4.372
14113,Equatorial Guinea,2018,7.052,4.362
14114,Equatorial Guinea,2019,5.535,3.314
14115,Equatorial Guinea,2020,6.411,3.735
14116,Equatorial Guinea,2021,7.119,4.048
14117,Equatorial Guinea,2022,6.826,3.785
14118,Equatorial Guinea,2023,6.141,3.324
14208,Eritrea,1939,0.015,0.021
14209,Eritrea,1940,0.007,0.01
14210,Eritrea,1941,0.004,0.005
14211,Eritrea,1942,0.011,0.015
14212,Eritrea,1943,0.015,0.02
14213,Eritrea,1944,0.018,0.024
14263,Eritrea,1994,0.707,0.37
14264,Eritrea,1995,0.79,0.39
14265,Eritrea,1996,0.862,0.405
14266,Eritrea,1997,0.768,0.357
14267,Eritrea,1998,0.586,0.269
14268,Eritrea,1999,0.615,0.278
14269,Eritrea,2000,0.604,0.269
14270,Eritrea,2001,0.637,0.276
14271,Eritrea,2002,0.509,0.213
14272,Eritrea,2003,0.78,0.313
14273,Eritrea,2004,0.633,0.244
14274,Eritrea,2005,0.586,0.22
14275,Eritrea,2006,0.454,0.168
14276,Eritrea,2007,0.424,0.155
14277,Eritrea,2008,0.398,0.141
14278,Eritrea,2009,0.446,0.154
14279,Eritrea,2010,0.468,0.159
14280,Eritrea,2011,0.578,0.193
14281,Eritrea,2012,0.608,0.2
14282,Eritrea,2013,0.57,0.185
14283,Eritrea,2014,0.569,0.184
14284,Eritrea,2015,0.554,0.179
14285,Eritrea,2016,0.557,0.178
14286,Eritrea,2017,0.557,0.177
14287,Eritrea,2018,0.623,0.195
14288,Eritrea,2019,0.645,0.199
14289,Eritrea,2020,0.641,0.195
14290,Eritrea,2021,0.682,0.203
14291,Eritrea,2022,0.623,0.183
14292,Eritrea,2023,0.621,0.179
14293,Estonia,1830,0.0,0.0
14294,Estonia,1831,0.0,0.001
14295,Estonia,1832,0.0,0.0
14296,Estonia,1833,0.0,0.0
14297,Estonia,1850,0.001,0.002
14302,Estonia,1855,0.003,0.007
14305,Estonia,1858,0.005,0.009
14306,Estonia,1859,0.005,0.01
14307,Estonia,1860,0.007,0.013
14308,Estonia,1861,0.009,0.016
14309,Estonia,1862,0.008,0.014
14310,Estonia,1863,0.008,0.015
14311,Estonia,1864,0.009,0.016
14312,Estonia,1865,0.009,0.015
14313,Estonia,1866,0.028,0.048
14314,Estonia,1867,0.032,0.054
14315,Estonia,1868,0.027,0.045
14316,Estonia,1869,0.036,0.06
14317,Estonia,1870,0.039,0.064
14318,Estonia,1871,0.053,0.085
14319,Estonia,1872,0.054,0.087
14320,Estonia,1873,0.051,0.08
14321,Estonia,1874,0.062,0.096
14322,Estonia,1875,0.071,0.11
14323,Estonia,1876,0.088,0.134
14324,Estonia,1877,0.09,0.136
14325,Estonia,1878,0.117,0.175
14326,Estonia,1879,0.12,0.177
14327,Estonia,1880,0.141,0.206
14328,Estonia,1881,0.149,0.214
14329,Estonia,1882,0.157,0.223
14330,Estonia,1883,0.178,0.251
14331,Estonia,1884,0.181,0.251
14332,Estonia,1885,0.197,0.271
14333,Estonia,1886,0.202,0.274
14334,Estonia,1887,0.214,0.287
14335,Estonia,1888,0.223,0.295
14336,Estonia,1889,0.241,0.315
14337,Estonia,1890,0.273,0.353
14338,Estonia,1891,0.301,0.384
14339,Estonia,1892,0.318,0.401
14340,Estonia,1893,0.373,0.465
14341,Estonia,1894,0.38,0.468
14342,Estonia,1895,0.437,0.531
14343,Estonia,1896,0.445,0.534
14344,Estonia,1897,0.514,0.61
14345,Estonia,1898,0.577,0.676
14346,Estonia,1899,0.669,0.775
14347,Estonia,1900,0.758,0.868
14348,Estonia,1901,0.778,0.88
14349,Estonia,1902,0.751,0.84
14350,Estonia,1903,0.735,0.812
14351,Estonia,1904,0.818,0.892
14352,Estonia,1905,0.73,0.787
14353,Estonia,1906,0.833,0.887
14354,Estonia,1907,0.933,0.982
14355,Estonia,1908,0.938,0.976
14356,Estonia,1909,0.991,1.018
14357,Estonia,1910,0.971,0.986
14358,Estonia,1911,1.007,1.01
14359,Estonia,1912,1.141,1.13
14360,Estonia,1913,1.239,1.213
14361,Estonia,1914,1.119,1.081
14362,Estonia,1915,1.027,0.981
14363,Estonia,1916,1.094,1.032
14364,Estonia,1917,1.007,0.939
14365,Estonia,1918,0.402,0.37
14366,Estonia,1919,0.343,0.313
14367,Estonia,1920,0.313,0.283
14368,Estonia,1921,0.339,0.305
14369,Estonia,1922,0.414,0.371
14370,Estonia,1923,0.457,0.41
14371,Estonia,1924,0.545,0.488
14372,Estonia,1925,0.537,0.481
14373,Estonia,1926,0.779,0.696
14374,Estonia,1927,0.968,0.865
14375,Estonia,1928,1.088,0.971
14376,Estonia,1929,1.169,1.043
14377,Estonia,1930,1.583,1.411
14378,Estonia,1931,1.9,1.693
14379,Estonia,1932,2.138,1.906
14380,Estonia,1933,2.389,2.13
14381,Estonia,1934,2.889,2.576
14382,Estonia,1935,3.271,2.917
14383,Estonia,1936,3.753,3.348
14384,Estonia,1937,3.84,3.426
14385,Estonia,1938,4.054,3.618
14386,Estonia,1939,4.103,3.663
14387,Estonia,1940,4.904,4.383
14388,Estonia,1941,4.309,3.857
14389,Estonia,1942,2.339,2.098
14390,Estonia,1943,2.442,2.195
14391,Estonia,1944,3.541,3.191
14392,Estonia,1945,3.75,3.388
14393,Estonia,1946,4.216,3.818
14394,Estonia,1947,5.078,4.609
14395,Estonia,1948,5.405,4.917
14396,Estonia,1949,6.144,5.59
14397,Estonia,1950,6.851,6.216
14398,Estonia,1951,7.426,6.653
14399,Estonia,1952,7.952,7.038
14400,Estonia,1953,8.414,7.364
14401,Estonia,1954,9.191,7.959
14402,Estonia,1955,10.423,8.932
14403,Estonia,1956,11.428,9.699
14404,Estonia,1957,12.506,10.52
14405,Estonia,1958,13.35,11.121
14406,Estonia,1959,14.038,11.602
14407,Estonia,1960,14.618,11.978
14408,Estonia,1961,15.075,12.205
14409,Estonia,1962,15.822,12.661
14410,Estonia,1963,16.965,13.424
14411,Estonia,1964,18.039,14.111
14412,Estonia,1965,19.136,14.802
14413,Estonia,1966,20.208,15.468
14414,Estonia,1967,21.128,16.005
14415,Estonia,1968,21.718,16.277
14416,Estonia,1969,22.615,16.768
14417,Estonia,1970,23.791,17.469
14418,Estonia,1971,25.25,18.37
14419,Estonia,1972,26.573,19.156
14420,Estonia,1973,27.702,19.796
14421,Estonia,1974,28.764,20.377
14422,Estonia,1975,30.243,21.245
14423,Estonia,1976,31.406,21.888
14424,Estonia,1977,32.473,22.449
14425,Estonia,1978,33.584,23.03
14426,Estonia,1979,33.859,23.064
14427,Estonia,1980,35.195,23.837
14428,Estonia,1981,34.522,23.242
14429,Estonia,1982,35.174,23.529
14430,Estonia,1983,35.677,23.702
14431,Estonia,1984,35.996,23.75
14432,Estonia,1985,38.828,25.456
14433,Estonia,1986,38.826,25.284
14434,Estonia,1987,37.896,24.492
14435,Estonia,1988,38.002,24.374
14436,Estonia,1989,38.932,24.836
14437,Estonia,1990,36.917,23.509
14438,Estonia,1991,34.144,21.812
14439,Estonia,1992,24.418,15.854
14440,Estonia,1993,19.435,12.919
14441,Estonia,1994,20.041,13.58
14442,Estonia,1995,18.055,12.428
14443,Estonia,1996,19.034,13.267
14444,Estonia,1997,18.673,13.136
14445,Estonia,1998,16.933,11.999
14446,Estonia,1999,15.929,11.349
14447,Estonia,2000,15.471,11.074
14448,Estonia,2001,15.87,11.432
14449,Estonia,2002,15.358,11.133
14450,Estonia,2003,17.251,12.584
14451,Estonia,2004,17.322,12.712
14452,Estonia,2005,17.09,12.614
14453,Estonia,2006,16.438,12.205
14454,Estonia,2007,19.93,14.866
14455,Estonia,2008,17.815,13.324
14456,Estonia,2009,14.405,10.794
14457,Estonia,2010,18.965,14.244
14458,Estonia,2011,18.948,14.275
14459,Estonia,2012,17.761,13.429
14460,Estonia,2013,19.634,14.898
14461,Estonia,2014,18.784,14.29
14462,Estonia,2015,15.78,12.004
14463,Estonia,2016,17.433,13.248
14464,Estonia,2017,18.616,14.131
14465,Estonia,2018,17.801,13.465
14466,Estonia,2019,12.288,9.261
14467,Estonia,2020,9.198,6.918
14468,Estonia,2021,10.391,7.802
14469,Estonia,2022,11.757,8.708
14470,Estonia,2023,10.019,7.328
14571,Eswatini,1950,0.004,0.013
14572,Eswatini,1951,0.004,0.013
14573,Eswatini,1952,0.004,0.013
14574,Eswatini,1953,0.004,0.013
14575,Eswatini,1954,0.004,0.012
14576,Eswatini,1955,0.004,0.012
14577,Eswatini,1956,0.004,0.012
14578,Eswatini,1957,0.004,0.011
14579,Eswatini,1958,0.004,0.011
14580,Eswatini,1959,0.004,0.011
14581,Eswatini,1960,0.033,0.095
14582,Eswatini,1961,0.004,0.01
14585,Eswatini,1964,0.011,0.029
14586,Eswatini,1965,0.081,0.208
14587,Eswatini,1966,0.202,0.505
14588,Eswatini,1967,0.227,0.555
14589,Eswatini,1968,0.278,0.664
14590,Eswatini,1969,0.304,0.707
14591,Eswatini,1970,0.366,0.83
14592,Eswatini,1971,0.399,0.881
14593,Eswatini,1972,0.381,0.818
14594,Eswatini,1973,0.37,0.773
14595,Eswatini,1974,0.311,0.632
14596,Eswatini,1975,0.337,0.664
14597,Eswatini,1976,0.333,0.637
14598,Eswatini,1977,0.341,0.631
14599,Eswatini,1978,0.44,0.787
14600,Eswatini,1979,0.447,0.774
14601,Eswatini,1980,0.465,0.78
14602,Eswatini,1981,0.436,0.707
14603,Eswatini,1982,0.436,0.684
14604,Eswatini,1983,0.271,0.411
14605,Eswatini,1984,0.333,0.49
14606,Eswatini,1985,0.44,0.623
14607,Eswatini,1986,0.458,0.623
14608,Eswatini,1987,0.436,0.571
14609,Eswatini,1988,0.436,0.545
14610,Eswatini,1989,0.436,0.52
14611,Eswatini,1990,0.96,1.1
14612,Eswatini,1991,0.872,0.96
14613,Eswatini,1992,0.832,0.882
14614,Eswatini,1993,0.711,0.732
14615,Eswatini,1994,1.077,1.109
14616,Eswatini,1995,1.063,1.095
14617,Eswatini,1996,0.788,0.796
14618,Eswatini,1997,1.143,1.136
14619,Eswatini,1998,1.161,1.139
14620,Eswatini,1999,1.238,1.201
14621,Eswatini,2000,1.209,1.161
14622,Eswatini,2001,1.096,1.042
14623,Eswatini,2002,1.081,1.02
14624,Eswatini,2003,1.004,0.941
14625,Eswatini,2004,1.0,0.932
14626,Eswatini,2005,1.015,0.941
14627,Eswatini,2006,1.015,0.936
14628,Eswatini,2007,1.041,0.954
14629,Eswatini,2008,1.022,0.931
14630,Eswatini,2009,1.059,0.958
14631,Eswatini,2010,0.997,0.897
14632,Eswatini,2011,1.008,0.901
14633,Eswatini,2012,1.169,1.04
14634,Eswatini,2013,1.4,1.239
14635,Eswatini,2014,0.769,0.677
14636,Eswatini,2015,0.868,0.76
14637,Eswatini,2016,1.055,0.918
14638,Eswatini,2017,0.986,0.851
14639,Eswatini,2018,1.033,0.884
14640,Eswatini,2019,1.121,0.95
14641,Eswatini,2020,1.121,0.94
14642,Eswatini,2021,1.011,0.838
14643,Eswatini,2022,1.08,0.886
14644,Eswatini,2023,1.104,0.897
14836,Ethiopia,1941,0.011,0.001
14837,Ethiopia,1942,0.011,0.001
14838,Ethiopia,1943,0.011,0.001
14843,Ethiopia,1948,0.004,0.0
14844,Ethiopia,1949,0.004,0.0
14845,Ethiopia,1950,0.088,0.005
14846,Ethiopia,1951,0.062,0.003
14847,Ethiopia,1952,0.099,0.005
14848,Ethiopia,1953,0.183,0.01
14849,Ethiopia,1954,0.271,0.014
14850,Ethiopia,1955,0.227,0.012
14851,Ethiopia,1956,0.242,0.012
14852,Ethiopia,1957,0.322,0.016
14853,Ethiopia,1958,0.319,0.016
14854,Ethiopia,1959,0.337,0.016
14855,Ethiopia,1960,0.352,0.016
14856,Ethiopia,1961,0.341,0.016
14857,Ethiopia,1962,0.396,0.018
14858,Ethiopia,1963,0.421,0.018
14859,Ethiopia,1964,0.407,0.017
14860,Ethiopia,1965,0.644,0.027
14861,Ethiopia,1966,0.824,0.033
14862,Ethiopia,1967,1.073,0.042
14863,Ethiopia,1968,1.725,0.065
14864,Ethiopia,1969,1.666,0.062
14865,Ethiopia,1970,1.652,0.059
14866,Ethiopia,1971,1.849,0.065
14867,Ethiopia,1972,1.406,0.048
14868,Ethiopia,1973,1.751,0.058
14869,Ethiopia,1974,1.736,0.056
14870,Ethiopia,1975,1.209,0.038
14871,Ethiopia,1976,1.175,0.036
14872,Ethiopia,1977,1.047,0.032
14873,Ethiopia,1978,1.369,0.041
14874,Ethiopia,1979,1.844,0.054
14875,Ethiopia,1980,1.817,0.053
14876,Ethiopia,1981,1.86,0.053
14877,Ethiopia,1982,1.474,0.04
14878,Ethiopia,1983,1.835,0.049
14879,Ethiopia,1984,1.65,0.043
14880,Ethiopia,1985,1.799,0.045
14881,Ethiopia,1986,2.195,0.053
14882,Ethiopia,1987,2.554,0.06
14883,Ethiopia,1988,2.64,0.06
14884,Ethiopia,1989,2.794,0.061
14885,Ethiopia,1990,2.987,0.063
14886,Ethiopia,1991,2.958,0.06
14887,Ethiopia,1992,2.937,0.057
14888,Ethiopia,1993,2.994,0.056
14889,Ethiopia,1994,2.197,0.04
14890,Ethiopia,1995,2.506,0.044
14891,Ethiopia,1996,2.794,0.047
14892,Ethiopia,1997,2.98,0.049
14893,Ethiopia,1998,3.147,0.05
14894,Ethiopia,1999,3.094,0.047
14895,Ethiopia,2000,3.463,0.051
14896,Ethiopia,2001,4.265,0.061
14897,Ethiopia,2002,4.432,0.062
14898,Ethiopia,2003,4.87,0.066
14899,Ethiopia,2004,5.159,0.068
14900,Ethiopia,2005,4.956,0.063
14901,Ethiopia,2006,5.318,0.066
14902,Ethiopia,2007,5.84,0.07
14903,Ethiopia,2008,6.418,0.075
14904,Ethiopia,2009,6.453,0.073
14905,Ethiopia,2010,6.344,0.07
14906,Ethiopia,2011,7.41,0.08
14907,Ethiopia,2012,8.058,0.084
14908,Ethiopia,2013,9.839,0.1
14909,Ethiopia,2014,11.671,0.115
14910,Ethiopia,2015,12.699,0.122
14911,Ethiopia,2016,14.495,0.136
14912,Ethiopia,2017,14.774,0.135
14913,Ethiopia,2018,15.787,0.14
14914,Ethiopia,2019,17.236,0.149
14915,Ethiopia,2020,15.85,0.133
14916,Ethiopia,2021,16.161,0.132
14917,Ethiopia,2022,15.157,0.121
14918,Ethiopia,2023,15.227,0.118
16562,Faroe Islands,1950,0.04,1.272
16563,Faroe Islands,1951,0.04,1.262
16564,Faroe Islands,1952,0.055,1.716
16565,Faroe Islands,1953,0.084,2.628
16566,Faroe Islands,1954,0.077,2.398
16567,Faroe Islands,1955,0.099,3.078
16568,Faroe Islands,1956,0.114,3.511
16569,Faroe Islands,1957,0.095,2.909
16570,Faroe Islands,1958,0.117,3.532
16571,Faroe Islands,1959,0.099,2.938
16572,Faroe Islands,1960,0.059,1.717
16573,Faroe Islands,1961,0.114,3.285
16574,Faroe Islands,1962,0.117,3.351
16575,Faroe Islands,1963,0.125,3.518
16576,Faroe Islands,1964,0.121,3.371
16577,Faroe Islands,1965,0.136,3.727
16578,Faroe Islands,1966,0.139,3.779
16579,Faroe Islands,1967,0.169,4.528
16580,Faroe Islands,1968,0.183,4.874
16581,Faroe Islands,1969,0.213,5.603
16582,Faroe Islands,1970,0.256,6.698
16583,Faroe Islands,1971,0.26,6.718
16584,Faroe Islands,1972,0.234,5.982
16585,Faroe Islands,1973,0.253,6.375
16586,Faroe Islands,1974,0.3,7.486
16587,Faroe Islands,1975,0.348,8.575
16588,Faroe Islands,1976,0.33,8.034
16589,Faroe Islands,1977,0.407,9.803
16590,Faroe Islands,1978,0.399,9.511
16591,Faroe Islands,1979,0.48,11.282
16592,Faroe Islands,1980,0.421,9.778
16593,Faroe Islands,1981,0.44,10.072
16594,Faroe Islands,1982,0.458,10.364
16595,Faroe Islands,1983,0.487,10.903
16596,Faroe Islands,1984,0.498,11.032
16597,Faroe Islands,1985,0.517,11.33
16598,Faroe Islands,1986,0.491,10.667
16599,Faroe Islands,1987,0.498,10.719
16600,Faroe Islands,1988,0.528,11.231
16601,Faroe Islands,1989,0.579,12.178
16602,Faroe Islands,1990,0.703,14.803
16603,Faroe Islands,1991,0.656,14.002
16604,Faroe Islands,1992,0.649,14.085
16605,Faroe Islands,1993,0.583,12.901
16606,Faroe Islands,1994,0.575,13.016
16607,Faroe Islands,1995,0.572,13.031
16608,Faroe Islands,1996,0.601,13.594
16609,Faroe Islands,1997,0.59,13.236
16610,Faroe Islands,1998,0.623,13.866
16611,Faroe Islands,1999,0.63,13.93
16612,Faroe Islands,2000,0.689,15.077
16613,Faroe Islands,2001,0.762,16.474
16614,Faroe Islands,2002,0.725,15.484
16615,Faroe Islands,2003,0.733,15.445
16616,Faroe Islands,2004,0.747,15.559
16617,Faroe Islands,2005,0.722,14.918
16618,Faroe Islands,2006,0.678,13.989
16619,Faroe Islands,2007,0.689,14.203
16620,Faroe Islands,2008,0.63,12.986
16621,Faroe Islands,2009,0.575,11.858
16622,Faroe Islands,2010,0.63,13.078
16623,Faroe Islands,2011,0.568,11.842
16624,Faroe Islands,2012,0.59,12.261
16625,Faroe Islands,2013,0.649,13.428
16626,Faroe Islands,2014,0.597,12.31
16627,Faroe Islands,2015,0.608,12.434
16628,Faroe Islands,2016,0.63,12.718
16629,Faroe Islands,2017,0.707,14.068
16630,Faroe Islands,2018,0.725,14.208
16631,Faroe Islands,2019,0.74,14.269
16632,Faroe Islands,2020,0.758,14.415
16633,Faroe Islands,2021,0.78,14.636
16634,Faroe Islands,2022,0.79,14.619
16635,Faroe Islands,2023,0.798,14.572
16836,Fiji,1950,0.121,0.391
16837,Fiji,1951,0.132,0.417
16838,Fiji,1952,0.158,0.487
16839,Fiji,1953,0.169,0.509
16840,Fiji,1954,0.158,0.464
16841,Fiji,1955,0.172,0.493
16842,Fiji,1956,0.194,0.541
16843,Fiji,1957,0.165,0.446
16844,Fiji,1958,0.176,0.462
16845,Fiji,1959,0.198,0.504
16846,Fiji,1960,0.194,0.48
16847,Fiji,1961,0.169,0.404
16848,Fiji,1962,0.231,0.536
16849,Fiji,1963,0.242,0.544
16850,Fiji,1964,0.425,0.927
16851,Fiji,1965,0.344,0.728
16852,Fiji,1966,0.322,0.662
16853,Fiji,1967,0.355,0.712
16854,Fiji,1968,0.396,0.775
16855,Fiji,1969,0.432,0.83
16856,Fiji,1970,0.52,0.979
16857,Fiji,1971,0.549,1.015
16858,Fiji,1972,0.579,1.051
16859,Fiji,1973,0.63,1.126
16860,Fiji,1974,0.67,1.181
16861,Fiji,1975,0.623,1.081
16862,Fiji,1976,0.483,0.825
16863,Fiji,1977,0.765,1.279
16864,Fiji,1978,0.709,1.158
16865,Fiji,1979,0.836,1.334
16866,Fiji,1980,0.792,1.234
16867,Fiji,1981,1.077,1.638
16868,Fiji,1982,0.835,1.24
16869,Fiji,1983,0.709,1.028
16870,Fiji,1984,0.577,0.817
16871,Fiji,1985,0.573,0.792
16872,Fiji,1986,0.598,0.809
16873,Fiji,1987,0.472,0.629
16874,Fiji,1988,0.55,0.725
16875,Fiji,1989,0.625,0.816
16876,Fiji,1990,0.801,1.036
16877,Fiji,1991,0.655,0.84
16878,Fiji,1992,0.73,0.93
16879,Fiji,1993,0.729,0.922
16880,Fiji,1994,0.723,0.91
16881,Fiji,1995,0.737,0.922
16882,Fiji,1996,0.792,0.986
16883,Fiji,1997,0.764,0.941
16884,Fiji,1998,0.743,0.904
16885,Fiji,1999,0.756,0.909
16886,Fiji,2000,0.815,0.969
16887,Fiji,2001,1.004,1.182
16888,Fiji,2002,0.835,0.974
16889,Fiji,2003,0.989,1.142
16890,Fiji,2004,1.293,1.479
16891,Fiji,2005,1.026,1.163
16892,Fiji,2006,1.147,1.288
16893,Fiji,2007,1.085,1.208
16894,Fiji,2008,0.791,0.876
16895,Fiji,2009,0.7,0.771
16896,Fiji,2010,1.03,1.131
16897,Fiji,2011,0.934,1.023
16898,Fiji,2012,0.912,0.997
16899,Fiji,2013,1.037,1.132
16900,Fiji,2014,1.18,1.286
16901,Fiji,2015,1.242,1.352
16902,Fiji,2016,1.176,1.28
16903,Fiji,2017,1.308,1.424
16904,Fiji,2018,1.356,1.478
16905,Fiji,2019,1.356,1.482
16906,Fiji,2020,1.004,1.097
16907,Fiji,2021,1.096,1.195
16908,Fiji,2022,1.122,1.22
16909,Fiji,2023,1.146,1.24
16920,Finland,1860,0.037,0.021
16921,Finland,1861,0.073,0.042
16922,Finland,1862,0.073,0.042
16923,Finland,1863,0.077,0.044
16924,Finland,1864,0.048,0.027
16925,Finland,1865,0.062,0.036
16926,Finland,1866,0.07,0.04
16927,Finland,1867,0.062,0.036
16928,Finland,1868,0.088,0.05
16929,Finland,1869,0.07,0.04
16930,Finland,1870,0.092,0.052
16931,Finland,1871,0.114,0.064
16932,Finland,1872,0.092,0.051
16933,Finland,1873,0.088,0.048
16934,Finland,1874,0.125,0.067
16935,Finland,1875,0.084,0.044
16936,Finland,1876,0.095,0.05
16937,Finland,1877,0.114,0.058
16938,Finland,1878,0.128,0.065
16939,Finland,1879,0.077,0.038
16940,Finland,1880,0.099,0.048
16941,Finland,1881,0.099,0.048
16942,Finland,1882,0.121,0.057
16943,Finland,1883,0.117,0.055
16944,Finland,1884,0.143,0.066
16945,Finland,1885,0.22,0.1
16946,Finland,1886,0.128,0.057
16947,Finland,1887,0.128,0.057
16948,Finland,1888,0.121,0.053
16949,Finland,1889,0.161,0.069
16950,Finland,1890,0.209,0.089
16951,Finland,1891,0.22,0.092
16952,Finland,1892,0.194,0.08
16953,Finland,1893,0.194,0.079
16954,Finland,1894,0.22,0.089
16955,Finland,1895,0.234,0.094
16956,Finland,1896,0.297,0.117
16957,Finland,1897,0.517,0.202
16958,Finland,1898,0.487,0.189
16959,Finland,1899,0.736,0.282
16960,Finland,1900,0.601,0.227
16961,Finland,1901,0.421,0.158
16962,Finland,1902,0.399,0.148
16963,Finland,1903,0.513,0.188
16964,Finland,1904,0.528,0.192
16965,Finland,1905,0.586,0.211
16966,Finland,1906,0.616,0.219
16967,Finland,1907,0.887,0.312
16968,Finland,1908,1.407,0.491
16969,Finland,1909,1.282,0.443
16970,Finland,1910,1.063,0.364
16971,Finland,1911,1.315,0.447
16972,Finland,1912,1.484,0.5
16973,Finland,1913,1.663,0.557
16974,Finland,1914,0.689,0.229
16975,Finland,1915,0.106,0.035
16976,Finland,1916,0.18,0.059
16977,Finland,1917,0.121,0.039
16978,Finland,1918,0.073,0.024
16979,Finland,1919,0.238,0.077
16980,Finland,1920,0.275,0.088
16981,Finland,1921,0.282,0.089
16982,Finland,1922,0.711,0.223
16983,Finland,1923,1.477,0.458
16984,Finland,1924,1.744,0.536
16985,Finland,1925,1.711,0.521
16986,Finland,1926,1.598,0.482
16987,Finland,1927,2.851,0.852
16988,Finland,1928,3.128,0.926
16989,Finland,1929,3.351,0.983
16990,Finland,1930,2.648,0.77
16991,Finland,1931,3.011,0.869
16992,Finland,1932,3.022,0.865
16993,Finland,1933,3.224,0.917
16994,Finland,1934,3.953,1.116
16995,Finland,1935,3.516,0.986
16996,Finland,1936,4.963,1.382
16997,Finland,1937,6.78,1.875
16998,Finland,1938,5.696,1.564
16999,Finland,1939,4.871,1.328
17000,Finland,1940,2.314,0.626
17001,Finland,1941,3.245,0.871
17002,Finland,1942,2.81,0.749
17003,Finland,1943,3.945,1.043
17004,Finland,1944,2.725,0.714
17005,Finland,1945,0.64,0.166
17006,Finland,1946,3.282,0.847
17007,Finland,1947,5.45,1.395
17008,Finland,1948,8.458,2.147
17009,Finland,1949,4.933,1.242
17010,Finland,1950,6.545,1.633
17011,Finland,1951,7.977,1.971
17012,Finland,1952,8.655,2.116
17013,Finland,1953,7.566,1.828
17014,Finland,1954,9.152,2.186
17015,Finland,1955,10.925,2.58
17016,Finland,1956,12.168,2.842
17017,Finland,1957,12.241,2.831
17018,Finland,1958,10.607,2.433
17019,Finland,1959,13.556,3.085
17020,Finland,1960,15.087,3.406
17021,Finland,1961,14.922,3.345
17022,Finland,1962,16.79,3.738
17023,Finland,1963,19.336,4.274
17024,Finland,1964,22.828,5.018
17025,Finland,1965,25.3,5.543
17026,Finland,1966,29.489,6.437
17027,Finland,1967,28.588,6.206
17028,Finland,1968,33.281,7.192
17029,Finland,1969,37.897,8.196
17030,Finland,1970,40.355,8.761
17031,Finland,1971,40.537,8.789
17032,Finland,1972,44.106,9.507
17033,Finland,1973,49.32,10.57
17034,Finland,1974,46.608,9.937
17035,Finland,1975,46.026,9.769
17036,Finland,1976,51.198,10.835
17037,Finland,1977,50.137,10.581
17038,Finland,1978,51.825,10.905
17039,Finland,1979,54.237,11.384
17040,Finland,1980,58.139,12.165
17041,Finland,1981,51.403,10.709
17042,Finland,1982,42.976,8.904
17043,Finland,1983,41.463,8.539
17044,Finland,1984,42.147,8.633
17045,Finland,1985,49.549,10.107
17046,Finland,1986,53.214,10.82
17047,Finland,1987,57.533,11.665
17048,Finland,1988,52.058,10.524
17049,Finland,1989,52.448,10.565
17050,Finland,1990,56.921,11.415
17051,Finland,1991,55.195,11.008
17052,Finland,1992,54.272,10.764
17053,Finland,1993,56.32,11.116
17054,Finland,1994,61.74,12.133
17055,Finland,1995,58.122,11.379
17056,Finland,1996,64.04,12.496
17057,Finland,1997,62.703,12.199
17058,Finland,1998,59.358,11.518
17059,Finland,1999,58.874,11.398
17060,Finland,2000,57.017,11.015
17061,Finland,2001,62.521,12.051
17062,Finland,2002,65.049,12.508
17063,Finland,2003,72.658,13.938
17064,Finland,2004,68.946,13.187
17065,Finland,2005,57.064,10.877
17066,Finland,2006,68.373,12.983
17067,Finland,2007,66.764,12.624
17068,Finland,2008,58.625,11.033
17069,Finland,2009,55.92,10.474
17070,Finland,2010,64.092,11.95
17071,Finland,2011,56.647,10.513
17072,Finland,2012,51.155,9.449
17073,Finland,2013,51.719,9.509
17074,Finland,2014,47.622,8.719
17075,Finland,2015,44.192,8.065
17076,Finland,2016,47.251,8.598
17077,Finland,2017,44.657,8.107
17078,Finland,2018,45.734,8.292
17079,Finland,2019,42.442,7.686
17080,Finland,2020,37.7,6.818
17081,Finland,2021,37.798,6.821
17082,Finland,2022,36.367,6.53
17083,Finland,2023,31.622,5.646
17084,France,1802,2.239,0.077
17085,France,1804,2.176,0.074
17086,France,1810,2.121,0.07
17087,France,1811,2.052,0.068
17088,France,1812,2.217,0.073
17089,France,1813,2.048,0.067
17090,France,1814,2.092,0.068
17091,France,1815,2.341,0.076
17092,France,1816,2.499,0.081
17093,France,1817,2.66,0.086
17094,France,1818,2.382,0.077
17095,France,1819,2.557,0.082
17096,France,1820,2.902,0.093
17097,France,1821,3.012,0.096
17098,France,1822,3.169,0.1
17099,France,1823,3.169,0.1
17100,France,1824,3.517,0.11
17101,France,1825,3.957,0.123
17102,France,1826,4.089,0.126
17103,France,1827,5.91,0.181
17104,France,1828,6.243,0.19
17105,France,1829,6.075,0.184
17106,France,1830,6.551,0.197
17107,France,1831,6.053,0.181
17108,France,1832,6.679,0.199
17109,France,1833,7.247,0.215
17110,France,1834,8.922,0.263
17111,France,1835,9.259,0.272
17112,France,1836,10.637,0.311
17113,France,1837,11.351,0.33
17114,France,1838,11.868,0.343
17115,France,1839,11.571,0.333
17116,France,1840,11.798,0.338
17117,France,1841,13.821,0.394
17118,France,1842,14.528,0.413
17119,France,1843,14.55,0.412
17120,France,1844,15.261,0.43
17121,France,1845,17.836,0.501
17122,France,1846,18.529,0.518
17123,France,1847,20.841,0.58
17124,France,1848,16.69,0.463
17125,France,1849,17.386,0.48
17126,France,1850,19.617,0.54
17127,France,1851,20.038,0.55
17128,France,1852,21.57,0.591
17129,France,1853,25.34,0.692
17130,France,1854,29.213,0.796
17131,France,1855,33.071,0.899
17132,France,1856,34.632,0.94
17133,France,1857,35.281,0.955
17134,France,1858,34.595,0.934
17135,France,1859,34.991,0.943
17136,France,1860,38.131,1.025
17137,France,1861,41.242,1.106
17138,France,1862,43.525,1.164
17139,France,1863,44.188,1.178
17140,France,1864,46.83,1.245
17141,France,1865,49.303,1.308
17142,France,1866,53.56,1.417
17143,France,1867,54.278,1.432
17144,France,1868,55.532,1.461
17145,France,1869,56.942,1.494
17146,France,1870,50.538,1.323
17147,France,1871,50.263,1.314
17148,France,1872,60.925,1.59
17149,France,1873,65.849,1.716
17150,France,1874,62.643,1.631
17151,France,1875,65.26,1.697
17152,France,1876,65.358,1.697
17153,France,1877,63.926,1.658
17154,France,1878,65.223,1.689
17155,France,1879,67.498,1.746
17156,France,1880,76.149,1.966
17157,France,1881,77.985,2.01
17158,France,1882,82.308,2.117
17159,France,1883,86.32,2.215
17160,France,1884,82.913,2.123
17161,France,1885,79.714,2.037
17162,France,1886,79.073,2.016
17163,France,1887,83.29,2.119
17164,France,1888,86.654,2.2
17165,France,1889,88.797,2.25
17166,France,1890,97.818,2.474
17167,France,1891,97.983,2.475
17168,France,1892,98.122,2.475
17169,France,1893,96.33,2.427
17170,France,1894,101.9,2.564
17171,France,1895,102.775,2.583
17172,France,1896,106.282,2.668
17173,France,1897,111.261,2.79
17174,France,1898,115.046,2.882
17175,France,1899,120.3,3.01
17176,France,1900,129.277,3.23
17177,France,1901,125.005,3.12
17178,France,1902,117.662,2.933
17179,France,1903,129.343,3.22
17180,France,1904,125.998,3.133
17181,France,1905,127.427,3.165
17182,France,1906,136.568,3.387
17183,France,1907,145.596,3.607
17184,France,1908,146.714,3.63
17185,France,1909,150.096,3.714
17186,France,1910,150.612,3.733
17187,France,1911,156.907,3.901
17188,France,1912,158.578,3.96
17189,France,1913,171.112,4.298
17190,France,1914,118.351,2.99
17191,France,1915,103.233,2.623
17192,France,1916,109.689,2.804
17193,France,1917,121.604,3.126
17194,France,1918,108.451,2.804
17195,France,1919,116.141,3.012
17196,France,1920,151.778,3.939
17197,France,1921,137.909,3.573
17198,France,1922,163.151,4.21
17199,France,1923,184.189,4.722
17200,France,1924,206.635,5.264
17201,France,1925,213.827,5.412
17202,France,1926,213.732,5.374
17203,France,1927,213.04,5.322
17204,France,1928,211.619,5.253
17205,France,1929,234.282,5.787
17206,France,1930,237.634,5.85
17207,France,1931,217.494,5.345
17208,France,1932,191.775,4.713
17209,France,1933,199.387,4.907
17210,France,1934,201.35,4.963
17211,France,1935,195.372,4.823
17212,France,1936,198.079,4.897
17213,France,1937,217.705,5.39
17214,France,1938,201.798,5.003
17215,France,1939,194.617,4.827
17216,France,1940,137.737,3.415
17217,France,1941,119.927,2.968
17218,France,1942,122.496,3.024
17219,France,1943,125.246,3.081
17220,France,1944,79.986,1.96
17221,France,1945,107.166,2.617
17222,France,1946,165.245,4.02
17223,France,1947,183.624,4.451
17224,France,1948,196.501,4.746
17225,France,1949,229.051,5.506
17226,France,1950,202.279,4.83
17227,France,1951,228.729,5.403
17228,France,1952,226.986,5.306
17229,France,1953,214.548,4.963
17230,France,1954,226.352,5.182
17231,France,1955,238.982,5.415
17232,France,1956,268.499,6.022
17233,France,1957,277.497,6.162
17234,France,1958,266.154,5.85
17235,France,1959,261.89,5.698
17236,France,1960,296.602,6.388
17237,France,1961,316.22,6.743
17238,France,1962,333.477,7.042
17239,France,1963,338.582,7.081
17240,France,1964,369.54,7.648
17241,France,1965,364.23,7.468
17242,France,1966,381.139,7.749
17243,France,1967,405.496,8.179
17244,France,1968,419.073,8.39
17245,France,1969,444.28,8.823
17246,France,1970,461.338,9.079
17247,France,1971,494.427,9.639
17248,France,1972,514.988,9.953
17249,France,1973,539.772,10.348
17250,France,1974,521.906,9.94
17251,France,1975,483.272,9.162
17252,France,1976,524.455,9.903
17253,France,1977,508.119,9.552
17254,France,1978,529.908,9.918
17255,France,1979,533.254,9.937
17256,France,1980,512.218,9.496
17257,France,1981,460.491,8.488
17258,France,1982,441.564,8.09
17259,France,1983,424.455,7.733
17260,France,1984,413.169,7.488
17261,France,1985,406.314,7.325
17262,France,1986,391.448,7.021
17263,France,1987,388.852,6.938
17264,France,1988,386.506,6.858
17265,France,1989,400.329,7.062
17266,France,1990,393.717,6.909
17267,France,1991,417.859,7.296
17268,France,1992,407.316,7.077
17269,France,1993,387.699,6.707
17270,France,1994,380.793,6.565
17271,France,1995,385.81,6.63
17272,France,1996,402.156,6.889
17273,France,1997,394.845,6.742
17274,France,1998,413.259,7.031
17275,France,1999,412.021,6.973
17276,France,2000,406.139,6.828
17277,France,2001,410.445,6.852
17278,France,2002,405.947,6.729
17279,France,2003,411.965,6.782
17280,France,2004,413.379,6.757
17281,France,2005,415.795,6.747
17282,France,2006,406.157,6.546
17283,France,2007,396.01,6.343
17284,France,2008,389.094,6.198
17285,France,2009,370.876,5.877
17286,France,2010,376.457,5.936
17287,France,2011,354.375,5.56
17288,France,2012,356.439,5.564
17289,France,2013,358.703,5.571
17290,France,2014,326.842,5.052
17291,France,2015,331.49,5.106
17292,France,2016,334.2,5.135
17293,France,2017,337.101,5.164
17294,France,2018,321.94,4.914
17295,France,2019,315.015,4.793
17296,France,2020,280.49,4.256
17297,France,2021,305.607,4.625
17298,France,2022,293.502,4.428
17299,France,2023,272.476,4.101
17404,French Polynesia,1955,0.044,0.595
17405,French Polynesia,1956,0.044,0.576
17406,French Polynesia,1957,0.051,0.654
17407,French Polynesia,1958,0.051,0.64
17408,French Polynesia,1959,0.029,0.358
17409,French Polynesia,1960,0.037,0.438
17410,French Polynesia,1961,0.059,0.686
17411,French Polynesia,1962,0.048,0.546
17412,French Polynesia,1963,0.066,0.735
17413,French Polynesia,1964,0.066,0.71
17414,French Polynesia,1965,0.084,0.878
17415,French Polynesia,1966,0.121,1.217
17416,French Polynesia,1967,0.139,1.355
17417,French Polynesia,1968,0.154,1.447
17418,French Polynesia,1969,0.161,1.464
17419,French Polynesia,1970,0.194,1.703
17420,French Polynesia,1971,0.227,1.926
17421,French Polynesia,1972,0.216,1.773
17422,French Polynesia,1973,0.209,1.659
17423,French Polynesia,1974,0.216,1.663
17424,French Polynesia,1975,0.213,1.585
17425,French Polynesia,1976,0.264,1.91
17426,French Polynesia,1977,0.275,1.931
17427,French Polynesia,1978,0.311,2.121
17428,French Polynesia,1979,0.282,1.861
17429,French Polynesia,1980,0.293,1.873
17430,French Polynesia,1981,0.33,2.042
17431,French Polynesia,1982,0.337,2.023
17432,French Polynesia,1983,0.421,2.453
17433,French Polynesia,1984,0.462,2.616
17434,French Polynesia,1985,0.59,3.259
17435,French Polynesia,1986,0.608,3.276
17436,French Polynesia,1987,0.612,3.213
17437,French Polynesia,1988,0.575,2.947
17438,French Polynesia,1989,0.542,2.716
17439,French Polynesia,1990,0.469,2.301
17440,French Polynesia,1991,0.469,2.257
17441,French Polynesia,1992,0.447,2.113
17442,French Polynesia,1993,0.469,2.179
17443,French Polynesia,1994,0.48,2.194
17444,French Polynesia,1995,0.473,2.128
17445,French Polynesia,1996,0.469,2.08
17446,French Polynesia,1997,0.491,2.143
17447,French Polynesia,1998,0.487,2.092
17448,French Polynesia,1999,0.539,2.276
17449,French Polynesia,2000,0.612,2.546
17450,French Polynesia,2001,0.725,2.972
17451,French Polynesia,2002,0.725,2.928
17452,French Polynesia,2003,0.78,3.101
17453,French Polynesia,2004,0.769,3.01
17454,French Polynesia,2005,0.828,3.191
17455,French Polynesia,2006,0.821,3.118
17456,French Polynesia,2007,0.813,3.053
17457,French Polynesia,2008,0.835,3.113
17458,French Polynesia,2009,0.839,3.113
17459,French Polynesia,2010,0.923,3.412
17460,French Polynesia,2011,0.887,3.263
17461,French Polynesia,2012,0.876,3.207
17462,French Polynesia,2013,0.879,3.201
17463,French Polynesia,2014,0.85,3.076
17464,French Polynesia,2015,0.846,3.046
17465,French Polynesia,2016,0.868,3.11
17466,French Polynesia,2017,0.872,3.113
17467,French Polynesia,2018,0.879,3.143
17468,French Polynesia,2019,0.89,3.191
17469,French Polynesia,2020,0.832,2.979
17470,French Polynesia,2021,0.876,3.13
17471,French Polynesia,2022,0.897,3.198
17472,French Polynesia,2023,0.916,3.259
17573,Gabon,1950,0.01,0.022
17574,Gabon,1951,0.014,0.029
17575,Gabon,1952,0.018,0.038
17576,Gabon,1953,0.015,0.032
17577,Gabon,1954,0.016,0.033
17578,Gabon,1955,0.016,0.033
17579,Gabon,1956,0.021,0.042
17580,Gabon,1957,0.022,0.045
17581,Gabon,1958,0.025,0.051
17582,Gabon,1959,0.022,0.043
17583,Gabon,1960,0.132,0.257
17584,Gabon,1961,0.165,0.318
17585,Gabon,1962,0.088,0.168
17586,Gabon,1963,0.073,0.138
17587,Gabon,1964,0.191,0.354
17588,Gabon,1965,0.216,0.396
17589,Gabon,1966,0.381,0.687
17590,Gabon,1967,1.011,1.796
17591,Gabon,1968,1.96,3.425
17592,Gabon,1969,1.433,2.456
17593,Gabon,1970,2.081,3.493
17594,Gabon,1971,2.843,4.674
17595,Gabon,1972,2.737,4.408
17596,Gabon,1973,5.309,8.374
17597,Gabon,1974,5.448,8.412
17598,Gabon,1975,5.364,8.1
17599,Gabon,1976,5.704,8.417
17600,Gabon,1977,6.306,9.087
17601,Gabon,1978,7.555,10.622
17602,Gabon,1979,6.747,9.25
17603,Gabon,1980,6.625,8.852
17604,Gabon,1981,6.564,8.543
17605,Gabon,1982,6.544,8.291
17606,Gabon,1983,5.509,6.792
17607,Gabon,1984,5.979,7.174
17608,Gabon,1985,6.299,7.352
17609,Gabon,1986,4.951,5.621
17610,Gabon,1987,4.009,4.428
17611,Gabon,1988,4.321,4.641
17612,Gabon,1989,5.757,6.015
17613,Gabon,1990,4.485,4.559
17614,Gabon,1991,4.522,4.473
17615,Gabon,1992,4.917,4.735
17616,Gabon,1993,4.975,4.665
17617,Gabon,1994,4.542,4.149
17618,Gabon,1995,5.22,4.648
17619,Gabon,1996,5.886,5.109
17620,Gabon,1997,5.527,4.678
17621,Gabon,1998,6.453,5.325
17622,Gabon,1999,6.014,4.838
17623,Gabon,2000,6.128,4.804
17624,Gabon,2001,6.48,4.948
17625,Gabon,2002,6.25,4.647
17626,Gabon,2003,6.746,4.88
17627,Gabon,2004,6.386,4.492
17628,Gabon,2005,6.223,4.252
17629,Gabon,2006,5.543,3.675
17630,Gabon,2007,5.038,3.237
17631,Gabon,2008,5.379,3.347
17632,Gabon,2009,5.304,3.192
17633,Gabon,2010,5.836,3.393
17634,Gabon,2011,5.828,3.27
17635,Gabon,2012,5.63,3.048
17636,Gabon,2013,5.927,3.098
17637,Gabon,2014,6.369,3.219
17638,Gabon,2015,6.476,3.173
17639,Gabon,2016,6.522,3.105
17640,Gabon,2017,5.495,2.547
17641,Gabon,2018,5.567,2.516
17642,Gabon,2019,5.331,2.351
17643,Gabon,2020,5.625,2.422
17644,Gabon,2021,5.531,2.327
17645,Gabon,2022,5.835,2.4
17646,Gabon,2023,5.411,2.178
17747,Gambia,1950,0.015,0.048
17748,Gambia,1951,0.015,0.047
17749,Gambia,1952,0.011,0.034
17750,Gambia,1953,0.011,0.033
17751,Gambia,1954,0.015,0.043
17752,Gambia,1955,0.015,0.042
17753,Gambia,1956,0.018,0.051
17754,Gambia,1957,0.022,0.06
17755,Gambia,1958,0.026,0.068
17756,Gambia,1959,0.018,0.047
17757,Gambia,1960,0.018,0.046
17758,Gambia,1961,0.022,0.054
17759,Gambia,1962,0.026,0.061
17760,Gambia,1963,0.029,0.068
17761,Gambia,1964,0.029,0.066
17762,Gambia,1965,0.029,0.064
17763,Gambia,1966,0.033,0.07
17764,Gambia,1967,0.033,0.068
17765,Gambia,1968,0.037,0.074
17766,Gambia,1969,0.048,0.093
17767,Gambia,1970,0.048,0.091
17768,Gambia,1971,0.055,0.102
17769,Gambia,1972,0.066,0.119
17770,Gambia,1973,0.062,0.109
17771,Gambia,1974,0.062,0.106
17772,Gambia,1975,0.099,0.163
17773,Gambia,1976,0.099,0.158
17774,Gambia,1977,0.114,0.176
17775,Gambia,1978,0.139,0.209
17776,Gambia,1979,0.147,0.212
17777,Gambia,1980,0.158,0.221
17778,Gambia,1981,0.158,0.213
17779,Gambia,1982,0.161,0.211
17780,Gambia,1983,0.161,0.203
17781,Gambia,1984,0.172,0.209
17782,Gambia,1985,0.172,0.201
17783,Gambia,1986,0.161,0.18
17784,Gambia,1987,0.18,0.193
17785,Gambia,1988,0.183,0.189
17786,Gambia,1989,0.18,0.178
17787,Gambia,1990,0.198,0.188
17788,Gambia,1991,0.198,0.18
17789,Gambia,1992,0.198,0.173
17790,Gambia,1993,0.209,0.176
17791,Gambia,1994,0.209,0.17
17792,Gambia,1995,0.216,0.171
17793,Gambia,1996,0.22,0.169
17794,Gambia,1997,0.224,0.167
17795,Gambia,1998,0.242,0.176
17796,Gambia,1999,0.275,0.194
17797,Gambia,2000,0.275,0.189
17798,Gambia,2001,0.3,0.201
17799,Gambia,2002,0.297,0.193
17800,Gambia,2003,0.297,0.188
17801,Gambia,2004,0.319,0.197
17802,Gambia,2005,0.322,0.193
17803,Gambia,2006,0.348,0.203
17804,Gambia,2007,0.348,0.197
17805,Gambia,2008,0.363,0.2
17806,Gambia,2009,0.374,0.2
17807,Gambia,2010,0.425,0.221
17808,Gambia,2011,0.443,0.223
17809,Gambia,2012,0.447,0.219
17810,Gambia,2013,0.425,0.202
17811,Gambia,2014,0.506,0.234
17812,Gambia,2015,0.583,0.262
17813,Gambia,2016,0.59,0.258
17814,Gambia,2017,0.594,0.253
17815,Gambia,2018,0.649,0.27
17816,Gambia,2019,0.711,0.289
17817,Gambia,2020,0.7,0.278
17818,Gambia,2021,0.725,0.282
17819,Gambia,2022,0.737,0.28
17820,Gambia,2023,0.711,0.264
17821,Georgia,1830,0.0,0.0
17822,Georgia,1831,0.0,0.0
17823,Georgia,1832,0.0,0.0
17824,Georgia,1833,0.0,0.0
17825,Georgia,1850,0.0,0.0
17830,Georgia,1855,0.001,0.001
17833,Georgia,1858,0.002,0.001
17834,Georgia,1859,0.002,0.001
17835,Georgia,1860,0.003,0.002
17836,Georgia,1861,0.004,0.002
17837,Georgia,1862,0.003,0.002
17838,Georgia,1863,0.003,0.002
17839,Georgia,1864,0.004,0.002
17840,Georgia,1865,0.004,0.002
17841,Georgia,1866,0.011,0.007
17842,Georgia,1867,0.013,0.008
17843,Georgia,1868,0.011,0.007
17844,Georgia,1869,0.015,0.009
17845,Georgia,1870,0.016,0.009
17846,Georgia,1871,0.021,0.013
17847,Georgia,1872,0.022,0.013
17848,Georgia,1873,0.021,0.012
17849,Georgia,1874,0.025,0.014
17850,Georgia,1875,0.029,0.016
17851,Georgia,1876,0.036,0.02
17852,Georgia,1877,0.037,0.02
17853,Georgia,1878,0.048,0.026
17854,Georgia,1879,0.049,0.027
17855,Georgia,1880,0.058,0.031
17856,Georgia,1881,0.061,0.032
17857,Georgia,1882,0.064,0.034
17858,Georgia,1883,0.073,0.038
17859,Georgia,1884,0.074,0.038
17860,Georgia,1885,0.08,0.042
17861,Georgia,1886,0.082,0.042
17862,Georgia,1887,0.087,0.044
17863,Georgia,1888,0.091,0.046
17864,Georgia,1889,0.098,0.049
17865,Georgia,1890,0.111,0.055
17866,Georgia,1891,0.123,0.06
17867,Georgia,1892,0.13,0.063
17868,Georgia,1893,0.152,0.073
17869,Georgia,1894,0.155,0.074
17870,Georgia,1895,0.178,0.084
17871,Georgia,1896,0.181,0.085
17872,Georgia,1897,0.21,0.097
17873,Georgia,1898,0.235,0.108
17874,Georgia,1899,0.273,0.124
17875,Georgia,1900,0.309,0.139
17876,Georgia,1901,0.317,0.142
17877,Georgia,1902,0.306,0.135
17878,Georgia,1903,0.3,0.131
17879,Georgia,1904,0.333,0.145
17880,Georgia,1905,0.298,0.128
17881,Georgia,1906,0.339,0.145
17882,Georgia,1907,0.38,0.161
17883,Georgia,1908,0.382,0.16
17884,Georgia,1909,0.404,0.168
17885,Georgia,1910,0.396,0.163
17886,Georgia,1911,0.41,0.167
17887,Georgia,1912,0.465,0.188
17888,Georgia,1913,0.505,0.202
17889,Georgia,1914,0.456,0.181
17890,Georgia,1915,0.418,0.165
17891,Georgia,1916,0.446,0.174
17892,Georgia,1917,0.41,0.158
17893,Georgia,1918,0.164,0.063
17894,Georgia,1919,0.14,0.053
17895,Georgia,1920,0.127,0.048
17896,Georgia,1921,0.138,0.051
17897,Georgia,1922,0.169,0.062
17898,Georgia,1923,0.186,0.068
17899,Georgia,1924,0.222,0.08
17900,Georgia,1925,0.219,0.079
17901,Georgia,1926,0.317,0.113
17902,Georgia,1927,0.395,0.139
17903,Georgia,1928,0.433,0.151
17904,Georgia,1929,0.467,0.162
17905,Georgia,1930,0.637,0.218
17906,Georgia,1931,0.766,0.26
17907,Georgia,1932,0.862,0.29
17908,Georgia,1933,0.965,0.322
17909,Georgia,1934,1.166,0.385
17910,Georgia,1935,1.318,0.432
17911,Georgia,1936,1.509,0.49
17912,Georgia,1937,1.545,0.497
17913,Georgia,1938,1.631,0.52
17914,Georgia,1939,1.651,0.521
17915,Georgia,1940,1.979,0.619
17916,Georgia,1941,1.738,0.539
17917,Georgia,1942,0.953,0.293
17918,Georgia,1943,0.995,0.303
17919,Georgia,1944,1.443,0.435
17920,Georgia,1945,1.522,0.455
17921,Georgia,1946,1.706,0.505
17922,Georgia,1947,2.052,0.602
17923,Georgia,1948,2.179,0.634
17924,Georgia,1949,2.476,0.713
17925,Georgia,1950,2.756,0.788
17926,Georgia,1951,2.984,0.843
17927,Georgia,1952,3.195,0.891
17928,Georgia,1953,3.379,0.93
17929,Georgia,1954,3.687,1.001
17930,Georgia,1955,4.18,1.119
17931,Georgia,1956,4.587,1.211
17932,Georgia,1957,5.022,1.305
17933,Georgia,1958,5.364,1.371
17934,Georgia,1959,5.64,1.417
17935,Georgia,1960,5.874,1.449
17936,Georgia,1961,6.064,1.469
17937,Georgia,1962,6.374,1.515
17938,Georgia,1963,6.844,1.598
17939,Georgia,1964,7.287,1.672
17940,Georgia,1965,7.734,1.746
17941,Georgia,1966,8.17,1.814
17942,Georgia,1967,8.551,1.866
17943,Georgia,1968,8.799,1.887
17944,Georgia,1969,9.17,1.933
17945,Georgia,1970,9.64,2.007
17946,Georgia,1971,10.241,2.115
17947,Georgia,1972,10.782,2.211
17948,Georgia,1973,11.247,2.29
17949,Georgia,1974,11.685,2.363
17950,Georgia,1975,12.291,2.468
17951,Georgia,1976,12.762,2.544
17952,Georgia,1977,13.195,2.611
17953,Georgia,1978,13.65,2.681
17954,Georgia,1979,13.761,2.683
17955,Georgia,1980,14.296,2.768
17956,Georgia,1981,14.035,2.696
17957,Georgia,1982,14.299,2.725
17958,Georgia,1983,14.504,2.742
17959,Georgia,1984,14.634,2.743
17960,Georgia,1985,15.774,2.934
17961,Georgia,1986,15.575,2.874
17962,Georgia,1987,15.728,2.88
17963,Georgia,1988,16.319,2.967
17964,Georgia,1989,16.196,2.945
17965,Georgia,1990,15.948,2.927
17966,Georgia,1991,15.872,2.95
17967,Georgia,1992,15.277,2.886
17968,Georgia,1993,9.916,1.915
17969,Georgia,1994,6.068,1.202
17970,Georgia,1995,2.29,0.465
17971,Georgia,1996,4.054,0.842
17972,Georgia,1997,4.426,0.943
17973,Georgia,1998,4.939,1.079
17974,Georgia,1999,4.311,0.968
17975,Georgia,2000,4.5,1.04
17976,Georgia,2001,3.725,0.885
17977,Georgia,2002,3.348,0.811
17978,Georgia,2003,3.732,0.913
17979,Georgia,2004,4.272,1.053
17980,Georgia,2005,5.014,1.245
17981,Georgia,2006,6.093,1.525
17982,Georgia,2007,6.362,1.603
17983,Georgia,2008,5.309,1.347
17984,Georgia,2009,6.136,1.566
17985,Georgia,2010,6.208,1.593
17986,Georgia,2011,7.805,2.017
17987,Georgia,2012,8.254,2.15
17988,Georgia,2013,8.013,2.104
17989,Georgia,2014,8.939,2.357
17990,Georgia,2015,9.756,2.573
17991,Georgia,2016,10.068,2.655
17992,Georgia,2017,10.173,2.682
17993,Georgia,2018,10.063,2.652
17994,Georgia,2019,10.887,2.867
17995,Georgia,2020,10.575,2.786
17996,Georgia,2021,11.094,2.929
17997,Georgia,2022,11.527,3.038
17998,Georgia,2023,11.769,3.091
18007,Germany,1800,0.795,0.044
18008,Germany,1801,0.535,0.029
18009,Germany,1802,0.553,0.03
18010,Germany,1803,0.535,0.028
18011,Germany,1804,1.008,0.052
18012,Germany,1805,1.041,0.053
18013,Germany,1806,0.938,0.047
18014,Germany,1807,2.689,0.133
18015,Germany,1808,0.898,0.044
18016,Germany,1809,0.931,0.045
18017,Germany,1810,0.978,0.046
18018,Germany,1811,0.927,0.043
18019,Germany,1812,0.912,0.042
18020,Germany,1813,0.89,0.04
18021,Germany,1814,0.883,0.039
18022,Germany,1815,1.03,0.045
18023,Germany,1816,2.385,0.102
18024,Germany,1817,3.382,0.143
18025,Germany,1818,3.532,0.146
18026,Germany,1819,3.276,0.134
18027,Germany,1820,3.382,0.136
18028,Germany,1821,3.532,0.14
18029,Germany,1822,3.631,0.142
18030,Germany,1823,4.034,0.156
18031,Germany,1824,3.232,0.124
18032,Germany,1825,4.338,0.164
18033,Germany,1826,4.188,0.157
18034,Germany,1827,4.54,0.168
18035,Germany,1828,4.54,0.166
18036,Germany,1829,3.631,0.131
18037,Germany,1830,4.793,0.171
18038,Germany,1831,4.591,0.162
18039,Germany,1832,3.448,0.12
18040,Germany,1833,4.378,0.151
18041,Germany,1834,4.411,0.151
18042,Germany,1835,4.932,0.167
18043,Germany,1836,5.192,0.174
18044,Germany,1837,5.95,0.197
18045,Germany,1838,6.632,0.218
18046,Germany,1839,7.02,0.228
18047,Germany,1840,9.175,0.295
18048,Germany,1841,9.548,0.304
18049,Germany,1842,10.882,0.344
18050,Germany,1843,10.3,0.323
18051,Germany,1844,10.882,0.338
18052,Germany,1845,12.611,0.389
18053,Germany,1846,13.187,0.404
18054,Germany,1847,13.839,0.42
18055,Germany,1848,12.828,0.386
18056,Germany,1849,13.623,0.407
18057,Germany,1850,15.14,0.449
18058,Germany,1851,16.869,0.496
18059,Germany,1852,19.174,0.56
18060,Germany,1853,20.76,0.602
18061,Germany,1854,24.366,0.702
18062,Germany,1855,28.616,0.818
18063,Germany,1856,30.924,0.878
18064,Germany,1857,32.939,0.929
18065,Germany,1858,35.61,0.997
18066,Germany,1859,33.808,0.939
18067,Germany,1860,36.395,1.003
18068,Germany,1861,41.33,1.13
18069,Germany,1862,45.54,1.235
18070,Germany,1863,49.383,1.327
18071,Germany,1864,56.642,1.508
18072,Germany,1865,63.468,1.675
18073,Germany,1866,62.907,1.646
18074,Germany,1867,69.154,1.793
18075,Germany,1868,74.368,1.911
18076,Germany,1869,77.593,1.975
18077,Germany,1870,76.64,1.932
18078,Germany,1871,85.349,2.13
18079,Germany,1872,92.109,2.275
18080,Germany,1873,98.367,2.403
18081,Germany,1874,71.595,1.73
18082,Germany,1875,101.518,2.427
18083,Germany,1876,103.438,2.447
18084,Germany,1877,101.302,2.37
18085,Germany,1878,104.545,2.42
18086,Germany,1879,110.847,2.539
18087,Germany,1880,124.503,2.822
18088,Germany,1881,134.264,3.013
18089,Germany,1882,143.665,3.193
18090,Germany,1883,153.093,3.37
18091,Germany,1884,157.526,3.435
18092,Germany,1885,161.183,3.482
18093,Germany,1886,163.033,3.488
18094,Germany,1887,170.391,3.611
18095,Germany,1888,186.347,3.912
18096,Germany,1889,198.849,4.132
18097,Germany,1890,208.232,4.278
18098,Germany,1891,220.84,4.482
18099,Germany,1892,214.989,4.308
18100,Germany,1893,220.712,4.362
18101,Germany,1894,229.498,4.473
18102,Germany,1895,238.285,4.581
18103,Germany,1896,256.26,4.859
18104,Germany,1897,273.554,5.116
18105,Germany,1898,285.378,5.264
18106,Germany,1899,303.284,5.516
18107,Germany,1900,326.759,5.858
18108,Germany,1901,325.557,5.753
18109,Germany,1902,319.189,5.558
18110,Germany,1903,343.599,5.894
18111,Germany,1904,356.122,6.017
18112,Germany,1905,382.324,6.364
18113,Germany,1906,361.937,5.935
18114,Germany,1907,442.183,7.143
18115,Germany,1908,446.642,7.108
18116,Germany,1909,445.572,7.011
18117,Germany,1910,445.367,6.953
18118,Germany,1911,458.586,7.128
18119,Germany,1912,499.121,7.752
18120,Germany,1913,535.083,8.333
18121,Germany,1914,497.927,7.776
18122,Germany,1915,462.906,7.249
18123,Germany,1916,500.697,7.862
18124,Germany,1917,524.579,8.26
18125,Germany,1918,503.423,7.952
18126,Germany,1919,387.428,6.128
18127,Germany,1920,429.208,6.783
18128,Germany,1921,473.18,7.458
18129,Germany,1922,455.461,7.145
18130,Germany,1923,331.929,5.173
18131,Germany,1924,451.793,6.994
18132,Germany,1925,458.066,7.044
18133,Germany,1926,413.237,6.312
18134,Germany,1927,481.186,7.302
18135,Germany,1928,505.011,7.612
18136,Germany,1929,539.235,8.074
18137,Germany,1930,462.092,6.872
18138,Germany,1931,385.965,5.7
18139,Germany,1932,347.486,5.096
18140,Germany,1933,364.981,5.315
18141,Germany,1934,408.62,5.909
18142,Germany,1935,452.333,6.495
18143,Germany,1936,499.634,7.124
18144,Germany,1937,563.513,7.978
18145,Germany,1938,601.273,8.453
18146,Germany,1939,648.625,9.072
18147,Germany,1940,654.325,9.121
18148,Germany,1941,660.793,9.197
18149,Germany,1942,667.899,9.298
18150,Germany,1943,679.43,9.479
18151,Germany,1944,600.273,8.392
18152,Germany,1945,116.065,1.626
18153,Germany,1946,271.682,3.814
18154,Germany,1947,317.66,4.469
18155,Germany,1948,377.816,5.327
18156,Germany,1949,432.148,6.096
18157,Germany,1950,510.682,7.311
18158,Germany,1951,576.866,8.267
18159,Germany,1952,610.981,8.75
18160,Germany,1953,623.492,8.915
18161,Germany,1954,659.732,9.411
18162,Germany,1955,723.498,10.287
18163,Germany,1956,766.191,10.85
18164,Germany,1957,777.908,10.943
18165,Germany,1958,756.379,10.55
18166,Germany,1959,755.795,10.462
18167,Germany,1960,813.95,11.179
18168,Germany,1961,834.84,11.378
18169,Germany,1962,883.169,11.935
18170,Germany,1963,945.498,12.658
18171,Germany,1964,968.917,12.865
18172,Germany,1965,960.102,12.638
18173,Germany,1966,951.422,12.419
18174,Germany,1967,936.229,12.163
18175,Germany,1968,984.791,12.736
18176,Germany,1969,1052.001,13.497
18177,Germany,1970,1026.022,13.12
18178,Germany,1971,1037.237,13.239
18179,Germany,1972,1041.481,13.23
18180,Germany,1973,1085.738,13.749
18181,Germany,1974,1062.727,13.453
18182,Germany,1975,1002.447,12.737
18183,Germany,1976,1090.84,13.92
18184,Germany,1977,1052.609,13.463
18185,Germany,1978,1079.133,13.815
18186,Germany,1979,1117.888,14.305
18187,Germany,1980,1100.066,14.047
18188,Germany,1981,1048.523,13.366
18189,Germany,1982,1015.734,12.957
18190,Germany,1983,1011.605,12.932
18191,Germany,1984,1033.245,13.247
18192,Germany,1985,1044.118,13.41
18193,Germany,1986,1047.472,13.442
18194,Germany,1987,1032.443,13.226
18195,Germany,1988,1029.024,13.128
18196,Germany,1989,1008.792,12.768
18197,Germany,1990,1054.796,13.233
18198,Germany,1991,1016.93,12.664
18199,Germany,1992,969.464,11.978
18200,Germany,1993,959.386,11.774
18201,Germany,1994,943.228,11.535
18202,Germany,1995,939.934,11.46
18203,Germany,1996,959.69,11.666
18204,Germany,1997,931.508,11.306
18205,Germany,1998,923.499,11.261
18206,Germany,1999,895.442,10.963
18207,Germany,2000,898.976,10.99
18208,Germany,2001,915.255,11.171
18209,Germany,2002,898.834,10.952
18210,Germany,2003,894.501,10.894
18211,Germany,2004,876.57,10.678
18212,Germany,2005,867.881,10.578
18213,Germany,2006,886.434,10.85
18214,Germany,2007,846.116,10.408
18215,Germany,2008,856.607,10.561
18216,Germany,2009,789.951,9.76
18217,Germany,2010,826.68,10.227
18218,Germany,2011,804.514,9.95
18219,Germany,2012,814.09,10.061
18220,Germany,2013,831.743,10.263
18221,Germany,2014,792.579,9.74
18222,Germany,2015,800.844,9.757
18223,Germany,2016,798.014,9.642
18224,Germany,2017,784.594,9.441
18225,Germany,2018,760.046,9.117
18226,Germany,2019,709.827,8.495
18227,Germany,2020,648.357,7.753
18228,Germany,2021,678.777,8.11
18229,Germany,2022,671.472,7.986
18230,Germany,2023,596.151,7.051
18431,Ghana,1950,0.638,0.125
18432,Ghana,1951,0.876,0.167
18433,Ghana,1952,0.868,0.161
18434,Ghana,1953,1.019,0.183
18435,Ghana,1954,1.004,0.175
18436,Ghana,1955,1.187,0.201
18437,Ghana,1956,1.077,0.176
18438,Ghana,1957,1.293,0.205
18439,Ghana,1958,1.363,0.209
18440,Ghana,1959,1.323,0.196
18441,Ghana,1960,1.462,0.21
18442,Ghana,1961,1.345,0.188
18443,Ghana,1962,1.433,0.195
18444,Ghana,1963,1.722,0.229
18445,Ghana,1964,1.649,0.214
18446,Ghana,1965,1.704,0.216
18447,Ghana,1966,1.44,0.178
18448,Ghana,1967,1.495,0.181
18449,Ghana,1968,1.649,0.195
18450,Ghana,1969,1.488,0.171
18451,Ghana,1970,2.404,0.269
18452,Ghana,1971,2.03,0.221
18453,Ghana,1972,2.217,0.235
18454,Ghana,1973,2.257,0.232
18455,Ghana,1974,2.675,0.267
18456,Ghana,1975,2.411,0.234
18457,Ghana,1976,2.107,0.199
18458,Ghana,1977,2.696,0.247
18459,Ghana,1978,2.718,0.242
18460,Ghana,1979,2.521,0.217
18461,Ghana,1980,2.411,0.202
18462,Ghana,1981,2.847,0.232
18463,Ghana,1982,2.895,0.229
18464,Ghana,1983,3.51,0.269
18465,Ghana,1984,2.466,0.184
18466,Ghana,1985,3.144,0.23
18467,Ghana,1986,2.935,0.21
18468,Ghana,1987,3.147,0.22
18469,Ghana,1988,3.21,0.219
18470,Ghana,1989,3.059,0.204
18471,Ghana,1990,3.514,0.228
18472,Ghana,1991,3.902,0.247
18473,Ghana,1992,3.243,0.2
18474,Ghana,1993,3.818,0.23
18475,Ghana,1994,4.54,0.267
18476,Ghana,1995,4.624,0.266
18477,Ghana,1996,4.858,0.273
18478,Ghana,1997,5.514,0.302
18479,Ghana,1998,5.584,0.299
18480,Ghana,1999,5.613,0.293
18481,Ghana,2000,5.313,0.271
18482,Ghana,2001,5.969,0.296
18483,Ghana,2002,6.483,0.313
18484,Ghana,2003,6.685,0.314
18485,Ghana,2004,6.451,0.295
18486,Ghana,2005,6.113,0.272
18487,Ghana,2006,8.523,0.37
18488,Ghana,2007,8.982,0.38
18489,Ghana,2008,8.324,0.343
18490,Ghana,2009,6.868,0.276
18491,Ghana,2010,8.943,0.351
18492,Ghana,2011,10.336,0.396
18493,Ghana,2012,12.644,0.473
18494,Ghana,2013,12.606,0.46
18495,Ghana,2014,13.252,0.473
18496,Ghana,2015,14.568,0.508
18497,Ghana,2016,13.917,0.474
18498,Ghana,2017,12.438,0.414
18499,Ghana,2018,15.19,0.496
18500,Ghana,2019,16.418,0.525
18501,Ghana,2020,19.168,0.601
18502,Ghana,2021,20.546,0.632
18503,Ghana,2022,20.287,0.612
18504,Ghana,2023,19.647,0.581
18522,Greece,1867,0.169,0.047
18523,Greece,1868,0.084,0.023
18524,Greece,1869,0.194,0.053
18525,Greece,1870,0.202,0.055
18526,Greece,1871,0.297,0.08
18527,Greece,1872,0.176,0.047
18528,Greece,1873,0.194,0.051
18529,Greece,1874,0.15,0.039
18530,Greece,1875,0.165,0.043
18534,Greece,1879,0.004,0.001
18538,Greece,1883,0.004,0.001
18543,Greece,1888,0.004,0.001
18547,Greece,1892,0.37,0.08
18548,Greece,1893,0.326,0.07
18549,Greece,1894,0.333,0.071
18550,Greece,1895,0.311,0.066
18551,Greece,1896,0.374,0.078
18552,Greece,1897,0.363,0.075
18553,Greece,1898,0.462,0.094
18554,Greece,1899,0.242,0.049
18555,Greece,1900,0.418,0.084
18556,Greece,1901,0.418,0.083
18557,Greece,1902,0.333,0.066
18558,Greece,1903,0.399,0.078
18559,Greece,1904,0.355,0.069
18560,Greece,1905,0.278,0.054
18561,Greece,1906,0.26,0.05
18562,Greece,1907,0.429,0.082
18563,Greece,1908,0.729,0.138
18564,Greece,1909,0.561,0.105
18565,Greece,1910,0.718,0.134
18566,Greece,1911,0.905,0.167
18568,Greece,1913,1.337,0.244
18569,Greece,1914,0.011,0.002
18570,Greece,1915,0.022,0.004
18571,Greece,1916,0.066,0.012
18572,Greece,1917,0.092,0.016
18573,Greece,1918,0.125,0.022
18574,Greece,1919,0.106,0.019
18575,Greece,1920,0.678,0.117
18576,Greece,1921,0.744,0.128
18577,Greece,1922,0.678,0.115
18578,Greece,1923,0.92,0.155
18579,Greece,1924,1.297,0.216
18580,Greece,1925,1.979,0.326
18581,Greece,1926,1.821,0.296
18582,Greece,1927,2.316,0.373
18583,Greece,1928,2.374,0.378
18584,Greece,1929,2.703,0.426
18585,Greece,1930,2.854,0.444
18586,Greece,1931,2.729,0.419
18587,Greece,1932,2.681,0.407
18588,Greece,1933,2.3,0.344
18589,Greece,1934,2.831,0.418
18590,Greece,1935,2.912,0.424
18591,Greece,1936,3.366,0.483
18592,Greece,1937,3.586,0.508
18593,Greece,1938,2.842,0.397
18594,Greece,1939,0.251,0.035
18595,Greece,1940,0.237,0.032
18596,Greece,1941,0.135,0.018
18597,Greece,1942,0.227,0.031
18598,Greece,1943,0.213,0.029
18599,Greece,1944,0.11,0.015
18600,Greece,1945,0.066,0.009
18601,Greece,1946,0.124,0.016
18602,Greece,1947,0.168,0.022
18603,Greece,1948,1.351,0.178
18604,Greece,1949,1.64,0.215
18605,Greece,1950,4.128,0.539
18606,Greece,1951,4.575,0.593
18607,Greece,1952,4.797,0.617
18608,Greece,1953,4.885,0.623
18609,Greece,1954,5.082,0.642
18610,Greece,1955,5.953,0.746
18611,Greece,1956,6.286,0.78
18612,Greece,1957,6.814,0.837
18613,Greece,1958,7.447,0.907
18614,Greece,1959,8.121,0.979
18615,Greece,1960,9.392,1.12
18616,Greece,1961,9.808,1.161
18617,Greece,1962,10.149,1.198
18618,Greece,1963,12.239,1.442
18619,Greece,1964,13.202,1.552
18620,Greece,1965,16.999,1.995
18621,Greece,1966,18.621,2.17
18622,Greece,1967,19.504,2.253
18623,Greece,1968,22.286,2.556
18624,Greece,1969,25.434,2.908
18625,Greece,1970,24.126,2.758
18626,Greece,1971,27.75,3.158
18627,Greece,1972,31.477,3.557
18628,Greece,1973,37.131,4.175
18629,Greece,1974,36.062,4.039
18630,Greece,1975,38.67,4.289
18631,Greece,1976,42.656,4.657
18632,Greece,1977,46.657,5.027
18633,Greece,1978,47.678,5.078
18634,Greece,1979,50.819,5.335
18635,Greece,1980,50.889,5.272
18636,Greece,1981,50.125,5.139
18637,Greece,1982,51.509,5.236
18638,Greece,1983,54.789,5.528
18639,Greece,1984,56.285,5.64
18640,Greece,1985,59.772,5.955
18641,Greece,1986,58.274,5.776
18642,Greece,1987,62.576,6.175
18643,Greece,1988,67.052,6.589
18644,Greece,1989,73.231,7.167
18645,Greece,1990,83.438,8.134
18646,Greece,1991,83.408,8.093
18647,Greece,1992,84.976,8.202
18648,Greece,1993,84.285,8.094
18649,Greece,1994,86.43,8.258
18650,Greece,1995,86.963,8.267
18651,Greece,1996,89.115,8.431
18652,Greece,1997,93.802,8.831
18653,Greece,1998,98.622,9.238
18654,Greece,1999,97.935,9.129
18655,Greece,2000,102.973,9.55
18656,Greece,2001,105.362,9.717
18657,Greece,2002,105.001,9.642
18658,Greece,2003,109.067,9.989
18659,Greece,2004,109.485,10.001
18660,Greece,2005,113.889,10.371
18661,Greece,2006,112.42,10.205
18662,Greece,2007,114.546,10.37
18663,Greece,2008,111.08,10.028
18664,Greece,2009,104.32,9.391
18665,Greece,2010,97.354,8.751
18666,Greece,2011,94.505,8.507
18667,Greece,2012,91.393,8.272
18668,Greece,2013,81.713,7.45
18669,Greece,2014,78.636,7.219
18670,Greece,2015,74.927,6.924
18671,Greece,2016,71.36,6.622
18672,Greece,2017,74.842,6.96
18673,Greece,2018,71.778,6.689
18674,Greece,2019,65.736,6.133
18675,Greece,2020,55.558,5.193
18676,Greece,2021,57.519,5.437
18677,Greece,2022,58.08,5.578
18678,Greece,2023,55.196,5.389
18879,Greenland,1950,0.099,4.258
18880,Greenland,1951,0.099,4.176
18881,Greenland,1952,0.106,4.392
18882,Greenland,1953,0.121,4.87
18883,Greenland,1954,0.103,4.021
18884,Greenland,1955,0.209,7.946
18885,Greenland,1956,0.143,5.254
18886,Greenland,1957,0.161,5.701
18887,Greenland,1958,0.227,7.712
18888,Greenland,1959,0.234,7.627
18889,Greenland,1960,0.224,6.958
18890,Greenland,1961,0.293,8.767
18891,Greenland,1962,0.264,7.61
18892,Greenland,1963,0.33,9.18
18893,Greenland,1964,0.315,8.465
18894,Greenland,1965,0.344,8.927
18895,Greenland,1966,0.388,9.712
18896,Greenland,1967,0.418,10.084
18897,Greenland,1968,0.542,12.67
18898,Greenland,1969,0.407,9.21
18899,Greenland,1970,0.381,8.378
18900,Greenland,1971,0.469,10.082
18901,Greenland,1972,0.553,11.702
18902,Greenland,1973,0.557,11.603
18903,Greenland,1974,0.557,11.448
18904,Greenland,1975,0.506,10.28
18905,Greenland,1976,0.22,4.431
18906,Greenland,1977,0.722,14.501
18907,Greenland,1978,0.392,7.877
18908,Greenland,1979,0.572,11.477
18909,Greenland,1980,0.564,11.256
18910,Greenland,1981,0.528,10.4
18911,Greenland,1982,0.517,10.06
18912,Greenland,1983,0.363,6.977
18913,Greenland,1984,0.568,10.79
18914,Greenland,1985,0.509,9.567
18915,Greenland,1986,0.326,6.066
18916,Greenland,1987,0.234,4.32
18917,Greenland,1988,0.546,9.959
18918,Greenland,1989,0.473,8.542
18919,Greenland,1990,0.625,11.226
18920,Greenland,1991,0.61,10.942
18921,Greenland,1992,0.596,10.683
18922,Greenland,1993,0.546,9.787
18923,Greenland,1994,0.496,8.893
18924,Greenland,1995,0.534,9.566
18925,Greenland,1996,0.597,10.655
18926,Greenland,1997,0.618,11.011
18927,Greenland,1998,0.597,10.631
18928,Greenland,1999,0.595,10.595
18929,Greenland,2000,0.668,11.876
18930,Greenland,2001,0.618,10.958
18931,Greenland,2002,0.58,10.247
18932,Greenland,2003,0.649,11.435
18933,Greenland,2004,0.64,11.234
18934,Greenland,2005,0.644,11.297
18935,Greenland,2006,0.663,11.648
18936,Greenland,2007,0.654,11.509
18937,Greenland,2008,0.677,11.951
18938,Greenland,2009,0.592,10.478
18939,Greenland,2010,0.679,11.996
18940,Greenland,2011,0.726,12.771
18941,Greenland,2012,0.58,10.208
18942,Greenland,2013,0.563,9.958
18943,Greenland,2014,0.523,9.3
18944,Greenland,2015,0.526,9.38
18945,Greenland,2016,0.527,9.39
18946,Greenland,2017,0.544,9.695
18947,Greenland,2018,0.545,9.709
18948,Greenland,2019,0.555,9.899
18949,Greenland,2020,0.537,9.574
18950,Greenland,2021,0.567,10.108
18951,Greenland,2022,0.588,10.491
18952,Greenland,2023,0.596,10.659
19053,Grenada,1950,0.007,0.095
19054,Grenada,1951,0.011,0.141
19055,Grenada,1952,0.011,0.139
19056,Grenada,1953,0.011,0.137
19057,Grenada,1954,0.011,0.134
19058,Grenada,1955,0.011,0.131
19059,Grenada,1956,0.011,0.128
19060,Grenada,1957,0.011,0.125
19061,Grenada,1958,0.015,0.162
19062,Grenada,1959,0.015,0.159
19063,Grenada,1960,0.022,0.234
19064,Grenada,1961,0.018,0.192
19065,Grenada,1962,0.026,0.266
19066,Grenada,1963,0.015,0.151
19067,Grenada,1964,0.022,0.225
19068,Grenada,1965,0.022,0.224
19069,Grenada,1966,0.029,0.299
19070,Grenada,1967,0.037,0.374
19071,Grenada,1968,0.04,0.411
19072,Grenada,1969,0.048,0.485
19073,Grenada,1970,0.044,0.447
19074,Grenada,1971,0.048,0.483
19075,Grenada,1972,0.048,0.482
19076,Grenada,1973,0.055,0.557
19077,Grenada,1974,0.037,0.372
19078,Grenada,1975,0.048,0.485
19079,Grenada,1976,0.048,0.488
19080,Grenada,1977,0.048,0.491
19081,Grenada,1978,0.051,0.533
19082,Grenada,1979,0.048,0.499
19083,Grenada,1980,0.048,0.504
19084,Grenada,1981,0.059,0.623
19085,Grenada,1982,0.062,0.66
19086,Grenada,1983,0.062,0.656
19087,Grenada,1984,0.062,0.652
19088,Grenada,1985,0.062,0.648
19089,Grenada,1986,0.066,0.681
19090,Grenada,1987,0.073,0.751
19091,Grenada,1988,0.095,0.969
19092,Grenada,1989,0.103,1.035
19093,Grenada,1990,0.106,1.063
19094,Grenada,1991,0.11,1.09
19095,Grenada,1992,0.117,1.154
19096,Grenada,1993,0.121,1.181
19097,Grenada,1994,0.143,1.385
19098,Grenada,1995,0.15,1.446
19099,Grenada,1996,0.154,1.471
19100,Grenada,1997,0.169,1.6
19101,Grenada,1998,0.176,1.659
19102,Grenada,1999,0.194,1.819
19103,Grenada,2000,0.191,1.773
19104,Grenada,2001,0.194,1.798
19105,Grenada,2002,0.205,1.893
19106,Grenada,2003,0.216,1.985
19107,Grenada,2004,0.205,1.877
19108,Grenada,2005,0.216,1.97
19109,Grenada,2006,0.231,2.096
19110,Grenada,2007,0.238,2.155
19111,Grenada,2008,0.249,2.246
19112,Grenada,2009,0.253,2.272
19113,Grenada,2010,0.256,2.298
19114,Grenada,2011,0.253,2.255
19115,Grenada,2012,0.271,2.404
19116,Grenada,2013,0.297,2.615
19117,Grenada,2014,0.238,2.086
19118,Grenada,2015,0.26,2.268
19119,Grenada,2016,0.275,2.386
19120,Grenada,2017,0.293,2.539
19121,Grenada,2018,0.308,2.66
19122,Grenada,2019,0.33,2.843
19123,Grenada,2020,0.289,2.488
19124,Grenada,2021,0.311,2.669
19125,Grenada,2022,0.321,2.745
19126,Grenada,2023,0.339,2.898
19247,Guatemala,1870,0.0,0.0
19248,Guatemala,1871,0.0,0.0
19249,Guatemala,1872,0.0,0.0
19250,Guatemala,1873,0.0,0.0
19251,Guatemala,1874,0.0,0.0
19252,Guatemala,1875,0.0,0.0
19253,Guatemala,1876,0.0,0.0
19254,Guatemala,1877,0.0,0.0
19255,Guatemala,1878,0.0,0.0
19256,Guatemala,1879,0.0,0.0
19257,Guatemala,1880,0.0,0.0
19258,Guatemala,1881,0.0,0.0
19259,Guatemala,1882,0.0,0.0
19260,Guatemala,1883,0.0,0.0
19261,Guatemala,1884,0.0,0.0
19262,Guatemala,1885,0.0,0.0
19263,Guatemala,1886,0.0,0.0
19264,Guatemala,1887,0.0,0.0
19265,Guatemala,1888,0.0,0.0
19266,Guatemala,1889,0.0,0.0
19267,Guatemala,1890,0.0,0.0
19268,Guatemala,1891,0.0,0.0
19269,Guatemala,1892,0.001,0.0
19270,Guatemala,1893,0.001,0.001
19271,Guatemala,1894,0.002,0.001
19272,Guatemala,1895,0.012,0.009
19273,Guatemala,1896,0.01,0.007
19274,Guatemala,1897,0.014,0.01
19275,Guatemala,1898,0.003,0.002
19276,Guatemala,1899,0.003,0.002
19277,Guatemala,1900,0.005,0.003
19278,Guatemala,1901,0.007,0.005
19279,Guatemala,1902,0.013,0.01
19280,Guatemala,1903,0.017,0.013
19281,Guatemala,1904,0.025,0.018
19282,Guatemala,1905,0.034,0.024
19283,Guatemala,1906,0.039,0.027
19284,Guatemala,1907,0.035,0.025
19285,Guatemala,1908,0.028,0.019
19286,Guatemala,1909,0.03,0.02
19287,Guatemala,1910,0.036,0.024
19288,Guatemala,1911,0.041,0.027
19289,Guatemala,1912,0.045,0.029
19290,Guatemala,1913,0.044,0.028
19291,Guatemala,1914,0.041,0.026
19292,Guatemala,1915,0.047,0.03
19293,Guatemala,1916,0.029,0.018
19294,Guatemala,1917,0.003,0.002
19295,Guatemala,1918,0.001,0.0
19296,Guatemala,1919,0.01,0.006
19297,Guatemala,1920,0.005,0.003
19298,Guatemala,1921,0.007,0.004
19299,Guatemala,1922,0.002,0.001
19300,Guatemala,1923,0.001,0.0
19301,Guatemala,1924,0.002,0.001
19302,Guatemala,1925,0.0,0.0
19303,Guatemala,1926,0.0,0.0
19304,Guatemala,1927,0.0,0.0
19305,Guatemala,1928,0.001,0.001
19306,Guatemala,1929,0.002,0.001
19307,Guatemala,1930,0.001,0.001
19308,Guatemala,1931,0.001,0.001
19309,Guatemala,1932,0.001,0.001
19310,Guatemala,1933,0.002,0.001
19311,Guatemala,1934,0.002,0.001
19312,Guatemala,1935,0.0,0.0
19313,Guatemala,1936,0.002,0.001
19314,Guatemala,1937,0.002,0.001
19315,Guatemala,1938,0.001,0.0
19316,Guatemala,1939,0.002,0.001
19317,Guatemala,1940,0.001,0.0
19318,Guatemala,1941,0.012,0.005
19319,Guatemala,1942,0.011,0.005
19320,Guatemala,1943,0.012,0.005
19321,Guatemala,1944,0.012,0.005
19322,Guatemala,1945,0.015,0.006
19323,Guatemala,1946,0.015,0.006
19324,Guatemala,1947,0.015,0.005
19325,Guatemala,1948,0.016,0.005
19326,Guatemala,1949,0.02,0.007
19327,Guatemala,1950,0.622,0.201
19328,Guatemala,1951,0.637,0.201
19329,Guatemala,1952,0.645,0.198
19330,Guatemala,1953,0.681,0.203
19331,Guatemala,1954,0.744,0.216
19332,Guatemala,1955,0.916,0.259
19333,Guatemala,1956,0.978,0.269
19334,Guatemala,1957,0.985,0.264
19335,Guatemala,1958,1.128,0.294
19336,Guatemala,1959,1.238,0.314
19337,Guatemala,1960,1.344,0.331
19338,Guatemala,1961,1.406,0.336
19339,Guatemala,1962,1.381,0.32
19340,Guatemala,1963,1.52,0.342
19341,Guatemala,1964,1.769,0.387
19342,Guatemala,1965,1.974,0.42
19343,Guatemala,1966,1.74,0.359
19344,Guatemala,1967,1.981,0.398
19345,Guatemala,1968,2.139,0.418
19346,Guatemala,1969,2.278,0.433
19347,Guatemala,1970,2.296,0.426
19348,Guatemala,1971,2.439,0.44
19349,Guatemala,1972,2.707,0.476
19350,Guatemala,1973,2.934,0.503
19351,Guatemala,1974,3.066,0.513
19352,Guatemala,1975,3.52,0.574
19353,Guatemala,1976,3.305,0.528
19354,Guatemala,1977,3.804,0.594
19355,Guatemala,1978,4.117,0.627
19356,Guatemala,1979,4.678,0.695
19357,Guatemala,1980,4.493,0.651
19358,Guatemala,1981,3.949,0.558
19359,Guatemala,1982,3.607,0.498
19360,Guatemala,1983,3.16,0.426
19361,Guatemala,1984,3.401,0.446
19362,Guatemala,1985,3.497,0.445
19363,Guatemala,1986,3.665,0.454
19364,Guatemala,1987,3.918,0.472
19365,Guatemala,1988,4.075,0.478
19366,Guatemala,1989,4.188,0.477
19367,Guatemala,1990,4.972,0.551
19368,Guatemala,1991,4.951,0.534
19369,Guatemala,1992,5.919,0.622
19370,Guatemala,1993,5.578,0.57
19371,Guatemala,1994,6.751,0.672
19372,Guatemala,1995,7.079,0.686
19373,Guatemala,1996,6.571,0.621
19374,Guatemala,1997,7.502,0.691
19375,Guatemala,1998,8.639,0.776
19376,Guatemala,1999,8.806,0.771
19377,Guatemala,2000,9.765,0.835
19378,Guatemala,2001,10.233,0.855
19379,Guatemala,2002,10.722,0.875
19380,Guatemala,2003,10.448,0.834
19381,Guatemala,2004,11.18,0.873
19382,Guatemala,2005,12.109,0.925
19383,Guatemala,2006,12.177,0.911
19384,Guatemala,2007,12.145,0.89
19385,Guatemala,2008,10.893,0.782
19386,Guatemala,2009,11.442,0.805
19387,Guatemala,2010,11.098,0.765
19388,Guatemala,2011,11.237,0.76
19389,Guatemala,2012,11.577,0.767
19390,Guatemala,2013,12.812,0.833
19391,Guatemala,2014,13.827,0.882
19392,Guatemala,2015,15.952,0.999
19393,Guatemala,2016,16.926,1.04
19394,Guatemala,2017,17.321,1.045
19395,Guatemala,2018,18.523,1.1
19396,Guatemala,2019,19.304,1.129
19397,Guatemala,2020,17.165,0.989
19398,Guatemala,2021,19.805,1.125
19399,Guatemala,2022,19.114,1.071
19400,Guatemala,2023,20.382,1.125
19601,Guinea,1950,0.182,0.061
19602,Guinea,1951,0.153,0.05
19603,Guinea,1952,0.171,0.055
19604,Guinea,1953,0.142,0.045
19605,Guinea,1954,0.167,0.052
19606,Guinea,1955,0.166,0.051
19607,Guinea,1956,0.193,0.058
19608,Guinea,1957,0.197,0.058
19609,Guinea,1958,0.165,0.048
19610,Guinea,1959,0.158,0.045
19611,Guinea,1960,0.41,0.115
19612,Guinea,1961,0.616,0.17
19613,Guinea,1962,0.66,0.179
19614,Guinea,1963,0.696,0.186
19615,Guinea,1964,0.7,0.183
19616,Guinea,1965,0.696,0.179
19617,Guinea,1966,0.718,0.181
19618,Guinea,1967,0.725,0.18
19619,Guinea,1968,0.747,0.181
19620,Guinea,1969,0.747,0.178
19621,Guinea,1970,0.791,0.185
19622,Guinea,1971,0.813,0.187
19623,Guinea,1972,0.832,0.188
19624,Guinea,1973,0.802,0.178
19625,Guinea,1974,0.839,0.183
19626,Guinea,1975,0.843,0.181
19627,Guinea,1976,0.887,0.188
19628,Guinea,1977,0.901,0.188
19629,Guinea,1978,0.901,0.185
19630,Guinea,1979,0.945,0.191
19631,Guinea,1980,0.964,0.191
19632,Guinea,1981,0.989,0.192
19633,Guinea,1982,0.982,0.187
19634,Guinea,1983,0.953,0.178
19635,Guinea,1984,0.978,0.179
19636,Guinea,1985,0.993,0.177
19637,Guinea,1986,0.997,0.173
19638,Guinea,1987,0.993,0.168
19639,Guinea,1988,1.026,0.169
19640,Guinea,1989,1.044,0.168
19641,Guinea,1990,1.004,0.156
19642,Guinea,1991,1.026,0.153
19643,Guinea,1992,1.059,0.153
19644,Guinea,1993,1.088,0.153
19645,Guinea,1994,1.125,0.153
19646,Guinea,1995,1.165,0.154
19647,Guinea,1996,1.235,0.159
19648,Guinea,1997,1.29,0.163
19649,Guinea,1998,1.363,0.169
19650,Guinea,1999,1.433,0.173
19651,Guinea,2000,1.491,0.177
19652,Guinea,2001,1.561,0.183
19653,Guinea,2002,1.623,0.187
19654,Guinea,2003,1.7,0.192
19655,Guinea,2004,1.762,0.194
19656,Guinea,2005,1.825,0.197
19657,Guinea,2006,1.891,0.2
19658,Guinea,2007,1.968,0.204
19659,Guinea,2008,1.997,0.202
19660,Guinea,2009,2.11,0.208
19661,Guinea,2010,2.484,0.239
19662,Guinea,2011,2.594,0.243
19663,Guinea,2012,2.422,0.222
19664,Guinea,2013,2.11,0.189
19665,Guinea,2014,2.165,0.189
19666,Guinea,2015,2.451,0.208
19667,Guinea,2016,2.741,0.227
19668,Guinea,2017,3.239,0.262
19669,Guinea,2018,3.162,0.249
19670,Guinea,2019,3.921,0.301
19671,Guinea,2020,4.499,0.336
19672,Guinea,2021,4.126,0.301
19673,Guinea,2022,4.194,0.298
19674,Guinea,2023,4.043,0.281
19775,Guinea-Bissau,1950,0.007,0.013
19776,Guinea-Bissau,1951,0.004,0.007
19777,Guinea-Bissau,1952,0.011,0.02
19778,Guinea-Bissau,1953,0.007,0.013
19779,Guinea-Bissau,1954,0.007,0.013
19780,Guinea-Bissau,1955,0.011,0.019
19781,Guinea-Bissau,1956,0.011,0.019
19782,Guinea-Bissau,1957,0.011,0.019
19783,Guinea-Bissau,1958,0.011,0.019
19784,Guinea-Bissau,1959,0.015,0.025
19785,Guinea-Bissau,1960,0.018,0.032
19786,Guinea-Bissau,1961,0.029,0.05
19787,Guinea-Bissau,1962,0.04,0.068
19788,Guinea-Bissau,1963,0.048,0.08
19789,Guinea-Bissau,1964,0.059,0.1
19790,Guinea-Bissau,1965,0.066,0.115
19791,Guinea-Bissau,1966,0.066,0.116
19792,Guinea-Bissau,1967,0.048,0.084
19793,Guinea-Bissau,1968,0.062,0.108
19794,Guinea-Bissau,1969,0.059,0.101
19795,Guinea-Bissau,1970,0.07,0.119
19796,Guinea-Bissau,1971,0.073,0.125
19797,Guinea-Bissau,1972,0.066,0.112
19798,Guinea-Bissau,1973,0.11,0.185
19799,Guinea-Bissau,1974,0.103,0.167
19800,Guinea-Bissau,1975,0.114,0.174
19801,Guinea-Bissau,1976,0.095,0.137
19802,Guinea-Bissau,1977,0.103,0.138
19803,Guinea-Bissau,1978,0.103,0.13
19804,Guinea-Bissau,1979,0.11,0.134
19805,Guinea-Bissau,1980,0.147,0.177
19806,Guinea-Bissau,1981,0.143,0.17
19807,Guinea-Bissau,1982,0.143,0.167
19808,Guinea-Bissau,1983,0.143,0.164
19809,Guinea-Bissau,1984,0.161,0.182
19810,Guinea-Bissau,1985,0.172,0.192
19811,Guinea-Bissau,1986,0.183,0.201
19812,Guinea-Bissau,1987,0.194,0.21
19813,Guinea-Bissau,1988,0.216,0.229
19814,Guinea-Bissau,1989,0.231,0.241
19815,Guinea-Bissau,1990,0.172,0.177
19816,Guinea-Bissau,1991,0.176,0.177
19817,Guinea-Bissau,1992,0.18,0.175
19818,Guinea-Bissau,1993,0.183,0.173
19819,Guinea-Bissau,1994,0.183,0.168
19820,Guinea-Bissau,1995,0.183,0.164
19821,Guinea-Bissau,1996,0.205,0.179
19822,Guinea-Bissau,1997,0.202,0.173
19823,Guinea-Bissau,1998,0.172,0.145
19824,Guinea-Bissau,1999,0.194,0.16
19825,Guinea-Bissau,2000,0.147,0.119
19826,Guinea-Bissau,2001,0.15,0.119
19827,Guinea-Bissau,2002,0.154,0.119
19828,Guinea-Bissau,2003,0.194,0.147
19829,Guinea-Bissau,2004,0.202,0.149
19830,Guinea-Bissau,2005,0.213,0.154
19831,Guinea-Bissau,2006,0.216,0.153
19832,Guinea-Bissau,2007,0.231,0.159
19833,Guinea-Bissau,2008,0.227,0.153
19834,Guinea-Bissau,2009,0.234,0.154
19835,Guinea-Bissau,2010,0.238,0.152
19836,Guinea-Bissau,2011,0.242,0.15
19837,Guinea-Bissau,2012,0.245,0.149
19838,Guinea-Bissau,2013,0.245,0.145
19839,Guinea-Bissau,2014,0.26,0.149
19840,Guinea-Bissau,2015,0.278,0.156
19841,Guinea-Bissau,2016,0.304,0.166
19842,Guinea-Bissau,2017,0.304,0.162
19843,Guinea-Bissau,2018,0.311,0.162
19844,Guinea-Bissau,2019,0.322,0.164
19845,Guinea-Bissau,2020,0.297,0.147
19846,Guinea-Bissau,2021,0.304,0.148
19847,Guinea-Bissau,2022,0.309,0.147
19848,Guinea-Bissau,2023,0.298,0.138
19949,Guyana,1950,0.26,0.622
19950,Guyana,1951,0.286,0.666
19951,Guyana,1952,0.337,0.764
19952,Guyana,1953,0.451,0.991
19953,Guyana,1954,0.473,1.008
19954,Guyana,1955,0.517,1.067
19955,Guyana,1956,0.55,1.098
19956,Guyana,1957,0.535,1.034
19957,Guyana,1958,0.458,0.856
19958,Guyana,1959,0.553,1.0
19959,Guyana,1960,0.66,1.159
19960,Guyana,1961,0.736,1.264
19961,Guyana,1962,0.678,1.138
19962,Guyana,1963,0.616,1.012
19963,Guyana,1964,0.649,1.043
19964,Guyana,1965,1.077,1.696
19965,Guyana,1966,1.18,1.819
19966,Guyana,1967,1.323,1.997
19967,Guyana,1968,1.33,1.967
19968,Guyana,1969,1.367,1.98
19969,Guyana,1970,1.579,2.247
19970,Guyana,1971,1.499,2.103
19971,Guyana,1972,1.561,2.163
19972,Guyana,1973,1.803,2.469
19973,Guyana,1974,1.554,2.105
19974,Guyana,1975,1.825,2.448
19975,Guyana,1976,1.751,2.328
19976,Guyana,1977,1.898,2.502
19977,Guyana,1978,2.056,2.688
19978,Guyana,1979,1.521,1.975
19979,Guyana,1980,1.788,2.309
19980,Guyana,1981,1.799,2.317
19981,Guyana,1982,1.403,1.807
19982,Guyana,1983,1.246,1.606
19983,Guyana,1984,1.403,1.813
19984,Guyana,1985,1.418,1.838
19985,Guyana,1986,1.044,1.36
19986,Guyana,1987,1.308,1.712
19987,Guyana,1988,1.403,1.847
19988,Guyana,1989,1.183,1.568
19989,Guyana,1990,1.129,1.505
19990,Guyana,1991,1.107,1.48
19991,Guyana,1992,1.041,1.388
19992,Guyana,1993,1.044,1.387
19993,Guyana,1994,1.458,1.929
19994,Guyana,1995,1.568,2.068
19995,Guyana,1996,1.652,2.173
19996,Guyana,1997,1.806,2.37
19997,Guyana,1998,1.828,2.394
19998,Guyana,1999,1.832,2.396
19999,Guyana,2000,1.748,2.285
20000,Guyana,2001,1.744,2.281
20001,Guyana,2002,1.715,2.245
20002,Guyana,2003,1.858,2.434
20003,Guyana,2004,1.927,2.528
20004,Guyana,2005,1.619,2.128
20005,Guyana,2006,1.51,1.989
20006,Guyana,2007,1.781,2.353
20007,Guyana,2008,1.707,2.263
20008,Guyana,2009,1.909,2.538
20009,Guyana,2010,1.887,2.518
20010,Guyana,2011,1.96,2.627
20011,Guyana,2012,1.96,2.627
20012,Guyana,2013,1.905,2.54
20013,Guyana,2014,1.972,2.615
20014,Guyana,2015,2.003,2.64
20015,Guyana,2016,2.375,3.11
20016,Guyana,2017,2.327,3.028
20017,Guyana,2018,2.503,3.162
20018,Guyana,2019,2.756,3.412
20019,Guyana,2020,3.361,4.162
20020,Guyana,2021,3.581,4.392
20021,Guyana,2022,3.627,4.415
20022,Guyana,2023,3.545,4.29
20143,Haiti,1870,0.0,0.0
20144,Haiti,1871,0.0,0.0
20145,Haiti,1872,0.001,0.001
20146,Haiti,1873,0.0,0.0
20147,Haiti,1874,0.001,0.0
20148,Haiti,1875,0.0,0.0
20149,Haiti,1876,0.0,0.0
20150,Haiti,1877,0.003,0.002
20151,Haiti,1878,0.005,0.004
20152,Haiti,1879,0.002,0.001
20153,Haiti,1880,0.001,0.001
20154,Haiti,1881,0.002,0.001
20155,Haiti,1882,0.001,0.001
20156,Haiti,1883,0.001,0.001
20157,Haiti,1884,0.001,0.001
20158,Haiti,1885,0.001,0.001
20159,Haiti,1886,0.001,0.0
20160,Haiti,1887,0.0,0.0
20161,Haiti,1888,0.004,0.003
20162,Haiti,1889,0.007,0.005
20163,Haiti,1890,0.011,0.008
20164,Haiti,1891,0.011,0.008
20165,Haiti,1892,0.005,0.004
20166,Haiti,1893,0.004,0.003
20167,Haiti,1894,0.013,0.009
20168,Haiti,1895,0.012,0.008
20169,Haiti,1896,0.019,0.012
20170,Haiti,1897,0.015,0.009
20171,Haiti,1898,0.01,0.006
20172,Haiti,1899,0.008,0.005
20173,Haiti,1900,0.006,0.004
20174,Haiti,1901,0.007,0.004
20175,Haiti,1902,0.007,0.004
20176,Haiti,1903,0.004,0.003
20177,Haiti,1904,0.002,0.001
20178,Haiti,1905,0.004,0.002
20179,Haiti,1906,0.005,0.003
20180,Haiti,1907,0.006,0.003
20181,Haiti,1908,0.007,0.004
20182,Haiti,1909,0.008,0.004
20183,Haiti,1910,0.013,0.007
20184,Haiti,1911,0.016,0.008
20185,Haiti,1912,0.022,0.011
20186,Haiti,1913,0.017,0.009
20187,Haiti,1914,0.006,0.003
20188,Haiti,1915,0.002,0.001
20189,Haiti,1916,0.001,0.0
20190,Haiti,1917,0.004,0.002
20191,Haiti,1918,0.002,0.001
20192,Haiti,1919,0.0,0.0
20193,Haiti,1920,0.0,0.0
20194,Haiti,1921,0.0,0.0
20195,Haiti,1922,0.0,0.0
20196,Haiti,1923,0.007,0.003
20197,Haiti,1924,0.001,0.0
20198,Haiti,1925,0.0,0.0
20199,Haiti,1926,0.0,0.0
20200,Haiti,1927,0.0,0.0
20201,Haiti,1928,0.001,0.0
20202,Haiti,1929,0.0,0.0
20203,Haiti,1930,0.0,0.0
20204,Haiti,1931,0.0,0.0
20205,Haiti,1932,0.0,0.0
20206,Haiti,1933,0.0,0.0
20207,Haiti,1934,0.0,0.0
20208,Haiti,1935,0.0,0.0
20209,Haiti,1936,0.0,0.0
20210,Haiti,1937,0.0,0.0
20211,Haiti,1938,0.0,0.0
20212,Haiti,1939,0.0,0.0
20213,Haiti,1940,0.0,0.0
20214,Haiti,1941,0.0,0.0
20215,Haiti,1942,0.0,0.0
20216,Haiti,1943,0.0,0.0
20217,Haiti,1944,0.0,0.0
20218,Haiti,1945,0.0,0.0
20219,Haiti,1946,0.0,0.0
20220,Haiti,1947,0.0,0.0
20221,Haiti,1948,0.0,0.0
20222,Haiti,1949,0.0,0.0
20223,Haiti,1950,0.114,0.035
20224,Haiti,1951,0.132,0.04
20225,Haiti,1952,0.147,0.044
20226,Haiti,1953,0.158,0.046
20227,Haiti,1954,0.216,0.062
20228,Haiti,1955,0.267,0.076
20229,Haiti,1956,0.264,0.073
20230,Haiti,1957,0.253,0.069
20231,Haiti,1958,0.275,0.074
20232,Haiti,1959,0.253,0.067
20233,Haiti,1960,0.286,0.074
20234,Haiti,1961,0.297,0.075
20235,Haiti,1962,0.304,0.076
20236,Haiti,1963,0.249,0.061
20237,Haiti,1964,0.3,0.072
20238,Haiti,1965,0.304,0.072
20239,Haiti,1966,0.304,0.071
20240,Haiti,1967,0.26,0.059
20241,Haiti,1968,0.264,0.059
20242,Haiti,1969,0.315,0.069
20243,Haiti,1970,0.384,0.083
20244,Haiti,1971,0.403,0.085
20245,Haiti,1972,0.392,0.081
20246,Haiti,1973,0.421,0.086
20247,Haiti,1974,0.472,0.094
20248,Haiti,1975,0.483,0.095
20249,Haiti,1976,0.672,0.129
20250,Haiti,1977,0.704,0.133
20251,Haiti,1978,0.751,0.139
20252,Haiti,1979,0.75,0.136
20253,Haiti,1980,0.745,0.133
20254,Haiti,1981,0.759,0.133
20255,Haiti,1982,0.817,0.14
20256,Haiti,1983,0.886,0.149
20257,Haiti,1984,0.903,0.149
20258,Haiti,1985,0.93,0.15
20259,Haiti,1986,0.83,0.131
20260,Haiti,1987,0.899,0.139
20261,Haiti,1988,1.008,0.153
20262,Haiti,1989,1.023,0.152
20263,Haiti,1990,0.995,0.145
20264,Haiti,1991,0.976,0.14
20265,Haiti,1992,0.889,0.125
20266,Haiti,1993,0.684,0.094
20267,Haiti,1994,0.183,0.025
20268,Haiti,1995,0.876,0.116
20269,Haiti,1996,1.019,0.132
20270,Haiti,1997,1.348,0.172
20271,Haiti,1998,1.235,0.154
20272,Haiti,1999,1.271,0.156
20273,Haiti,2000,1.634,0.197
20274,Haiti,2001,1.471,0.174
20275,Haiti,2002,1.785,0.207
20276,Haiti,2003,1.7,0.194
20277,Haiti,2004,1.652,0.185
20278,Haiti,2005,1.724,0.19
20279,Haiti,2006,1.752,0.19
20280,Haiti,2007,1.772,0.189
20281,Haiti,2008,1.761,0.185
20282,Haiti,2009,1.888,0.195
20283,Haiti,2010,2.137,0.218
20284,Haiti,2011,2.273,0.229
20285,Haiti,2012,2.264,0.225
20286,Haiti,2013,2.706,0.265
20287,Haiti,2014,2.705,0.261
20288,Haiti,2015,2.661,0.253
20289,Haiti,2016,2.98,0.279
20290,Haiti,2017,3.139,0.29
20291,Haiti,2018,3.407,0.311
20292,Haiti,2019,3.128,0.282
20293,Haiti,2020,3.238,0.288
20294,Haiti,2021,3.484,0.306
20295,Haiti,2022,3.381,0.294
20296,Haiti,2023,3.522,0.303
20691,Honduras,1870,0.0,0.0
20692,Honduras,1871,0.0,0.0
20693,Honduras,1872,0.0,0.0
20694,Honduras,1873,0.0,0.0
20695,Honduras,1874,0.0,0.0
20696,Honduras,1875,0.0,0.0
20697,Honduras,1876,0.0,0.0
20698,Honduras,1877,0.0,0.0
20699,Honduras,1878,0.0,0.0
20700,Honduras,1879,0.0,0.0
20701,Honduras,1880,0.0,0.0
20702,Honduras,1881,0.0,0.0
20703,Honduras,1882,0.0,0.0
20704,Honduras,1883,0.0,0.0
20705,Honduras,1884,0.0,0.0
20706,Honduras,1885,0.0,0.0
20707,Honduras,1886,0.0,0.001
20708,Honduras,1887,0.0,0.0
20709,Honduras,1888,0.0,0.0
20710,Honduras,1889,0.0,0.001
20711,Honduras,1890,0.0,0.0
20712,Honduras,1891,0.0,0.0
20713,Honduras,1892,0.0,0.0
20714,Honduras,1893,0.0,0.0
20715,Honduras,1894,0.0,0.0
20716,Honduras,1895,0.0,0.001
20717,Honduras,1896,0.0,0.001
20718,Honduras,1897,0.0,0.001
20719,Honduras,1898,0.001,0.003
20720,Honduras,1899,0.003,0.005
20721,Honduras,1900,0.003,0.006
20722,Honduras,1901,0.003,0.005
20723,Honduras,1902,0.004,0.007
20724,Honduras,1903,0.003,0.006
20725,Honduras,1904,0.005,0.009
20726,Honduras,1905,0.005,0.009
20727,Honduras,1906,0.003,0.005
20728,Honduras,1907,0.005,0.007
20729,Honduras,1908,0.007,0.011
20730,Honduras,1909,0.008,0.012
20731,Honduras,1910,0.01,0.015
20732,Honduras,1911,0.012,0.018
20733,Honduras,1912,0.015,0.022
20734,Honduras,1913,0.027,0.039
20735,Honduras,1914,0.043,0.06
20736,Honduras,1915,0.044,0.061
20737,Honduras,1916,0.041,0.056
20738,Honduras,1917,0.031,0.042
20739,Honduras,1918,0.019,0.025
20740,Honduras,1919,0.025,0.032
20741,Honduras,1920,0.038,0.048
20742,Honduras,1921,0.037,0.046
20743,Honduras,1922,0.015,0.019
20744,Honduras,1923,0.004,0.005
20745,Honduras,1924,0.005,0.006
20746,Honduras,1925,0.005,0.006
20747,Honduras,1926,0.003,0.004
20748,Honduras,1927,0.003,0.003
20749,Honduras,1928,0.004,0.004
20750,Honduras,1929,0.003,0.004
20751,Honduras,1930,0.007,0.007
20752,Honduras,1931,0.0,0.0
20753,Honduras,1932,0.0,0.0
20754,Honduras,1933,0.0,0.0
20755,Honduras,1934,0.0,0.0
20756,Honduras,1935,0.0,0.0
20757,Honduras,1936,0.0,0.0
20758,Honduras,1937,0.0,0.0
20759,Honduras,1938,0.0,0.0
20760,Honduras,1939,0.0,0.0
20761,Honduras,1940,0.0,0.0
20762,Honduras,1941,0.0,0.0
20763,Honduras,1942,0.001,0.001
20764,Honduras,1943,0.0,0.0
20765,Honduras,1944,0.001,0.001
20766,Honduras,1945,0.001,0.001
20767,Honduras,1946,0.001,0.001
20768,Honduras,1947,0.001,0.001
20769,Honduras,1948,0.001,0.001
20770,Honduras,1949,0.001,0.001
20771,Honduras,1950,0.301,0.193
20772,Honduras,1951,0.348,0.217
20773,Honduras,1952,0.359,0.218
20774,Honduras,1953,0.333,0.197
20775,Honduras,1954,0.377,0.217
20776,Honduras,1955,0.436,0.244
20777,Honduras,1956,0.454,0.247
20778,Honduras,1957,0.575,0.304
20779,Honduras,1958,0.586,0.301
20780,Honduras,1959,0.586,0.292
20781,Honduras,1960,0.615,0.298
20782,Honduras,1961,0.736,0.347
20783,Honduras,1962,0.7,0.321
20784,Honduras,1963,0.711,0.317
20785,Honduras,1964,0.722,0.312
20786,Honduras,1965,0.751,0.316
20787,Honduras,1966,0.806,0.329
20788,Honduras,1967,0.875,0.348
20789,Honduras,1968,1.223,0.472
20790,Honduras,1969,1.176,0.44
20791,Honduras,1970,1.388,0.505
20792,Honduras,1971,1.329,0.469
20793,Honduras,1972,1.533,0.525
20794,Honduras,1973,1.506,0.5
20795,Honduras,1974,1.553,0.501
20796,Honduras,1975,1.661,0.52
20797,Honduras,1976,1.771,0.537
20798,Honduras,1977,1.993,0.587
20799,Honduras,1978,2.039,0.582
20800,Honduras,1979,1.923,0.532
20801,Honduras,1980,2.038,0.547
20802,Honduras,1981,1.808,0.471
20803,Honduras,1982,1.749,0.442
20804,Honduras,1983,1.976,0.485
20805,Honduras,1984,1.957,0.466
20806,Honduras,1985,1.886,0.436
20807,Honduras,1986,1.825,0.41
20808,Honduras,1987,2.144,0.468
20809,Honduras,1988,2.465,0.524
20810,Honduras,1989,2.68,0.554
20811,Honduras,1990,2.505,0.503
20812,Honduras,1991,2.527,0.493
20813,Honduras,1992,2.803,0.532
20814,Honduras,1993,2.941,0.542
20815,Honduras,1994,3.231,0.579
20816,Honduras,1995,3.836,0.668
20817,Honduras,1996,3.876,0.656
20818,Honduras,1997,4.01,0.661
20819,Honduras,1998,4.811,0.772
20820,Honduras,1999,4.705,0.735
20821,Honduras,2000,5.032,0.765
20822,Honduras,2001,5.665,0.838
20823,Honduras,2002,5.945,0.857
20824,Honduras,2003,6.687,0.939
20825,Honduras,2004,7.194,0.986
20826,Honduras,2005,6.835,0.914
20827,Honduras,2006,7.698,1.005
20828,Honduras,2007,8.216,1.049
20829,Honduras,2008,8.533,1.065
20830,Honduras,2009,8.03,0.981
20831,Honduras,2010,7.997,0.956
20832,Honduras,2011,8.86,1.037
20833,Honduras,2012,9.218,1.058
20834,Honduras,2013,9.365,1.054
20835,Honduras,2014,9.481,1.046
20836,Honduras,2015,10.348,1.12
20837,Honduras,2016,9.722,1.033
20838,Honduras,2017,10.231,1.067
20839,Honduras,2018,9.861,1.01
20840,Honduras,2019,11.219,1.128
20841,Honduras,2020,9.526,0.941
20842,Honduras,2021,10.188,0.99
20843,Honduras,2022,10.482,1.002
20844,Honduras,2023,11.042,1.037
20933,Hong Kong,1938,0.055,0.036
20934,Hong Kong,1939,0.055,0.032
20936,Hong Kong,1941,0.055,0.032
20942,Hong Kong,1947,0.018,0.011
20943,Hong Kong,1948,0.025,0.014
20944,Hong Kong,1949,0.029,0.015
20945,Hong Kong,1950,1.319,0.667
20946,Hong Kong,1951,1.557,0.752
20947,Hong Kong,1952,1.535,0.709
20948,Hong Kong,1953,1.729,0.764
20949,Hong Kong,1954,1.799,0.759
20950,Hong Kong,1955,1.879,0.758
20951,Hong Kong,1956,2.121,0.818
20952,Hong Kong,1957,2.363,0.87
20953,Hong Kong,1958,2.374,0.834
20954,Hong Kong,1959,2.703,0.909
20955,Hong Kong,1960,2.953,0.954
20956,Hong Kong,1961,3.37,1.095
20957,Hong Kong,1962,3.681,1.274
20958,Hong Kong,1963,4.246,1.595
20959,Hong Kong,1964,4.22,1.346
20960,Hong Kong,1965,4.803,1.246
20961,Hong Kong,1966,5.162,1.285
20962,Hong Kong,1967,6.052,1.742
20963,Hong Kong,1968,6.198,2.022
20964,Hong Kong,1969,7.752,2.283
20965,Hong Kong,1970,8.392,2.244
20966,Hong Kong,1971,9.151,2.294
20967,Hong Kong,1972,9.276,2.253
20968,Hong Kong,1973,9.286,2.199
20969,Hong Kong,1974,10.667,2.463
20970,Hong Kong,1975,11.008,2.48
20971,Hong Kong,1976,12.49,2.748
20972,Hong Kong,1977,14.204,3.054
20973,Hong Kong,1978,15.714,3.305
20974,Hong Kong,1979,15.838,3.26
20975,Hong Kong,1980,16.6,3.345
20976,Hong Kong,1981,18.617,3.678
20977,Hong Kong,1982,19.623,3.81
20978,Hong Kong,1983,20.912,3.995
20979,Hong Kong,1984,22.225,4.181
20980,Hong Kong,1985,22.881,4.243
20981,Hong Kong,1986,25.526,4.682
20982,Hong Kong,1987,28.086,5.119
20983,Hong Kong,1988,29.285,5.31
20984,Hong Kong,1989,30.141,5.44
20985,Hong Kong,1990,27.148,4.882
20986,Hong Kong,1991,28.463,5.057
20987,Hong Kong,1992,32.919,5.715
20988,Hong Kong,1993,34.778,5.892
20989,Hong Kong,1994,31.079,5.144
20990,Hong Kong,1995,31.267,5.062
20991,Hong Kong,1996,28.909,4.587
20992,Hong Kong,1997,30.497,4.753
20993,Hong Kong,1998,38.925,5.969
20994,Hong Kong,1999,42.549,6.431
20995,Hong Kong,2000,40.283,6.008
20996,Hong Kong,2001,37.802,5.58
20997,Hong Kong,2002,39.485,5.788
20998,Hong Kong,2003,43.202,6.299
20999,Hong Kong,2004,41.569,6.035
21000,Hong Kong,2005,43.731,6.33
21001,Hong Kong,2006,41.915,6.047
21002,Hong Kong,2007,43.572,6.25
21003,Hong Kong,2008,42.791,6.095
21004,Hong Kong,2009,41.579,5.886
21005,Hong Kong,2010,40.063,5.641
21006,Hong Kong,2011,43.15,6.041
21007,Hong Kong,2012,42.742,5.936
21008,Hong Kong,2013,44.307,6.099
21009,Hong Kong,2014,45.492,6.215
21010,Hong Kong,2015,42.4,5.756
21011,Hong Kong,2016,43.366,5.854
21012,Hong Kong,2017,42.431,5.699
21013,Hong Kong,2018,42.601,5.702
21014,Hong Kong,2019,41.9,5.597
21015,Hong Kong,2020,33.497,4.472
21016,Hong Kong,2021,33.717,4.505
21017,Hong Kong,2022,31.532,4.223
21018,Hong Kong,2023,33.871,4.551
21019,Hungary,1830,0.114,0.025
21020,Hungary,1831,0.07,0.015
21021,Hungary,1832,0.088,0.019
21022,Hungary,1833,0.066,0.014
21023,Hungary,1834,0.07,0.015
21024,Hungary,1835,0.051,0.011
21025,Hungary,1836,0.084,0.018
21026,Hungary,1837,0.07,0.015
21027,Hungary,1838,0.062,0.013
21028,Hungary,1839,0.139,0.029
21029,Hungary,1840,0.136,0.028
21030,Hungary,1841,0.143,0.03
21031,Hungary,1842,0.084,0.017
21032,Hungary,1843,0.088,0.018
21033,Hungary,1844,0.187,0.038
21034,Hungary,1845,0.088,0.018
21035,Hungary,1846,0.062,0.012
21036,Hungary,1847,0.165,0.033
21038,Hungary,1851,0.275,0.053
21039,Hungary,1852,0.344,0.066
21040,Hungary,1853,0.344,0.065
21041,Hungary,1854,0.436,0.082
21042,Hungary,1855,0.454,0.085
21043,Hungary,1856,0.476,0.089
21044,Hungary,1857,0.546,0.101
21045,Hungary,1858,0.381,0.07
21046,Hungary,1859,0.769,0.14
21047,Hungary,1860,0.905,0.164
21048,Hungary,1861,0.96,0.173
21049,Hungary,1862,1.158,0.207
21050,Hungary,1863,1.209,0.215
21051,Hungary,1864,1.209,0.213
21052,Hungary,1865,1.257,0.22
21053,Hungary,1866,1.429,0.248
21054,Hungary,1867,1.689,0.292
21055,Hungary,1868,1.806,0.31
21056,Hungary,1869,1.964,0.335
21057,Hungary,1870,2.121,0.359
21058,Hungary,1871,2.631,0.443
21059,Hungary,1872,2.796,0.468
21060,Hungary,1873,2.917,0.485
21061,Hungary,1874,2.557,0.423
21062,Hungary,1875,2.634,0.433
21063,Hungary,1876,2.763,0.452
21064,Hungary,1877,2.887,0.47
21065,Hungary,1878,2.876,0.465
21066,Hungary,1879,2.869,0.462
21067,Hungary,1880,3.312,0.53
21068,Hungary,1881,3.55,0.565
21069,Hungary,1882,3.583,0.567
21070,Hungary,1883,4.078,0.642
21071,Hungary,1884,4.331,0.678
21072,Hungary,1885,4.378,0.681
21073,Hungary,1886,4.096,0.634
21074,Hungary,1887,4.085,0.629
21075,Hungary,1888,4.43,0.678
21076,Hungary,1889,4.752,0.723
21077,Hungary,1890,5.254,0.794
21078,Hungary,1891,5.522,0.829
21079,Hungary,1892,5.752,0.858
21080,Hungary,1893,5.994,0.888
21081,Hungary,1894,6.434,0.946
21082,Hungary,1895,6.863,1.001
21083,Hungary,1896,7.376,1.068
21084,Hungary,1897,7.464,1.073
21085,Hungary,1898,8.533,1.218
21086,Hungary,1899,8.273,1.173
21087,Hungary,1900,9.585,1.349
21088,Hungary,1901,9.618,1.344
21089,Hungary,1902,8.849,1.228
21090,Hungary,1903,9.175,1.264
21091,Hungary,1904,9.277,1.269
21092,Hungary,1905,9.431,1.282
21093,Hungary,1906,10.164,1.372
21094,Hungary,1907,10.204,1.368
21095,Hungary,1908,10.772,1.434
21096,Hungary,1909,11.853,1.568
21097,Hungary,1910,11.677,1.536
21098,Hungary,1911,11.996,1.569
21099,Hungary,1912,12.304,1.602
21100,Hungary,1913,13.026,1.69
21101,Hungary,1914,11.593,1.498
21102,Hungary,1915,11.765,1.515
21103,Hungary,1916,11.835,1.518
21104,Hungary,1917,11.717,1.497
21105,Hungary,1918,10.651,1.355
21106,Hungary,1919,4.756,0.602
21107,Hungary,1920,5.588,0.704
21108,Hungary,1921,9.237,1.155
21109,Hungary,1922,11.01,1.367
21110,Hungary,1923,11.86,1.46
21111,Hungary,1924,11.263,1.375
21112,Hungary,1925,10.131,1.226
21113,Hungary,1926,11.772,1.413
21114,Hungary,1927,13.088,1.558
21115,Hungary,1928,13.749,1.623
21116,Hungary,1929,15.112,1.769
21117,Hungary,1930,12.515,1.453
21118,Hungary,1931,11.189,1.29
21119,Hungary,1932,10.211,1.168
21120,Hungary,1933,10.006,1.137
21121,Hungary,1934,10.573,1.193
21122,Hungary,1935,11.079,1.241
21123,Hungary,1936,11.9,1.323
21124,Hungary,1937,13.621,1.504
21125,Hungary,1938,14.772,1.619
21126,Hungary,1939,14.443,1.574
21127,Hungary,1940,15.825,1.717
21128,Hungary,1941,17.852,1.931
21129,Hungary,1942,18.837,2.034
21130,Hungary,1943,19.208,2.073
21131,Hungary,1944,15.857,1.71
21132,Hungary,1945,8.2,0.884
21133,Hungary,1946,10.797,1.163
21134,Hungary,1947,13.838,1.49
21135,Hungary,1948,16.381,1.763
21136,Hungary,1949,20.41,2.192
21137,Hungary,1950,18.39,1.969
21138,Hungary,1951,22.185,2.354
21139,Hungary,1952,27.208,2.863
21140,Hungary,1953,31.766,3.311
21141,Hungary,1954,34.009,3.504
21142,Hungary,1955,35.705,3.635
21143,Hungary,1956,33.163,3.365
21144,Hungary,1957,38.446,3.908
21145,Hungary,1958,39.244,3.972
21146,Hungary,1959,41.903,4.217
21147,Hungary,1960,45.328,4.54
21148,Hungary,1961,48.93,4.88
21149,Hungary,1962,50.512,5.022
21150,Hungary,1963,56.228,5.576
21151,Hungary,1964,62.341,6.164
21152,Hungary,1965,61.234,6.038
21153,Hungary,1966,61.673,6.064
21154,Hungary,1967,58.771,5.758
21155,Hungary,1968,61.093,5.963
21156,Hungary,1969,62.358,6.065
21157,Hungary,1970,69.935,6.78
21158,Hungary,1971,69.208,6.691
21159,Hungary,1972,69.35,6.685
21160,Hungary,1973,72.975,7.012
21161,Hungary,1974,74.001,7.079
21162,Hungary,1975,75.276,7.158
21163,Hungary,1976,79.88,7.555
21164,Hungary,1977,83.053,7.818
21165,Hungary,1978,88.02,8.257
21166,Hungary,1979,86.052,8.051
21167,Hungary,1980,86.677,8.104
21168,Hungary,1981,86.427,8.093
21169,Hungary,1982,86.678,8.134
21170,Hungary,1983,88.937,8.372
21171,Hungary,1984,90.647,8.564
21172,Hungary,1985,86.927,8.242
21173,Hungary,1986,85.484,8.133
21174,Hungary,1987,85.512,8.163
21175,Hungary,1988,81.546,7.81
21176,Hungary,1989,79.908,7.681
21177,Hungary,1990,73.427,7.073
21178,Hungary,1991,69.825,6.728
21179,Hungary,1992,62.281,6.005
21180,Hungary,1993,62.991,6.082
21181,Hungary,1994,61.88,5.985
21182,Hungary,1995,61.464,5.954
21183,Hungary,1996,63.083,6.123
21184,Hungary,1997,61.676,6.0
21185,Hungary,1998,61.255,5.975
21186,Hungary,1999,61.575,6.025
21187,Hungary,2000,58.244,5.716
21188,Hungary,2001,59.828,5.885
21189,Hungary,2002,58.842,5.804
21190,Hungary,2003,61.611,6.095
21191,Hungary,2004,59.985,5.947
21192,Hungary,2005,60.142,5.975
21193,Hungary,2006,59.529,5.923
21194,Hungary,2007,58.449,5.825
21195,Hungary,2008,57.184,5.709
21196,Hungary,2009,51.457,5.145
21197,Hungary,2010,51.993,5.21
21198,Hungary,2011,50.156,5.042
21199,Hungary,2012,46.72,4.711
21200,Hungary,2013,43.487,4.397
21201,Hungary,2014,43.639,4.425
21202,Hungary,2015,46.567,4.733
21203,Hungary,2016,47.039,4.795
21204,Hungary,2017,49.424,5.051
21205,Hungary,2018,49.376,5.052
21206,Hungary,2019,49.166,5.032
21207,Hungary,2020,47.107,4.832
21208,Hungary,2021,48.331,4.979
21209,Hungary,2022,44.843,4.63
21210,Hungary,2023,40.19,4.149
21397,Iceland,1936,0.022,0.19
21398,Iceland,1937,0.018,0.157
21401,Iceland,1940,0.425,3.516
21402,Iceland,1941,0.412,3.362
21403,Iceland,1942,0.438,3.513
21404,Iceland,1943,0.472,3.728
21405,Iceland,1944,0.453,3.519
21406,Iceland,1945,0.432,3.303
21407,Iceland,1946,0.51,3.83
21408,Iceland,1947,0.6,4.431
21409,Iceland,1948,0.722,5.244
21410,Iceland,1949,0.743,5.304
21411,Iceland,1950,0.74,5.187
21412,Iceland,1951,0.645,4.434
21413,Iceland,1952,0.777,5.256
21414,Iceland,1953,0.916,6.076
21415,Iceland,1954,0.78,5.059
21416,Iceland,1955,0.912,5.783
21417,Iceland,1956,0.949,5.891
21418,Iceland,1957,0.964,5.848
21419,Iceland,1958,1.092,6.48
21420,Iceland,1959,1.238,7.198
21421,Iceland,1960,1.212,6.906
21422,Iceland,1961,1.092,6.098
21423,Iceland,1962,1.198,6.568
21424,Iceland,1963,1.304,7.024
21425,Iceland,1964,1.308,6.917
21426,Iceland,1965,1.396,7.255
21427,Iceland,1966,1.494,7.64
21428,Iceland,1967,1.443,7.259
21429,Iceland,1968,1.593,7.907
21430,Iceland,1969,1.264,6.213
21431,Iceland,1970,1.388,6.789
21432,Iceland,1971,1.472,7.141
21433,Iceland,1972,1.483,7.088
21434,Iceland,1973,1.75,8.24
21435,Iceland,1974,1.738,8.076
21436,Iceland,1975,1.613,7.4
21437,Iceland,1976,1.701,7.726
21438,Iceland,1977,1.903,8.577
21439,Iceland,1978,1.921,8.591
21440,Iceland,1979,1.983,8.784
21441,Iceland,1980,1.862,8.161
21442,Iceland,1981,1.748,7.575
21443,Iceland,1982,1.594,6.816
21444,Iceland,1983,1.543,6.509
21445,Iceland,1984,1.81,7.556
21446,Iceland,1985,1.623,6.721
21447,Iceland,1986,1.78,7.32
21448,Iceland,1987,1.845,7.504
21449,Iceland,1988,1.841,7.372
21450,Iceland,1989,1.896,7.5
21451,Iceland,1990,2.222,8.72
21452,Iceland,1991,2.103,8.159
21453,Iceland,1992,2.25,8.617
21454,Iceland,1993,2.401,9.101
21455,Iceland,1994,2.35,8.831
21456,Iceland,1995,2.469,9.231
21457,Iceland,1996,2.523,9.382
21458,Iceland,1997,2.619,9.657
21459,Iceland,1998,2.639,9.626
21460,Iceland,1999,2.841,10.241
21461,Iceland,2000,2.933,10.427
21462,Iceland,2001,2.865,10.052
21463,Iceland,2002,2.992,10.405
21464,Iceland,2003,2.986,10.31
21465,Iceland,2004,3.108,10.636
21466,Iceland,2005,2.977,10.028
21467,Iceland,2006,3.155,10.382
21468,Iceland,2007,3.495,11.213
21469,Iceland,2008,3.812,12.006
21470,Iceland,2009,3.732,11.712
21471,Iceland,2010,3.627,11.399
21472,Iceland,2011,3.504,10.978
21473,Iceland,2012,3.499,10.904
21474,Iceland,2013,3.488,10.769
21475,Iceland,2014,3.445,10.519
21476,Iceland,2015,3.541,10.7
21477,Iceland,2016,3.494,10.411
21478,Iceland,2017,3.611,10.511
21479,Iceland,2018,3.667,10.392
21480,Iceland,2019,3.556,9.859
21481,Iceland,2020,3.341,9.112
21482,Iceland,2021,3.508,9.415
21483,Iceland,2022,3.613,9.499
21484,Iceland,2023,3.762,9.708
21493,India,1858,0.394,0.002
21494,India,1859,0.636,0.003
21495,India,1860,0.643,0.003
21496,India,1861,0.497,0.002
21497,India,1862,0.55,0.002
21498,India,1863,0.61,0.002
21499,India,1864,0.577,0.002
21500,India,1865,0.567,0.002
21501,India,1866,0.64,0.003
21513,India,1878,1.767,0.007
21514,India,1879,1.684,0.007
21515,India,1880,1.887,0.007
21516,India,1881,1.839,0.007
21517,India,1882,2.196,0.008
21518,India,1883,2.441,0.009
21519,India,1884,2.73,0.01
21520,India,1885,2.459,0.009
21521,India,1886,2.772,0.01
21522,India,1887,3.066,0.011
21523,India,1888,3.41,0.013
21524,India,1889,4.022,0.015
21525,India,1890,4.432,0.016
21526,India,1891,4.772,0.017
21527,India,1892,5.247,0.019
21528,India,1893,5.543,0.02
21529,India,1894,5.617,0.02
21530,India,1895,7.035,0.025
21531,India,1896,7.608,0.027
21532,India,1897,8.253,0.03
21533,India,1898,9.125,0.033
21534,India,1899,10.054,0.036
21535,India,1900,11.93,0.042
21536,India,1901,13.18,0.047
21537,India,1902,14.515,0.051
21538,India,1903,14.802,0.052
21539,India,1904,16.561,0.058
21540,India,1905,16.931,0.059
21541,India,1906,19.549,0.067
21542,India,1907,21.772,0.075
21543,India,1908,24.908,0.085
21544,India,1909,24.143,0.082
21545,India,1910,23.487,0.079
21546,India,1911,24.782,0.084
21547,India,1912,28.521,0.096
21548,India,1913,31.467,0.106
21549,India,1914,31.698,0.107
21550,India,1915,33.142,0.111
21551,India,1916,33.518,0.113
21552,India,1917,35.02,0.117
21553,India,1918,39.359,0.132
21554,India,1919,42.975,0.144
21555,India,1920,34.868,0.116
21556,India,1921,37.506,0.124
21557,India,1922,36.903,0.121
21558,India,1923,37.972,0.123
21559,India,1924,40.628,0.131
21560,India,1925,40.085,0.128
21561,India,1926,39.943,0.126
21562,India,1927,41.884,0.131
21563,India,1928,40.073,0.124
21564,India,1929,41.708,0.128
21565,India,1930,42.399,0.128
21566,India,1931,38.851,0.116
21567,India,1932,36.129,0.107
21568,India,1933,35.467,0.103
21569,India,1934,39.611,0.114
21570,India,1935,41.393,0.117
21571,India,1936,40.684,0.114
21572,India,1937,45.067,0.124
21573,India,1938,50.38,0.137
21574,India,1939,49.312,0.133
21575,India,1940,52.31,0.14
21576,India,1941,53.581,0.143
21577,India,1942,53.53,0.144
21578,India,1943,46.644,0.126
21579,India,1944,47.696,0.13
21580,India,1945,52.874,0.145
21581,India,1946,52.225,0.144
21582,India,1947,53.18,0.148
21583,India,1948,53.204,0.149
21584,India,1949,56.188,0.158
21585,India,1950,61.103,0.176
21586,India,1951,64.022,0.181
21587,India,1952,67.426,0.186
21588,India,1953,68.705,0.186
21589,India,1954,72.414,0.191
21590,India,1955,78.788,0.203
21591,India,1956,81.656,0.206
21592,India,1957,91.635,0.226
21593,India,1958,95.816,0.23
21594,India,1959,101.447,0.238
21595,India,1960,111.325,0.255
21596,India,1961,120.404,0.27
21597,India,1962,132.582,0.29
21598,India,1963,142.444,0.304
21599,India,1964,139.488,0.291
21600,India,1965,153.702,0.314
21601,India,1966,159.373,0.318
21602,India,1967,159.556,0.312
21603,India,1968,174.069,0.333
21604,India,1969,177.413,0.332
21605,India,1970,181.723,0.333
21606,India,1971,191.964,0.344
21607,India,1972,203.036,0.356
21608,India,1973,209.095,0.358
21609,India,1974,215.853,0.362
21610,India,1975,234.209,0.383
21611,India,1976,244.749,0.391
21612,India,1977,258.962,0.404
21613,India,1978,263.15,0.401
21614,India,1979,276.285,0.412
21615,India,1980,291.711,0.424
21616,India,1981,314.966,0.448
21617,India,1982,325.38,0.452
21618,India,1983,352.199,0.478
21619,India,1984,361.559,0.479
21620,India,1985,397.592,0.515
21621,India,1986,426.309,0.539
21622,India,1987,455.343,0.563
21623,India,1988,491.692,0.594
21624,India,1989,540.651,0.639
21625,India,1990,577.996,0.668
21626,India,1991,615.365,0.696
21627,India,1992,655.447,0.726
21628,India,1993,677.299,0.735
21629,India,1994,714.064,0.759
21630,India,1995,760.462,0.792
21631,India,1996,823.621,0.841
21632,India,1997,858.011,0.859
21633,India,1998,875.772,0.86
21634,India,1999,960.763,0.925
21635,India,2000,986.445,0.932
21636,India,2001,1000.527,0.928
21637,India,2002,1032.14,0.94
21638,India,2003,1067.737,0.956
21639,India,2004,1133.828,0.998
21640,India,2005,1194.592,1.035
21641,India,2006,1292.485,1.102
21642,India,2007,1392.506,1.17
21643,India,2008,1489.437,1.233
21644,India,2009,1612.216,1.316
21645,India,2010,1677.337,1.349
21646,India,2011,1764.712,1.399
21647,India,2012,1925.7,1.506
21648,India,2013,1995.098,1.54
21649,India,2014,2148.344,1.637
21650,India,2015,2234.219,1.682
21651,India,2016,2354.658,1.752
21652,India,2017,2426.607,1.785
21653,India,2018,2593.058,1.886
21654,India,2019,2612.888,1.881
21655,India,2020,2421.552,1.726
21656,India,2021,2674.222,1.891
21657,India,2022,2831.166,1.986
21658,India,2023,3062.324,2.129
21698,Indonesia,1889,0.004,0.0
21699,Indonesia,1890,0.015,0.0
21700,Indonesia,1891,0.022,0.001
21701,Indonesia,1892,0.191,0.006
21702,Indonesia,1893,0.403,0.012
21703,Indonesia,1894,0.48,0.014
21704,Indonesia,1895,0.769,0.021
21705,Indonesia,1896,0.861,0.024
21706,Indonesia,1897,1.107,0.03
21707,Indonesia,1898,1.29,0.035
21708,Indonesia,1899,1.125,0.03
21709,Indonesia,1900,1.209,0.032
21710,Indonesia,1901,2.242,0.058
21711,Indonesia,1902,1.539,0.039
21712,Indonesia,1903,3.001,0.076
21713,Indonesia,1904,3.367,0.084
21714,Indonesia,1905,4.133,0.102
21715,Indonesia,1906,4.452,0.109
21716,Indonesia,1907,5.294,0.128
21717,Indonesia,1908,5.492,0.131
21718,Indonesia,1909,5.987,0.141
21719,Indonesia,1910,6.112,0.143
21720,Indonesia,1911,6.727,0.156
21721,Indonesia,1912,5.84,0.134
21722,Indonesia,1913,5.899,0.134
21723,Indonesia,1914,6.016,0.135
21724,Indonesia,1915,6.031,0.134
21725,Indonesia,1916,6.764,0.149
21726,Indonesia,1917,7.137,0.156
21727,Indonesia,1918,7.13,0.154
21728,Indonesia,1919,7.636,0.163
21729,Indonesia,1920,8.262,0.175
21730,Indonesia,1921,8.757,0.183
21731,Indonesia,1922,8.299,0.171
21732,Indonesia,1923,9.589,0.195
21733,Indonesia,1924,10.585,0.213
21734,Indonesia,1925,11.08,0.221
21735,Indonesia,1926,11.098,0.218
21736,Indonesia,1927,12.886,0.25
21737,Indonesia,1928,14.832,0.285
21738,Indonesia,1929,18.539,0.352
21739,Indonesia,1930,18.085,0.339
21740,Indonesia,1931,16.894,0.312
21741,Indonesia,1932,16.587,0.302
21742,Indonesia,1933,17.862,0.32
21743,Indonesia,1934,19.236,0.34
21744,Indonesia,1935,20.001,0.348
21745,Indonesia,1936,21.767,0.374
21746,Indonesia,1937,25.344,0.429
21747,Indonesia,1938,26.733,0.445
21748,Indonesia,1939,29.201,0.479
21749,Indonesia,1940,28.733,0.465
21750,Indonesia,1941,26.486,0.422
21751,Indonesia,1942,9.457,0.148
21752,Indonesia,1943,19.027,0.295
21753,Indonesia,1944,8.772,0.136
21754,Indonesia,1945,3.807,0.059
21755,Indonesia,1946,1.345,0.021
21756,Indonesia,1947,4.056,0.061
21757,Indonesia,1948,15.495,0.23
21758,Indonesia,1949,21.903,0.32
21759,Indonesia,1950,9.831,0.143
21760,Indonesia,1951,9.39,0.134
21761,Indonesia,1952,12.721,0.177
21762,Indonesia,1953,13.08,0.178
21763,Indonesia,1954,14.747,0.196
21764,Indonesia,1955,20.844,0.27
21765,Indonesia,1956,21.811,0.275
21766,Indonesia,1957,22.412,0.275
21767,Indonesia,1958,22.206,0.266
21768,Indonesia,1959,23.862,0.278
21769,Indonesia,1960,21.385,0.242
21770,Indonesia,1961,26.002,0.286
21771,Indonesia,1962,22.975,0.246
21772,Indonesia,1963,22.763,0.237
21773,Indonesia,1964,22.374,0.226
21774,Indonesia,1965,24.668,0.243
21775,Indonesia,1966,23.375,0.225
21776,Indonesia,1967,24.54,0.23
21777,Indonesia,1968,27.563,0.252
21778,Indonesia,1969,33.362,0.297
21779,Indonesia,1970,35.791,0.309
21780,Indonesia,1971,38.955,0.328
21781,Indonesia,1972,43.306,0.355
21782,Indonesia,1973,49.098,0.392
21783,Indonesia,1974,51.227,0.398
21784,Indonesia,1975,53.933,0.409
21785,Indonesia,1976,61.788,0.457
21786,Indonesia,1977,82.416,0.595
21787,Indonesia,1978,93.938,0.662
21788,Indonesia,1979,95.137,0.654
21789,Indonesia,1980,94.873,0.637
21790,Indonesia,1981,100.297,0.658
21791,Indonesia,1982,105.584,0.677
21792,Indonesia,1983,105.184,0.659
21793,Indonesia,1984,112.46,0.689
21794,Indonesia,1985,121.597,0.729
21795,Indonesia,1986,122.166,0.718
21796,Indonesia,1987,123.878,0.714
21797,Indonesia,1988,132.721,0.75
21798,Indonesia,1989,131.674,0.731
21799,Indonesia,1990,155.081,0.845
21800,Indonesia,1991,174.865,0.936
21801,Indonesia,1992,199.419,1.049
21802,Indonesia,1993,215.109,1.113
21803,Indonesia,1994,219.372,1.116
21804,Indonesia,1995,222.41,1.113
21805,Indonesia,1996,253.065,1.245
21806,Indonesia,1997,279.941,1.355
21807,Indonesia,1998,244.523,1.165
21808,Indonesia,1999,292.001,1.371
21809,Indonesia,2000,281.33,1.302
21810,Indonesia,2001,317.027,1.447
21811,Indonesia,2002,308.486,1.389
21812,Indonesia,2003,339.357,1.508
21813,Indonesia,2004,343.022,1.505
21814,Indonesia,2005,347.617,1.506
21815,Indonesia,2006,346.633,1.482
21816,Indonesia,2007,387.858,1.636
21817,Indonesia,2008,365.718,1.523
21818,Indonesia,2009,398.942,1.64
21819,Indonesia,2010,445.806,1.81
21820,Indonesia,2011,500.725,2.007
21821,Indonesia,2012,515.954,2.042
21822,Indonesia,2013,489.055,1.911
21823,Indonesia,2014,487.89,1.885
21824,Indonesia,2015,539.149,2.059
21825,Indonesia,2016,540.086,2.041
21826,Indonesia,2017,556.944,2.083
21827,Indonesia,2018,594.101,2.201
21828,Indonesia,2019,653.792,2.399
21829,Indonesia,2020,608.223,2.213
21830,Indonesia,2021,619.622,2.239
21831,Indonesia,2022,737.073,2.643
21832,Indonesia,2023,733.224,2.608
22471,Iran,1906,0.004,0.0
22476,Iran,1911,0.136,0.012
22477,Iran,1912,0.253,0.024
22478,Iran,1913,0.854,0.081
22479,Iran,1914,1.172,0.114
22480,Iran,1915,1.403,0.139
22481,Iran,1916,2.008,0.202
22482,Iran,1917,2.799,0.288
22483,Iran,1918,3.448,0.362
22484,Iran,1919,4.32,0.458
22485,Iran,1920,5.437,0.575
22486,Iran,1921,7.255,0.758
22487,Iran,1922,9.226,0.941
22488,Iran,1923,11.578,1.142
22489,Iran,1924,13.506,1.289
22490,Iran,1925,14.202,1.31
22491,Iran,1926,15.059,1.343
22492,Iran,1927,16.701,1.441
22493,Iran,1928,17.679,1.475
22494,Iran,1929,17.023,1.378
22495,Iran,1930,18.514,1.459
22496,Iran,1931,17.924,1.379
22497,Iran,1932,20.09,1.514
22498,Iran,1933,22.087,1.636
22499,Iran,1934,23.494,1.71
22500,Iran,1935,23.34,1.669
22501,Iran,1936,25.553,1.796
22502,Iran,1937,31.69,2.188
22503,Iran,1938,31.778,2.156
22504,Iran,1939,30.052,2.008
22505,Iran,1940,27.128,1.787
22506,Iran,1941,20.822,1.355
22507,Iran,1942,29.532,1.902
22508,Iran,1943,30.455,1.945
22509,Iran,1944,41.66,2.637
22510,Iran,1945,52.897,3.32
22511,Iran,1946,60.232,3.748
22512,Iran,1947,63.468,3.915
22513,Iran,1948,77.951,4.767
22514,Iran,1949,8.13,0.491
22515,Iran,1950,9.601,0.581
22516,Iran,1951,6.914,0.409
22517,Iran,1952,4.092,0.236
22518,Iran,1953,3.829,0.215
22519,Iran,1954,1.044,0.057
22520,Iran,1955,15.813,0.846
22521,Iran,1956,22.808,1.188
22522,Iran,1957,21.8,1.105
22523,Iran,1958,25.229,1.245
22524,Iran,1959,25.569,1.227
22525,Iran,1960,37.359,1.74
22526,Iran,1961,36.509,1.65
22527,Iran,1962,37.428,1.641
22528,Iran,1963,41.305,1.756
22529,Iran,1964,47.519,1.959
22530,Iran,1965,53.718,2.146
22531,Iran,1966,64.103,2.482
22532,Iran,1967,67.881,2.549
22533,Iran,1968,82.33,3.001
22534,Iran,1969,83.039,2.937
22535,Iran,1970,91.787,3.149
22536,Iran,1971,101.628,3.384
22537,Iran,1972,106.015,3.429
22538,Iran,1973,129.475,4.066
22539,Iran,1974,143.775,4.384
22540,Iran,1975,139.214,4.118
22541,Iran,1976,156.49,4.492
22542,Iran,1977,163.806,4.559
22543,Iran,1978,162.289,4.371
22544,Iran,1979,163.137,4.246
22545,Iran,1980,120.695,3.029
22546,Iran,1981,113.273,2.698
22547,Iran,1982,138.132,3.12
22548,Iran,1983,150.028,3.259
22549,Iran,1984,150.401,3.147
22550,Iran,1985,160.486,3.237
22551,Iran,1986,148.305,2.883
22552,Iran,1987,159.34,2.988
22553,Iran,1988,175.962,3.195
22554,Iran,1989,191.114,3.37
22555,Iran,1990,211.075,3.616
22556,Iran,1991,223.046,3.718
22557,Iran,1992,228.194,3.73
22558,Iran,1993,236.993,3.86
22559,Iran,1994,264.822,4.305
22560,Iran,1995,270.875,4.355
22561,Iran,1996,276.62,4.399
22562,Iran,1997,269.263,4.231
22563,Iran,1998,305.642,4.737
22564,Iran,1999,374.452,5.722
22565,Iran,2000,367.213,5.529
22566,Iran,2001,389.909,5.781
22567,Iran,2002,397.031,5.838
22568,Iran,2003,410.967,5.976
22569,Iran,2004,442.119,6.293
22570,Iran,2005,466.784,6.499
22571,Iran,2006,501.018,6.827
22572,Iran,2007,507.775,6.806
22573,Iran,2008,528.536,6.999
22574,Iran,2009,543.413,7.107
22575,Iran,2010,561.496,7.253
22576,Iran,2011,576.146,7.35
22577,Iran,2012,599.121,7.548
22578,Iran,2013,609.839,7.584
22579,Iran,2014,644.151,7.903
22580,Iran,2015,641.911,7.769
22581,Iran,2016,644.684,7.692
22582,Iran,2017,696.4,8.19
22583,Iran,2018,689.783,8.01
22584,Iran,2019,735.347,8.447
22585,Iran,2020,756.606,8.625
22586,Iran,2021,779.756,8.815
22587,Iran,2022,800.747,8.944
22588,Iran,2023,817.88,9.027
22666,Iraq,1927,0.139,0.037
22667,Iraq,1928,0.289,0.075
22668,Iraq,1929,0.37,0.095
22669,Iraq,1930,0.37,0.094
22670,Iraq,1931,0.366,0.093
22671,Iraq,1932,0.374,0.094
22672,Iraq,1933,0.352,0.088
22673,Iraq,1934,2.865,0.716
22674,Iraq,1935,5.723,1.427
22675,Iraq,1936,5.793,1.441
22676,Iraq,1937,6.243,1.549
22677,Iraq,1938,5.917,1.464
22678,Iraq,1939,12.157,2.981
22679,Iraq,1940,7.691,1.858
22680,Iraq,1941,4.807,1.137
22681,Iraq,1942,7.962,1.831
22682,Iraq,1943,10.959,2.438
22683,Iraq,1944,12.773,2.748
22684,Iraq,1945,14.132,2.941
22685,Iraq,1946,14.356,2.89
22686,Iraq,1947,14.425,2.809
22687,Iraq,1948,0.0,0.0
22688,Iraq,1949,1.128,0.206
22689,Iraq,1950,1.649,0.292
22690,Iraq,1951,2.429,0.421
22691,Iraq,1952,1.96,0.331
22692,Iraq,1953,2.527,0.417
22693,Iraq,1954,3.048,0.49
22694,Iraq,1955,4.099,0.644
22695,Iraq,1956,6.395,0.983
22696,Iraq,1957,5.97,0.9
22697,Iraq,1958,6.666,0.989
22698,Iraq,1959,7.314,1.065
22699,Iraq,1960,8.256,1.176
22700,Iraq,1961,8.709,1.211
22701,Iraq,1962,9.021,1.217
22702,Iraq,1963,9.383,1.224
22703,Iraq,1964,9.064,1.143
22704,Iraq,1965,19.293,2.352
22705,Iraq,1966,27.676,3.262
22706,Iraq,1967,18.373,2.093
22707,Iraq,1968,19.696,2.168
22708,Iraq,1969,22.601,2.404
22709,Iraq,1970,23.884,2.453
22710,Iraq,1971,28.832,2.861
22711,Iraq,1972,29.52,2.83
22712,Iraq,1973,30.613,2.836
22713,Iraq,1974,30.909,2.768
22714,Iraq,1975,33.12,2.869
22715,Iraq,1976,48.735,4.086
22716,Iraq,1977,43.63,3.538
22717,Iraq,1978,42.193,3.308
22718,Iraq,1979,52.823,4.011
22719,Iraq,1980,45.358,3.337
22720,Iraq,1981,31.901,2.278
22721,Iraq,1982,30.374,2.108
22722,Iraq,1983,38.465,2.592
22723,Iraq,1984,39.771,2.598
22724,Iraq,1985,44.196,2.818
22725,Iraq,1986,47.23,2.938
22726,Iraq,1987,52.184,3.159
22727,Iraq,1988,67.127,3.97
22728,Iraq,1989,72.242,4.16
22729,Iraq,1990,49.057,2.79
22730,Iraq,1991,45.185,2.543
22731,Iraq,1992,58.889,3.218
22732,Iraq,1993,63.13,3.288
22733,Iraq,1994,76.437,3.795
22734,Iraq,1995,79.695,3.827
22735,Iraq,1996,74.71,3.475
22736,Iraq,1997,76.174,3.435
22737,Iraq,1998,80.837,3.532
22738,Iraq,1999,82.043,3.471
22739,Iraq,2000,83.266,3.409
22740,Iraq,2001,96.332,3.823
22741,Iraq,2002,96.54,3.712
22742,Iraq,2003,101.267,3.778
22743,Iraq,2004,112.803,4.09
22744,Iraq,2005,114.02,4.014
22745,Iraq,2006,98.564,3.444
22746,Iraq,2007,61.086,2.152
22747,Iraq,2008,93.938,3.242
22748,Iraq,2009,104.815,3.487
22749,Iraq,2010,113.536,3.657
22750,Iraq,2011,122.937,3.823
22751,Iraq,2012,133.421,3.964
22752,Iraq,2013,141.053,3.998
22753,Iraq,2014,137.021,3.749
22754,Iraq,2015,141.987,3.78
22755,Iraq,2016,152.422,3.962
22756,Iraq,2017,166.704,4.238
22757,Iraq,2018,184.777,4.589
22758,Iraq,2019,190.234,4.618
22759,Iraq,2020,161.115,3.825
22760,Iraq,2021,159.045,3.693
22761,Iraq,2022,171.279,3.886
22762,Iraq,2023,176.458,3.915
22763,Ireland,1850,0.396,0.057
22793,Ireland,1880,0.352,0.068
22794,Ireland,1881,0.352,0.069
22823,Ireland,1910,0.216,0.05
22826,Ireland,1913,0.224,0.052
22827,Ireland,1914,0.249,0.058
22828,Ireland,1915,0.227,0.053
22829,Ireland,1916,0.242,0.056
22830,Ireland,1917,0.256,0.06
22831,Ireland,1918,0.245,0.057
22832,Ireland,1919,0.249,0.058
22833,Ireland,1920,0.293,0.07
22834,Ireland,1921,0.238,0.058
22837,Ireland,1924,6.687,1.825
22838,Ireland,1925,6.035,1.714
22839,Ireland,1926,8.097,2.394
22840,Ireland,1927,6.731,2.071
22841,Ireland,1928,6.485,2.076
22842,Ireland,1929,9.999,3.306
22843,Ireland,1930,9.552,3.235
22844,Ireland,1931,9.842,3.386
22845,Ireland,1932,6.427,2.227
22846,Ireland,1933,9.266,3.208
22847,Ireland,1934,9.482,3.279
22848,Ireland,1935,9.534,3.294
22849,Ireland,1936,10.146,3.501
22850,Ireland,1937,10.354,3.57
22851,Ireland,1938,9.966,3.432
22852,Ireland,1939,11.53,3.967
22853,Ireland,1940,11.522,3.962
22854,Ireland,1941,8.448,2.903
22855,Ireland,1942,7.016,2.41
22856,Ireland,1943,7.111,2.442
22857,Ireland,1944,6.356,2.183
22858,Ireland,1945,6.833,2.346
22859,Ireland,1946,8.195,2.813
22860,Ireland,1947,8.811,3.024
22861,Ireland,1948,8.444,2.898
22862,Ireland,1949,8.345,2.866
22863,Ireland,1950,9.726,3.339
22864,Ireland,1951,10.507,3.577
22865,Ireland,1952,9.62,3.27
22866,Ireland,1953,9.535,3.255
22867,Ireland,1954,9.092,3.119
22868,Ireland,1955,11.715,4.04
22869,Ireland,1956,10.923,3.788
22870,Ireland,1957,9.718,3.387
22871,Ireland,1958,8.956,3.138
22872,Ireland,1959,12.312,4.336
22873,Ireland,1960,11.169,3.95
22874,Ireland,1961,12.353,4.373
22875,Ireland,1962,13.107,4.629
22876,Ireland,1963,13.447,4.73
22877,Ireland,1964,14.216,4.976
22878,Ireland,1965,13.717,4.774
22879,Ireland,1966,15.095,5.225
22880,Ireland,1967,16.395,5.643
22881,Ireland,1968,17.802,6.091
22882,Ireland,1969,18.494,6.289
22883,Ireland,1970,19.394,6.549
22884,Ireland,1971,22.476,7.509
22885,Ireland,1972,22.036,7.256
22886,Ireland,1973,22.846,7.407
22887,Ireland,1974,23.293,7.437
22888,Ireland,1975,22.048,6.933
22889,Ireland,1976,22.293,6.905
22890,Ireland,1977,23.569,7.191
22891,Ireland,1978,23.58,7.083
22892,Ireland,1979,27.403,8.117
22893,Ireland,1980,26.272,7.692
22894,Ireland,1981,26.062,7.557
22895,Ireland,1982,25.566,7.356
22896,Ireland,1983,25.729,7.356
22897,Ireland,1984,25.549,7.267
22898,Ireland,1985,26.75,7.575
22899,Ireland,1986,28.55,8.061
22900,Ireland,1987,30.226,8.538
22901,Ireland,1988,29.884,8.477
22902,Ireland,1989,30.061,8.562
22903,Ireland,1990,32.945,9.375
22904,Ireland,1991,33.675,9.528
22905,Ireland,1992,33.496,9.413
22906,Ireland,1993,33.717,9.428
22907,Ireland,1994,34.839,9.704
22908,Ireland,1995,35.853,9.93
22909,Ireland,1996,37.469,10.298
22910,Ireland,1997,38.805,10.567
22911,Ireland,1998,40.708,10.969
22912,Ireland,1999,42.44,11.309
22913,Ireland,2000,45.25,11.9
22914,Ireland,2001,47.608,12.324
22915,Ireland,2002,46.081,11.73
22916,Ireland,2003,45.684,11.441
22917,Ireland,2004,46.167,11.354
22918,Ireland,2005,48.153,11.588
22919,Ireland,2006,47.597,11.15
22920,Ireland,2007,47.657,10.847
22921,Ireland,2008,47.359,10.557
22922,Ireland,2009,42.191,9.306
22923,Ireland,2010,41.792,9.167
22924,Ireland,2011,38.054,8.309
22925,Ireland,2012,38.224,8.309
22926,Ireland,2013,37.279,8.061
22927,Ireland,2014,36.85,7.911
22928,Ireland,2015,38.716,8.233
22929,Ireland,2016,40.367,8.492
22930,Ireland,2017,39.076,8.123
22931,Ireland,2018,39.009,8.006
22932,Ireland,2019,37.323,7.565
22933,Ireland,2020,35.124,7.049
22934,Ireland,2021,37.544,7.466
22935,Ireland,2022,36.711,7.184
22936,Ireland,2023,34.433,6.626
23017,Israel,1930,0.04,0.068
23018,Israel,1931,0.04,0.066
23019,Israel,1932,0.051,0.08
23020,Israel,1933,0.065,0.099
23021,Israel,1934,0.069,0.1
23022,Israel,1935,0.091,0.127
23023,Israel,1936,0.076,0.102
23024,Israel,1937,0.08,0.103
23025,Israel,1938,0.047,0.058
23026,Israel,1939,0.055,0.065
23027,Israel,1940,0.073,0.083
23028,Israel,1941,0.058,0.064
23029,Israel,1942,0.109,0.115
23030,Israel,1943,0.084,0.085
23031,Israel,1944,0.087,0.085
23032,Israel,1945,0.073,0.069
23033,Israel,1946,0.131,0.119
23034,Israel,1947,0.164,0.144
23035,Israel,1948,0.08,0.068
23036,Israel,1949,0.12,0.097
23037,Israel,1950,1.669,1.295
23038,Israel,1951,2.918,2.159
23039,Israel,1952,3.659,2.587
23040,Israel,1953,4.04,2.736
23041,Israel,1954,4.325,2.812
23042,Israel,1955,4.815,3.011
23043,Israel,1956,4.794,2.887
23044,Israel,1957,5.171,3.005
23045,Israel,1958,5.537,3.112
23046,Israel,1959,5.603,3.051
23047,Israel,1960,6.46,3.414
23048,Israel,1961,7.061,3.608
23049,Israel,1962,7.932,3.887
23050,Israel,1963,8.2,3.84
23051,Israel,1964,9.137,4.094
23052,Israel,1965,12.929,5.545
23053,Israel,1966,13.581,5.58
23054,Israel,1967,13.528,5.329
23055,Israel,1968,13.794,5.214
23056,Israel,1969,14.801,5.374
23057,Israel,1970,16.559,5.78
23058,Israel,1971,16.219,5.448
23059,Israel,1972,16.891,5.485
23060,Israel,1973,19.261,6.089
23061,Israel,1974,19.369,5.978
23062,Israel,1975,19.54,5.889
23063,Israel,1976,19.497,5.737
23064,Israel,1977,19.766,5.68
23065,Israel,1978,21.032,5.907
23066,Israel,1979,20.864,5.731
23067,Israel,1980,20.985,5.639
23068,Israel,1981,21.018,5.528
23069,Israel,1982,23.855,6.142
23070,Israel,1983,23.709,5.988
23071,Israel,1984,23.498,5.825
23072,Israel,1985,24.613,5.995
23073,Israel,1986,26.348,6.32
23074,Israel,1987,27.069,6.389
23075,Israel,1988,29.703,6.896
23076,Israel,1989,31.394,7.165
23077,Israel,1990,35.824,7.882
23078,Israel,1991,36.148,7.563
23079,Israel,1992,42.082,8.489
23080,Israel,1993,44.235,8.697
23081,Israel,1994,47.475,9.101
23082,Israel,1995,49.866,9.312
23083,Israel,1996,51.936,9.444
23084,Israel,1997,54.866,9.717
23085,Israel,1998,56.01,9.673
23086,Israel,1999,54.756,9.209
23087,Israel,2000,59.519,9.739
23088,Israel,2001,63.024,10.068
23089,Israel,2002,59.301,9.284
23090,Israel,2003,62.415,9.598
23091,Israel,2004,58.679,8.871
23092,Israel,2005,56.524,8.401
23093,Israel,2006,62.149,9.081
23094,Israel,2007,62.8,9.02
23095,Israel,2008,67.98,9.598
23096,Israel,2009,63.861,8.862
23097,Israel,2010,68.287,9.308
23098,Israel,2011,68.595,9.181
23099,Israel,2012,74.785,9.83
23100,Israel,2013,63.095,8.142
23101,Israel,2014,60.282,7.633
23102,Israel,2015,62.939,7.816
23103,Israel,2016,61.164,7.45
23104,Israel,2017,58.845,7.037
23105,Israel,2018,59.986,7.049
23106,Israel,2019,58.656,6.775
23107,Israel,2020,59.156,6.722
23108,Israel,2021,59.008,6.598
23109,Israel,2022,60.946,6.695
23110,Israel,2023,59.489,6.427
23121,Italy,1860,0.029,0.001
23122,Italy,1861,0.671,0.026
23123,Italy,1862,1.227,0.047
23124,Italy,1863,1.07,0.04
23125,Italy,1864,1.605,0.06
23126,Italy,1865,1.271,0.047
23127,Italy,1866,1.477,0.055
23128,Italy,1867,1.469,0.054
23129,Italy,1868,1.696,0.062
23130,Italy,1869,1.872,0.068
23131,Italy,1870,2.678,0.097
23132,Italy,1871,2.308,0.083
23133,Italy,1872,2.975,0.106
23134,Italy,1873,2.77,0.098
23135,Italy,1874,2.997,0.106
23136,Italy,1875,3.067,0.107
23137,Italy,1876,4.107,0.143
23138,Italy,1877,3.803,0.132
23139,Italy,1878,3.785,0.13
23140,Italy,1879,4.356,0.149
23141,Italy,1880,5.067,0.173
23142,Italy,1881,5.958,0.202
23143,Italy,1882,6.273,0.211
23144,Italy,1883,6.646,0.222
23145,Italy,1884,7.361,0.244
23146,Italy,1885,8.376,0.276
23147,Italy,1886,8.328,0.272
23148,Italy,1887,10.149,0.33
23149,Italy,1888,10.897,0.352
23150,Italy,1889,11.256,0.361
23151,Italy,1890,12.208,0.389
23152,Italy,1891,10.999,0.348
23153,Italy,1892,10.889,0.343
23154,Italy,1893,10.523,0.329
23155,Italy,1894,13.062,0.406
23156,Italy,1895,12.022,0.372
23157,Italy,1896,11.424,0.351
23158,Italy,1897,11.919,0.364
23159,Italy,1898,12.403,0.377
23160,Italy,1899,13.59,0.41
23161,Italy,1900,13.909,0.417
23162,Italy,1901,13.52,0.403
23163,Italy,1902,15.015,0.444
23164,Italy,1903,15.316,0.449
23165,Italy,1904,16.188,0.471
23166,Italy,1905,17.844,0.515
23167,Italy,1906,21.09,0.604
23168,Italy,1907,22.808,0.648
23169,Italy,1908,23.263,0.655
23170,Italy,1909,25.703,0.719
23171,Italy,1910,25.736,0.716
23172,Italy,1911,26.538,0.735
23173,Italy,1912,27.85,0.769
23174,Italy,1913,29.964,0.826
23175,Italy,1914,27.238,0.749
23176,Italy,1915,23.779,0.653
23177,Italy,1916,23.512,0.644
23178,Italy,1917,16.122,0.441
23179,Italy,1918,18.98,0.518
23180,Italy,1919,18.609,0.506
23181,Italy,1920,17.869,0.483
23182,Italy,1921,21.881,0.588
23183,Italy,1922,25.699,0.686
23184,Italy,1923,26.824,0.71
23185,Italy,1924,32.181,0.844
23186,Italy,1925,30.968,0.805
23187,Italy,1926,35.841,0.924
23188,Italy,1927,40.385,1.032
23189,Italy,1928,38.148,0.966
23190,Italy,1929,44.027,1.106
23191,Italy,1930,39.55,0.985
23192,Italy,1931,34.173,0.844
23193,Italy,1932,28.065,0.687
23194,Italy,1933,30.474,0.74
23195,Italy,1934,39.661,0.955
23196,Italy,1935,45.376,1.084
23197,Italy,1936,31.99,0.758
23198,Italy,1937,45.174,1.061
23199,Italy,1938,44.979,1.047
23200,Italy,1939,46.12,1.066
23201,Italy,1940,49.031,1.125
23202,Italy,1941,42.894,0.977
23203,Italy,1942,41.889,0.948
23204,Italy,1943,7.112,0.16
23205,Italy,1944,3.578,0.08
23206,Italy,1945,4.352,0.097
23207,Italy,1946,22.166,0.49
23208,Italy,1947,36.786,0.808
23209,Italy,1948,35.528,0.775
23210,Italy,1949,39.771,0.863
23211,Italy,1950,41.431,0.893
23212,Italy,1951,48.822,1.044
23213,Italy,1952,50.621,1.077
23214,Italy,1953,55.995,1.181
23215,Italy,1954,64.938,1.358
23216,Italy,1955,73.266,1.522
23217,Italy,1956,83.475,1.725
23218,Italy,1957,87.078,1.79
23219,Italy,1958,87.598,1.79
23220,Italy,1959,94.085,1.912
23221,Italy,1960,109.203,2.205
23222,Italy,1961,124.375,2.497
23223,Italy,1962,146.255,2.915
23224,Italy,1963,164.556,3.254
23225,Italy,1964,175.721,3.444
23226,Italy,1965,189.528,3.682
23227,Italy,1966,213.982,4.121
23228,Italy,1967,234.13,4.473
23229,Italy,1968,249.172,4.727
23230,Italy,1969,269.661,5.082
23231,Italy,1970,296.365,5.551
23232,Italy,1971,311.049,5.792
23233,Italy,1972,328.237,6.071
23234,Italy,1973,353.349,6.489
23235,Italy,1974,358.253,6.535
23236,Italy,1975,341.052,6.182
23237,Italy,1976,365.795,6.596
23238,Italy,1977,354.418,6.361
23239,Italy,1978,371.274,6.637
23240,Italy,1979,385.256,6.863
23241,Italy,1980,386.433,6.85
23242,Italy,1981,375.3,6.625
23243,Italy,1982,366.879,6.468
23244,Italy,1983,358.409,6.314
23245,Italy,1984,364.601,6.418
23246,Italy,1985,368.982,6.49
23247,Italy,1986,363.188,6.386
23248,Italy,1987,380.099,6.681
23249,Italy,1988,385.962,6.78
23250,Italy,1989,404.742,7.104
23251,Italy,1990,438.207,7.684
23252,Italy,1991,437.741,7.67
23253,Italy,1992,437.936,7.666
23254,Italy,1993,430.267,7.526
23255,Italy,1994,424.506,7.393
23256,Italy,1995,448.595,7.815
23257,Italy,1996,442.842,7.747
23258,Italy,1997,448.57,7.844
23259,Italy,1998,460.823,8.054
23260,Italy,1999,465.506,8.132
23261,Italy,2000,469.597,8.199
23262,Italy,2001,469.678,8.196
23263,Italy,2002,477.105,8.309
23264,Italy,2003,495.092,8.575
23265,Italy,2004,500.686,8.606
23266,Italy,2005,501.364,8.567
23267,Italy,2006,495.937,8.441
23268,Italy,2007,489.653,8.284
23269,Italy,2008,478.126,8.027
23270,Italy,2009,424.061,7.079
23271,Italy,2010,435.71,7.242
23272,Italy,2011,423.894,7.022
23273,Italy,2012,403.441,6.665
23274,Italy,2013,369.475,6.092
23275,Italy,2014,349.4,5.76
23276,Italy,2015,361.254,5.964
23277,Italy,2016,358.144,5.922
23278,Italy,2017,352.679,5.84
23279,Italy,2018,349.062,5.791
23280,Italy,2019,339.634,5.648
23281,Italy,2020,302.602,5.051
23282,Italy,2021,335.978,5.625
23283,Italy,2022,340.672,5.714
23284,Italy,2023,313.461,5.268
23485,Jamaica,1950,0.271,0.193
23486,Jamaica,1951,0.52,0.359
23487,Jamaica,1952,0.564,0.381
23488,Jamaica,1953,0.615,0.407
23489,Jamaica,1954,0.791,0.516
23490,Jamaica,1955,0.985,0.634
23491,Jamaica,1956,1.26,0.801
23492,Jamaica,1957,1.604,1.009
23493,Jamaica,1958,1.355,0.843
23494,Jamaica,1959,1.839,1.129
23495,Jamaica,1960,1.468,0.89
23496,Jamaica,1961,2.128,1.272
23497,Jamaica,1962,2.117,1.248
23498,Jamaica,1963,2.395,1.392
23499,Jamaica,1964,4.062,2.327
23500,Jamaica,1965,2.989,1.689
23501,Jamaica,1966,3.516,1.963
23502,Jamaica,1967,3.864,2.132
23503,Jamaica,1968,3.879,2.115
23504,Jamaica,1969,4.267,2.3
23505,Jamaica,1970,4.989,2.656
23506,Jamaica,1971,5.747,3.019
23507,Jamaica,1972,6.282,3.252
23508,Jamaica,1973,8.29,4.227
23509,Jamaica,1974,7.594,3.815
23510,Jamaica,1975,8.181,4.052
23511,Jamaica,1976,7.276,3.557
23512,Jamaica,1977,7.441,3.594
23513,Jamaica,1978,9.112,4.35
23514,Jamaica,1979,8.529,4.024
23515,Jamaica,1980,8.445,3.936
23516,Jamaica,1981,7.408,3.408
23517,Jamaica,1982,6.214,2.82
23518,Jamaica,1983,6.445,2.884
23519,Jamaica,1984,5.141,2.27
23520,Jamaica,1985,5.042,2.201
23521,Jamaica,1986,4.547,1.967
23522,Jamaica,1987,5.379,2.309
23523,Jamaica,1988,4.525,1.929
23524,Jamaica,1989,6.724,2.847
23525,Jamaica,1990,7.527,3.163
23526,Jamaica,1991,7.751,3.228
23527,Jamaica,1992,7.709,3.179
23528,Jamaica,1993,8.001,3.266
23529,Jamaica,1994,8.189,3.308
23530,Jamaica,1995,9.173,3.669
23531,Jamaica,1996,9.688,3.837
23532,Jamaica,1997,10.068,3.952
23533,Jamaica,1998,9.694,3.772
23534,Jamaica,1999,9.958,3.845
23535,Jamaica,2000,10.314,3.955
23536,Jamaica,2001,10.576,4.03
23537,Jamaica,2002,10.203,3.864
23538,Jamaica,2003,10.667,4.015
23539,Jamaica,2004,10.574,3.957
23540,Jamaica,2005,10.417,3.877
23541,Jamaica,2006,11.577,4.286
23542,Jamaica,2007,10.749,3.961
23543,Jamaica,2008,10.78,3.955
23544,Jamaica,2009,7.934,2.899
23545,Jamaica,2010,7.677,2.793
23546,Jamaica,2011,8.256,2.991
23547,Jamaica,2012,7.913,2.854
23548,Jamaica,2013,8.492,3.051
23549,Jamaica,2014,7.697,2.755
23550,Jamaica,2015,7.999,2.854
23551,Jamaica,2016,8.163,2.905
23552,Jamaica,2017,7.798,2.769
23553,Jamaica,2018,8.086,2.867
23554,Jamaica,2019,9.476,3.356
23555,Jamaica,2020,6.902,2.438
23556,Jamaica,2021,7.346,2.589
23557,Jamaica,2022,7.137,2.514
23558,Jamaica,2023,7.649,2.693
23577,Japan,1868,0.011,0.0
23578,Japan,1869,0.018,0.001
23579,Japan,1870,0.018,0.001
23580,Japan,1871,0.026,0.001
23581,Japan,1872,0.033,0.001
23582,Japan,1873,0.04,0.001
23583,Japan,1874,0.586,0.017
23584,Japan,1875,1.44,0.04
23585,Japan,1876,1.403,0.039
23586,Japan,1877,1.29,0.036
23587,Japan,1878,1.858,0.051
23588,Japan,1879,2.316,0.063
23589,Japan,1880,2.349,0.064
23590,Japan,1881,2.415,0.065
23591,Japan,1882,2.514,0.067
23592,Japan,1883,2.711,0.072
23593,Japan,1884,2.957,0.077
23594,Japan,1885,3.349,0.087
23595,Japan,1886,3.605,0.093
23596,Japan,1887,4.474,0.114
23597,Japan,1888,5.17,0.131
23598,Japan,1889,6.254,0.157
23599,Japan,1890,6.756,0.168
23600,Japan,1891,8.123,0.2
23601,Japan,1892,8.075,0.197
23602,Japan,1893,8.574,0.207
23603,Japan,1894,11.025,0.263
23604,Japan,1895,12.227,0.289
23605,Japan,1896,12.916,0.303
23606,Japan,1897,13.542,0.314
23607,Japan,1898,17.246,0.396
23608,Japan,1899,17.272,0.393
23609,Japan,1900,19.412,0.437
23610,Japan,1901,23.274,0.518
23611,Japan,1902,24.945,0.549
23612,Japan,1903,25.787,0.561
23613,Japan,1904,29.052,0.625
23614,Japan,1905,29.931,0.636
23615,Japan,1906,32.855,0.69
23616,Japan,1907,35.072,0.728
23617,Japan,1908,37.633,0.773
23618,Japan,1909,38.256,0.776
23619,Japan,1910,39.384,0.79
23620,Japan,1911,44.21,0.876
23621,Japan,1912,49.281,0.965
23622,Japan,1913,54.315,1.05
23623,Japan,1914,58.016,1.108
23624,Japan,1915,52.842,0.997
23625,Japan,1916,58.598,1.093
23626,Japan,1917,67.484,1.243
23627,Japan,1918,71.543,1.303
23628,Japan,1919,79.194,1.424
23629,Japan,1920,74.28,1.319
23630,Japan,1921,66.809,1.171
23631,Japan,1922,71.43,1.235
23632,Japan,1923,75.907,1.294
23633,Japan,1924,79.348,1.334
23634,Japan,1925,82.011,1.359
23635,Japan,1926,82.605,1.35
23636,Japan,1927,89.482,1.442
23637,Japan,1928,92.391,1.468
23638,Japan,1929,94.88,1.487
23639,Japan,1930,86.166,1.332
23640,Japan,1931,77.904,1.189
23641,Japan,1932,77.98,1.175
23642,Japan,1933,91.342,1.358
23643,Japan,1934,101.203,1.486
23644,Japan,1935,106.382,1.542
23645,Japan,1936,116.849,1.672
23646,Japan,1937,125.431,1.772
23647,Japan,1938,131.735,1.838
23648,Japan,1939,127.747,1.759
23649,Japan,1940,153.244,2.082
23650,Japan,1941,154.605,2.073
23651,Japan,1942,147.792,1.955
23652,Japan,1943,150.637,1.965
23653,Japan,1944,138.733,1.785
23654,Japan,1945,76.635,0.972
23655,Japan,1946,52.707,0.66
23656,Japan,1947,70.032,0.864
23657,Japan,1948,88.082,1.072
23658,Japan,1949,98.42,1.182
23659,Japan,1950,102.541,1.186
23660,Japan,1951,123.458,1.405
23661,Japan,1952,130.428,1.463
23662,Japan,1953,145.902,1.615
23663,Japan,1954,142.681,1.561
23664,Japan,1955,142.036,1.537
23665,Japan,1956,160.823,1.723
23666,Japan,1957,188.287,2.001
23667,Japan,1958,181.421,1.913
23668,Japan,1959,192.92,2.018
23669,Japan,1960,232.83,2.415
23670,Japan,1961,283.131,2.912
23671,Japan,1962,293.278,2.99
23672,Japan,1963,325.264,3.287
23673,Japan,1964,359.349,3.597
23674,Japan,1965,386.969,3.835
23675,Japan,1966,419.78,4.12
23676,Japan,1967,489.912,4.758
23677,Japan,1968,562.561,5.397
23678,Japan,1969,653.846,6.199
23679,Japan,1970,769.74,7.213
23680,Japan,1971,799.643,7.407
23681,Japan,1972,861.046,7.882
23682,Japan,1973,914.262,8.265
23683,Japan,1974,914.303,8.163
23684,Japan,1975,869.796,7.675
23685,Japan,1976,909.555,7.944
23686,Japan,1977,935.53,8.095
23687,Japan,1978,905.064,7.764
23688,Japan,1979,957.13,8.144
23689,Japan,1980,948.535,8.014
23690,Japan,1981,930.369,7.819
23691,Japan,1982,900.713,7.538
23692,Japan,1983,884.42,7.373
23693,Japan,1984,940.528,7.813
23694,Japan,1985,915.263,7.575
23695,Japan,1986,914.048,7.531
23696,Japan,1987,902.178,7.398
23697,Japan,1988,984.697,8.04
23698,Japan,1989,1021.278,8.307
23699,Japan,1990,1157.393,9.379
23700,Japan,1991,1169.093,9.437
23701,Japan,1992,1178.892,9.478
23702,Japan,1993,1171.892,9.387
23703,Japan,1994,1226.893,9.793
23704,Japan,1995,1239.195,9.86
23705,Japan,1996,1251.695,9.936
23706,Japan,1997,1244.395,9.855
23707,Japan,1998,1204.594,9.519
23708,Japan,1999,1241.195,9.788
23709,Japan,2000,1263.993,9.951
23710,Japan,2001,1249.393,9.818
23711,Japan,2002,1278.995,10.033
23712,Japan,2003,1287.495,10.084
23713,Japan,2004,1282.895,10.037
23714,Japan,2005,1290.296,10.087
23715,Japan,2006,1267.295,9.901
23716,Japan,2007,1302.996,10.173
23717,Japan,2008,1232.196,9.615
23718,Japan,2009,1163.393,9.075
23719,Japan,2010,1214.798,9.477
23720,Japan,2011,1264.797,9.874
23721,Japan,2012,1305.998,10.209
23722,Japan,2013,1315.298,10.298
23723,Japan,2014,1263.806,9.913
23724,Japan,2015,1223.199,9.611
23725,Japan,2016,1203.184,9.462
23726,Japan,2017,1187.484,9.346
23727,Japan,2018,1142.481,9.002
23728,Japan,2019,1105.478,8.725
23729,Japan,2020,1040.483,8.238
23730,Japan,2021,1061.905,8.449
23731,Japan,2022,1032.687,8.262
23732,Japan,2023,988.785,7.95
23833,Jordan,1950,0.172,0.392
23834,Jordan,1951,0.161,0.342
23835,Jordan,1952,0.194,0.383
23836,Jordan,1953,0.213,0.391
23837,Jordan,1954,0.253,0.433
23838,Jordan,1955,0.381,0.609
23839,Jordan,1956,0.45,0.673
23840,Jordan,1957,0.494,0.692
23841,Jordan,1958,0.524,0.688
23842,Jordan,1959,0.655,0.812
23843,Jordan,1960,0.743,0.871
23844,Jordan,1961,0.977,1.089
23845,Jordan,1962,1.047,1.113
23846,Jordan,1963,1.219,1.238
23847,Jordan,1964,1.241,1.198
23848,Jordan,1965,1.42,1.292
23849,Jordan,1966,1.581,1.342
23850,Jordan,1967,1.413,1.112
23851,Jordan,1968,1.504,1.096
23852,Jordan,1969,1.757,1.193
23853,Jordan,1970,1.556,0.994
23854,Jordan,1971,1.654,1.006
23855,Jordan,1972,1.914,1.116
23856,Jordan,1973,2.2,1.237
23857,Jordan,1974,2.225,1.21
23858,Jordan,1975,2.489,1.311
23859,Jordan,1976,2.945,1.504
23860,Jordan,1977,3.154,1.562
23861,Jordan,1978,3.627,1.741
23862,Jordan,1979,3.777,1.754
23863,Jordan,1980,4.696,2.102
23864,Jordan,1981,5.825,2.505
23865,Jordan,1982,6.256,2.578
23866,Jordan,1983,7.3,2.877
23867,Jordan,1984,8.247,3.107
23868,Jordan,1985,8.422,3.031
23869,Jordan,1986,9.165,3.15
23870,Jordan,1987,9.506,3.119
23871,Jordan,1988,9.177,2.874
23872,Jordan,1989,9.08,2.711
23873,Jordan,1990,10.476,2.893
23874,Jordan,1991,9.904,2.53
23875,Jordan,1992,11.984,2.903
23876,Jordan,1993,11.774,2.708
23877,Jordan,1994,13.25,2.905
23878,Jordan,1995,13.208,2.779
23879,Jordan,1996,13.825,2.814
23880,Jordan,1997,14.074,2.789
23881,Jordan,1998,14.253,2.76
23882,Jordan,1999,14.267,2.704
23883,Jordan,2000,15.2,2.822
23884,Jordan,2001,15.61,2.839
23885,Jordan,2002,16.42,2.924
23886,Jordan,2003,16.982,2.958
23887,Jordan,2004,18.671,3.174
23888,Jordan,2005,20.437,3.389
23889,Jordan,2006,20.526,3.194
23890,Jordan,2007,21.436,3.14
23891,Jordan,2008,20.718,2.964
23892,Jordan,2009,21.337,2.988
23893,Jordan,2010,20.615,2.825
23894,Jordan,2011,21.244,2.84
23895,Jordan,2012,23.815,3.139
23896,Jordan,2013,23.818,2.98
23897,Jordan,2014,25.899,2.946
23898,Jordan,2015,25.55,2.677
23899,Jordan,2016,24.698,2.468
23900,Jordan,2017,25.814,2.522
23901,Jordan,2018,25.142,2.403
23902,Jordan,2019,24.747,2.319
23903,Jordan,2020,20.96,1.929
23904,Jordan,2021,20.639,1.865
23905,Jordan,2022,20.255,1.799
23906,Jordan,2023,21.189,1.852
23907,Kazakhstan,1830,0.001,0.001
23908,Kazakhstan,1831,0.001,0.001
23909,Kazakhstan,1832,0.001,0.0
23910,Kazakhstan,1833,0.001,0.001
23911,Kazakhstan,1850,0.008,0.003
23916,Kazakhstan,1855,0.023,0.008
23919,Kazakhstan,1858,0.032,0.011
23920,Kazakhstan,1859,0.034,0.012
23921,Kazakhstan,1860,0.045,0.015
23922,Kazakhstan,1861,0.057,0.019
23923,Kazakhstan,1862,0.052,0.017
23924,Kazakhstan,1863,0.054,0.018
23925,Kazakhstan,1864,0.061,0.02
23926,Kazakhstan,1865,0.058,0.019
23927,Kazakhstan,1866,0.183,0.059
23928,Kazakhstan,1867,0.21,0.067
23929,Kazakhstan,1868,0.175,0.056
23930,Kazakhstan,1869,0.237,0.075
23931,Kazakhstan,1870,0.257,0.08
23932,Kazakhstan,1871,0.347,0.107
23933,Kazakhstan,1872,0.356,0.109
23934,Kazakhstan,1873,0.334,0.102
23935,Kazakhstan,1874,0.406,0.122
23936,Kazakhstan,1875,0.467,0.14
23937,Kazakhstan,1876,0.58,0.172
23938,Kazakhstan,1877,0.592,0.174
23939,Kazakhstan,1878,0.773,0.225
23940,Kazakhstan,1879,0.793,0.229
23941,Kazakhstan,1880,0.931,0.266
23942,Kazakhstan,1881,0.98,0.278
23943,Kazakhstan,1882,1.033,0.29
23944,Kazakhstan,1883,1.175,0.328
23945,Kazakhstan,1884,1.193,0.33
23946,Kazakhstan,1885,1.3,0.356
23947,Kazakhstan,1886,1.333,0.362
23948,Kazakhstan,1887,1.411,0.38
23949,Kazakhstan,1888,1.471,0.393
23950,Kazakhstan,1889,1.589,0.42
23951,Kazakhstan,1890,1.799,0.472
23952,Kazakhstan,1891,1.981,0.515
23953,Kazakhstan,1892,2.097,0.54
23954,Kazakhstan,1893,2.458,0.628
23955,Kazakhstan,1894,2.504,0.634
23956,Kazakhstan,1895,2.877,0.722
23957,Kazakhstan,1896,2.928,0.729
23958,Kazakhstan,1897,3.386,0.835
23959,Kazakhstan,1898,3.797,0.929
23960,Kazakhstan,1899,4.405,1.068
23961,Kazakhstan,1900,4.99,1.199
23962,Kazakhstan,1901,5.123,1.22
23963,Kazakhstan,1902,4.948,1.168
23964,Kazakhstan,1903,4.84,1.133
23965,Kazakhstan,1904,5.385,1.249
23966,Kazakhstan,1905,4.807,1.105
23967,Kazakhstan,1906,5.483,1.25
23968,Kazakhstan,1907,6.142,1.388
23969,Kazakhstan,1908,6.179,1.384
23970,Kazakhstan,1909,6.523,1.448
23971,Kazakhstan,1910,6.397,1.408
23972,Kazakhstan,1911,6.632,1.447
23973,Kazakhstan,1912,7.513,1.625
23974,Kazakhstan,1913,8.161,1.75
23975,Kazakhstan,1914,7.366,1.566
23976,Kazakhstan,1915,6.761,1.424
23977,Kazakhstan,1916,7.206,1.505
23978,Kazakhstan,1917,6.632,1.373
23979,Kazakhstan,1918,2.645,0.543
23980,Kazakhstan,1919,2.259,0.459
23981,Kazakhstan,1920,2.06,0.415
23982,Kazakhstan,1921,2.234,0.446
23983,Kazakhstan,1922,2.725,0.539
23984,Kazakhstan,1923,3.01,0.59
23985,Kazakhstan,1924,3.586,0.696
23986,Kazakhstan,1925,3.539,0.681
23987,Kazakhstan,1926,5.128,0.978
23988,Kazakhstan,1927,6.375,1.205
23989,Kazakhstan,1928,7.101,1.33
23990,Kazakhstan,1929,7.649,1.419
23991,Kazakhstan,1930,10.392,1.91
23992,Kazakhstan,1931,12.481,2.274
23993,Kazakhstan,1932,14.065,2.539
23994,Kazakhstan,1933,15.71,2.81
23995,Kazakhstan,1934,19.007,3.369
23996,Kazakhstan,1935,21.52,3.78
23997,Kazakhstan,1936,24.685,4.296
23998,Kazakhstan,1937,25.236,4.352
23999,Kazakhstan,1938,26.634,4.551
24000,Kazakhstan,1939,26.961,4.565
24001,Kazakhstan,1940,32.315,5.422
24002,Kazakhstan,1941,28.396,4.721
24003,Kazakhstan,1942,15.405,2.538
24004,Kazakhstan,1943,16.078,2.625
24005,Kazakhstan,1944,23.316,3.772
24006,Kazakhstan,1945,24.705,3.96
24007,Kazakhstan,1946,27.779,4.413
24008,Kazakhstan,1947,33.459,5.266
24009,Kazakhstan,1948,35.62,5.555
24010,Kazakhstan,1949,40.496,6.219
24011,Kazakhstan,1950,45.157,6.653
24012,Kazakhstan,1951,48.953,6.972
24013,Kazakhstan,1952,52.43,7.223
24014,Kazakhstan,1953,55.479,7.399
24015,Kazakhstan,1954,60.609,7.829
24016,Kazakhstan,1955,68.734,8.599
24017,Kazakhstan,1956,75.358,9.127
24018,Kazakhstan,1957,82.476,9.665
24019,Kazakhstan,1958,88.047,9.98
24020,Kazakhstan,1959,92.595,10.151
24021,Kazakhstan,1960,96.436,10.226
24022,Kazakhstan,1961,99.457,10.209
24023,Kazakhstan,1962,104.381,10.377
24024,Kazakhstan,1963,111.912,10.784
24025,Kazakhstan,1964,118.991,11.131
24026,Kazakhstan,1965,126.228,11.482
24027,Kazakhstan,1966,133.307,11.809
24028,Kazakhstan,1967,139.364,12.03
24029,Kazakhstan,1968,143.242,12.058
24030,Kazakhstan,1969,149.143,12.269
24031,Kazakhstan,1970,156.913,12.635
24032,Kazakhstan,1971,166.382,13.117
24033,Kazakhstan,1972,174.945,13.507
24034,Kazakhstan,1973,182.211,13.795
24035,Kazakhstan,1974,189.013,14.048
24036,Kazakhstan,1975,198.545,14.491
24037,Kazakhstan,1976,205.999,14.716
24038,Kazakhstan,1977,212.812,14.827
24039,Kazakhstan,1978,219.919,14.949
24040,Kazakhstan,1979,221.583,14.793
24041,Kazakhstan,1980,230.187,15.191
24042,Kazakhstan,1981,225.503,14.717
24043,Kazakhstan,1982,229.666,14.824
24044,Kazakhstan,1983,232.714,14.855
24045,Kazakhstan,1984,234.585,14.805
24046,Kazakhstan,1985,253.065,15.786
24047,Kazakhstan,1986,258.059,15.868
24048,Kazakhstan,1987,256.619,15.527
24049,Kazakhstan,1988,273.668,16.308
24050,Kazakhstan,1989,264.541,15.564
24051,Kazakhstan,1990,268.173,15.633
24052,Kazakhstan,1991,261.066,15.109
24053,Kazakhstan,1992,236.131,13.624
24054,Kazakhstan,1993,208.217,12.053
24055,Kazakhstan,1994,174.933,10.264
24056,Kazakhstan,1995,168.286,10.059
24057,Kazakhstan,1996,154.505,9.412
24058,Kazakhstan,1997,146.425,9.127
24059,Kazakhstan,1998,144.283,9.221
24060,Kazakhstan,1999,119.265,7.717
24061,Kazakhstan,2000,143.38,9.25
24062,Kazakhstan,2001,138.769,8.909
24063,Kazakhstan,2002,157.525,10.061
24064,Kazakhstan,2003,175.855,11.167
24065,Kazakhstan,2004,186.356,11.757
24066,Kazakhstan,2005,200.042,12.528
24067,Kazakhstan,2006,220.575,13.697
24068,Kazakhstan,2007,226.745,13.947
24069,Kazakhstan,2008,226.831,13.809
24070,Kazakhstan,2009,224.55,13.511
24071,Kazakhstan,2010,248.803,14.777
24072,Kazakhstan,2011,238.988,14.004
24073,Kazakhstan,2012,246.345,14.235
24074,Kazakhstan,2013,255.165,14.534
24075,Kazakhstan,2014,274.29,15.395
24076,Kazakhstan,2015,278.661,15.409
24077,Kazakhstan,2016,277.696,15.122
24078,Kazakhstan,2017,293.476,15.734
24079,Kazakhstan,2018,307.174,16.225
24080,Kazakhstan,2019,275.29,14.331
24081,Kazakhstan,2020,255.486,13.114
24082,Kazakhstan,2021,255.143,12.923
24083,Kazakhstan,2022,254.414,12.699
24084,Kazakhstan,2023,255.161,12.551
24185,Kenya,1950,0.909,0.158
24186,Kenya,1951,1.392,0.236
24187,Kenya,1952,1.59,0.264
24188,Kenya,1953,1.513,0.245
24189,Kenya,1954,1.7,0.268
24190,Kenya,1955,1.985,0.304
24191,Kenya,1956,2.22,0.33
24192,Kenya,1957,2.282,0.329
24193,Kenya,1958,2.088,0.291
24194,Kenya,1959,2.208,0.297
24195,Kenya,1960,2.424,0.315
24196,Kenya,1961,2.399,0.3
24197,Kenya,1962,2.622,0.316
24198,Kenya,1963,2.853,0.331
24199,Kenya,1964,2.823,0.315
24200,Kenya,1965,2.464,0.264
24201,Kenya,1966,2.68,0.276
24202,Kenya,1967,2.698,0.267
24203,Kenya,1968,2.815,0.268
24204,Kenya,1969,3.126,0.286
24205,Kenya,1970,3.078,0.271
24206,Kenya,1971,3.679,0.312
24207,Kenya,1972,3.866,0.317
24208,Kenya,1973,3.914,0.31
24209,Kenya,1974,4.944,0.378
24210,Kenya,1975,4.969,0.368
24211,Kenya,1976,4.603,0.33
24212,Kenya,1977,5.049,0.35
24213,Kenya,1978,5.317,0.356
24214,Kenya,1979,5.032,0.325
24215,Kenya,1980,6.189,0.386
24216,Kenya,1981,6.519,0.393
24217,Kenya,1982,4.687,0.272
24218,Kenya,1983,4.655,0.261
24219,Kenya,1984,4.314,0.233
24220,Kenya,1985,3.765,0.196
24221,Kenya,1986,4.157,0.209
24222,Kenya,1987,5.169,0.251
24223,Kenya,1988,4.784,0.224
24224,Kenya,1989,5.187,0.235
24225,Kenya,1990,5.819,0.254
24226,Kenya,1991,4.834,0.204
24227,Kenya,1992,5.536,0.227
24228,Kenya,1993,6.342,0.252
24229,Kenya,1994,6.553,0.253
24230,Kenya,1995,7.549,0.284
24231,Kenya,1996,9.292,0.34
24232,Kenya,1997,8.21,0.292
24233,Kenya,1998,9.96,0.345
24234,Kenya,1999,10.071,0.339
24235,Kenya,2000,10.409,0.34
24236,Kenya,2001,9.278,0.293
24237,Kenya,2002,7.891,0.242
24238,Kenya,2003,6.697,0.199
24239,Kenya,2004,7.59,0.219
24240,Kenya,2005,8.555,0.239
24241,Kenya,2006,9.566,0.259
24242,Kenya,2007,9.824,0.258
24243,Kenya,2008,10.233,0.261
24244,Kenya,2009,12.343,0.305
24245,Kenya,2010,12.163,0.292
24246,Kenya,2011,13.448,0.315
24247,Kenya,2012,12.506,0.285
24248,Kenya,2013,13.458,0.299
24249,Kenya,2014,14.532,0.316
24250,Kenya,2015,16.998,0.361
24251,Kenya,2016,18.135,0.377
24252,Kenya,2017,17.709,0.36
24253,Kenya,2018,18.838,0.375
24254,Kenya,2019,19.796,0.387
24255,Kenya,2020,21.982,0.421
24256,Kenya,2021,22.314,0.419
24257,Kenya,2022,21.397,0.394
24258,Kenya,2023,21.531,0.389
24370,Kiribati,1961,0.007,0.152
24371,Kiribati,1962,0.011,0.222
24372,Kiribati,1963,0.018,0.361
24373,Kiribati,1964,0.018,0.352
24374,Kiribati,1965,0.011,0.206
24375,Kiribati,1966,0.011,0.202
24376,Kiribati,1967,0.022,0.4
24377,Kiribati,1968,0.033,0.594
24378,Kiribati,1969,0.011,0.195
24379,Kiribati,1970,0.022,0.382
24380,Kiribati,1971,0.029,0.5
24381,Kiribati,1972,0.026,0.429
24382,Kiribati,1973,0.037,0.602
24383,Kiribati,1974,0.033,0.539
24384,Kiribati,1975,0.033,0.54
24385,Kiribati,1976,0.033,0.543
24386,Kiribati,1977,0.022,0.365
24387,Kiribati,1978,0.022,0.367
24388,Kiribati,1979,0.026,0.426
24389,Kiribati,1980,0.029,0.479
24390,Kiribati,1981,0.029,0.472
24391,Kiribati,1982,0.026,0.406
24392,Kiribati,1983,0.022,0.343
24393,Kiribati,1984,0.022,0.337
24394,Kiribati,1985,0.022,0.331
24395,Kiribati,1986,0.018,0.269
24396,Kiribati,1987,0.022,0.315
24397,Kiribati,1988,0.022,0.308
24398,Kiribati,1989,0.022,0.3
24399,Kiribati,1990,0.022,0.294
24400,Kiribati,1991,0.022,0.288
24401,Kiribati,1992,0.026,0.33
24402,Kiribati,1993,0.029,0.372
24403,Kiribati,1994,0.029,0.366
24404,Kiribati,1995,0.029,0.361
24405,Kiribati,1996,0.029,0.355
24406,Kiribati,1997,0.029,0.348
24407,Kiribati,1998,0.029,0.342
24408,Kiribati,1999,0.029,0.336
24409,Kiribati,2000,0.037,0.413
24410,Kiribati,2001,0.037,0.406
24411,Kiribati,2002,0.037,0.397
24412,Kiribati,2003,0.04,0.428
24413,Kiribati,2004,0.04,0.419
24414,Kiribati,2005,0.048,0.486
24415,Kiribati,2006,0.048,0.476
24416,Kiribati,2007,0.048,0.467
24417,Kiribati,2008,0.048,0.457
24418,Kiribati,2009,0.048,0.447
24419,Kiribati,2010,0.059,0.539
24420,Kiribati,2011,0.055,0.497
24421,Kiribati,2012,0.051,0.457
24422,Kiribati,2013,0.051,0.451
24423,Kiribati,2014,0.059,0.508
24424,Kiribati,2015,0.055,0.47
24425,Kiribati,2016,0.055,0.464
24426,Kiribati,2017,0.066,0.548
24427,Kiribati,2018,0.066,0.54
24428,Kiribati,2019,0.066,0.532
24429,Kiribati,2020,0.066,0.523
24430,Kiribati,2021,0.066,0.514
24431,Kiribati,2022,0.068,0.518
24432,Kiribati,2023,0.069,0.521
24576,Kosovo,1994,0.0,0.0
24577,Kosovo,1995,0.0,0.0
24578,Kosovo,1996,0.0,0.0
24579,Kosovo,1997,0.0,0.0
24580,Kosovo,1998,0.0,0.0
24581,Kosovo,1999,0.0,0.0
24582,Kosovo,2000,0.0,0.0
24583,Kosovo,2001,0.0,0.0
24584,Kosovo,2002,0.0,0.0
24585,Kosovo,2003,0.0,0.0
24586,Kosovo,2004,0.164,0.09
24587,Kosovo,2005,0.162,0.089
24588,Kosovo,2006,0.161,0.089
24589,Kosovo,2007,0.166,0.092
24590,Kosovo,2008,7.362,4.088
24591,Kosovo,2009,8.109,4.518
24592,Kosovo,2010,8.355,4.671
24593,Kosovo,2011,8.294,4.629
24594,Kosovo,2012,7.848,4.344
24595,Kosovo,2013,7.969,4.386
24596,Kosovo,2014,7.133,3.943
24597,Kosovo,2015,8.291,4.66
24598,Kosovo,2016,8.793,4.991
24599,Kosovo,2017,8.023,4.537
24600,Kosovo,2018,8.045,4.551
24601,Kosovo,2019,8.39,4.78
24602,Kosovo,2020,8.451,4.825
24603,Kosovo,2021,8.816,5.062
24604,Kosovo,2022,8.692,5.06
24605,Kosovo,2023,8.377,4.927
24702,Kuwait,1946,2.455,17.171
24703,Kuwait,1947,6.749,46.811
24704,Kuwait,1948,0.337,2.318
24705,Kuwait,1949,1.063,7.154
24706,Kuwait,1950,0.385,2.499
24707,Kuwait,1951,0.117,0.74
24708,Kuwait,1952,0.0,0.0
24709,Kuwait,1953,0.0,0.0
24710,Kuwait,1954,1.403,8.1
24711,Kuwait,1955,1.847,9.922
24712,Kuwait,1956,1.041,5.022
24713,Kuwait,1957,2.198,9.682
24714,Kuwait,1958,3.69,14.746
24715,Kuwait,1959,3.8,13.593
24716,Kuwait,1960,7.797,25.065
24717,Kuwait,1961,9.973,28.829
24718,Kuwait,1962,14.279,37.087
24719,Kuwait,1963,17.012,39.775
24720,Kuwait,1964,25.315,53.505
24721,Kuwait,1965,35.391,67.905
24722,Kuwait,1966,35.123,61.34
24723,Kuwait,1967,25.421,40.472
24724,Kuwait,1968,23.149,33.661
24725,Kuwait,1969,26.809,35.772
24726,Kuwait,1970,25.021,30.924
24727,Kuwait,1971,27.117,31.347
24728,Kuwait,1972,27.612,30.001
24729,Kuwait,1973,24.223,24.776
24730,Kuwait,1974,19.312,18.599
24731,Kuwait,1975,16.813,15.217
24732,Kuwait,1976,18.456,15.658
24733,Kuwait,1977,17.201,13.673
24734,Kuwait,1978,20.972,15.647
24735,Kuwait,1979,17.628,12.383
24736,Kuwait,1980,24.616,16.359
24737,Kuwait,1981,25.14,15.877
24738,Kuwait,1982,21.09,12.686
24739,Kuwait,1983,21.541,12.349
24740,Kuwait,1984,28.285,15.535
24741,Kuwait,1985,29.07,15.347
24742,Kuwait,1986,35.23,17.861
24743,Kuwait,1987,31.378,15.284
24744,Kuwait,1988,32.825,15.377
24745,Kuwait,1989,35.772,16.132
24746,Kuwait,1990,37.807,22.44
24747,Kuwait,1991,492.841,364.688
24748,Kuwait,1992,29.648,18.134
24749,Kuwait,1993,49.129,29.381
24750,Kuwait,1994,57.197,34.365
24751,Kuwait,1995,56.128,33.379
24752,Kuwait,1996,51.627,29.838
24753,Kuwait,1997,56.621,31.673
24754,Kuwait,1998,52.812,28.635
24755,Kuwait,1999,54.978,28.935
24756,Kuwait,2000,54.89,28.081
24757,Kuwait,2001,59.051,29.406
24758,Kuwait,2002,59.986,29.12
24759,Kuwait,2003,62.336,29.545
24760,Kuwait,2004,65.631,30.422
24761,Kuwait,2005,74.428,33.274
24762,Kuwait,2006,76.05,32.16
24763,Kuwait,2007,77.16,30.767
24764,Kuwait,2008,84.282,31.787
24765,Kuwait,2009,88.719,31.736
24766,Kuwait,2010,90.873,30.874
24767,Kuwait,2011,87.968,28.079
24768,Kuwait,2012,102.298,30.655
24769,Kuwait,2013,84.313,24.036
24770,Kuwait,2014,76.435,20.851
24771,Kuwait,2015,94.508,24.647
24772,Kuwait,2016,109.905,27.449
24773,Kuwait,2017,103.95,25.02
24774,Kuwait,2018,106.723,24.685
24775,Kuwait,2019,108.549,24.436
24776,Kuwait,2020,95.655,21.739
24777,Kuwait,2021,95.13,21.815
24778,Kuwait,2022,97.461,21.235
24779,Kuwait,2023,99.233,20.508
24984,Kyrgyzstan,1830,0.0,0.0
24985,Kyrgyzstan,1831,0.0,0.0
24986,Kyrgyzstan,1832,0.0,0.0
24987,Kyrgyzstan,1833,0.0,0.0
24988,Kyrgyzstan,1850,0.001,0.001
24993,Kyrgyzstan,1855,0.002,0.003
24996,Kyrgyzstan,1858,0.003,0.004
24997,Kyrgyzstan,1859,0.003,0.004
24998,Kyrgyzstan,1860,0.004,0.005
24999,Kyrgyzstan,1861,0.005,0.006
25000,Kyrgyzstan,1862,0.004,0.006
25001,Kyrgyzstan,1863,0.005,0.006
25002,Kyrgyzstan,1864,0.005,0.007
25003,Kyrgyzstan,1865,0.005,0.006
25004,Kyrgyzstan,1866,0.016,0.019
25005,Kyrgyzstan,1867,0.018,0.022
25006,Kyrgyzstan,1868,0.015,0.018
25007,Kyrgyzstan,1869,0.02,0.024
25008,Kyrgyzstan,1870,0.022,0.026
25009,Kyrgyzstan,1871,0.03,0.035
25010,Kyrgyzstan,1872,0.031,0.036
25011,Kyrgyzstan,1873,0.029,0.033
25012,Kyrgyzstan,1874,0.035,0.04
25013,Kyrgyzstan,1875,0.04,0.046
25014,Kyrgyzstan,1876,0.05,0.056
25015,Kyrgyzstan,1877,0.051,0.057
25016,Kyrgyzstan,1878,0.066,0.074
25017,Kyrgyzstan,1879,0.068,0.075
25018,Kyrgyzstan,1880,0.08,0.087
25019,Kyrgyzstan,1881,0.084,0.091
25020,Kyrgyzstan,1882,0.089,0.095
25021,Kyrgyzstan,1883,0.101,0.107
25022,Kyrgyzstan,1884,0.102,0.108
25023,Kyrgyzstan,1885,0.112,0.116
25024,Kyrgyzstan,1886,0.114,0.118
25025,Kyrgyzstan,1887,0.121,0.124
25026,Kyrgyzstan,1888,0.126,0.128
25027,Kyrgyzstan,1889,0.136,0.137
25028,Kyrgyzstan,1890,0.154,0.154
25029,Kyrgyzstan,1891,0.17,0.168
25030,Kyrgyzstan,1892,0.18,0.176
25031,Kyrgyzstan,1893,0.211,0.204
25032,Kyrgyzstan,1894,0.215,0.206
25033,Kyrgyzstan,1895,0.247,0.235
25034,Kyrgyzstan,1896,0.251,0.237
25035,Kyrgyzstan,1897,0.291,0.271
25036,Kyrgyzstan,1898,0.326,0.302
25037,Kyrgyzstan,1899,0.378,0.347
25038,Kyrgyzstan,1900,0.428,0.389
25039,Kyrgyzstan,1901,0.44,0.396
25040,Kyrgyzstan,1902,0.425,0.379
25041,Kyrgyzstan,1903,0.415,0.367
25042,Kyrgyzstan,1904,0.462,0.405
25043,Kyrgyzstan,1905,0.413,0.358
25044,Kyrgyzstan,1906,0.471,0.405
25045,Kyrgyzstan,1907,0.527,0.449
25046,Kyrgyzstan,1908,0.53,0.448
25047,Kyrgyzstan,1909,0.56,0.469
25048,Kyrgyzstan,1910,0.549,0.455
25049,Kyrgyzstan,1911,0.569,0.468
25050,Kyrgyzstan,1912,0.645,0.525
25051,Kyrgyzstan,1913,0.7,0.565
25052,Kyrgyzstan,1914,0.632,0.506
25053,Kyrgyzstan,1915,0.58,0.46
25054,Kyrgyzstan,1916,0.618,0.486
25055,Kyrgyzstan,1917,0.569,0.443
25056,Kyrgyzstan,1918,0.227,0.175
25057,Kyrgyzstan,1919,0.194,0.148
25058,Kyrgyzstan,1920,0.177,0.134
25059,Kyrgyzstan,1921,0.192,0.144
25060,Kyrgyzstan,1922,0.234,0.174
25061,Kyrgyzstan,1923,0.258,0.19
25062,Kyrgyzstan,1924,0.308,0.225
25063,Kyrgyzstan,1925,0.304,0.22
25064,Kyrgyzstan,1926,0.44,0.315
25065,Kyrgyzstan,1927,0.547,0.389
25066,Kyrgyzstan,1928,0.609,0.429
25067,Kyrgyzstan,1929,0.656,0.458
25068,Kyrgyzstan,1930,0.892,0.616
25069,Kyrgyzstan,1931,1.071,0.733
25070,Kyrgyzstan,1932,1.207,0.819
25071,Kyrgyzstan,1933,1.348,0.906
25072,Kyrgyzstan,1934,1.631,1.086
25073,Kyrgyzstan,1935,1.846,1.219
25074,Kyrgyzstan,1936,2.117,1.385
25075,Kyrgyzstan,1937,2.165,1.403
25076,Kyrgyzstan,1938,2.285,1.468
25077,Kyrgyzstan,1939,2.313,1.472
25078,Kyrgyzstan,1940,2.772,1.748
25079,Kyrgyzstan,1941,2.436,1.522
25080,Kyrgyzstan,1942,1.322,0.819
25081,Kyrgyzstan,1943,1.38,0.847
25082,Kyrgyzstan,1944,2.001,1.217
25083,Kyrgyzstan,1945,2.12,1.277
25084,Kyrgyzstan,1946,2.383,1.423
25085,Kyrgyzstan,1947,2.87,1.698
25086,Kyrgyzstan,1948,3.055,1.791
25087,Kyrgyzstan,1949,3.474,2.013
25088,Kyrgyzstan,1950,3.873,2.212
25089,Kyrgyzstan,1951,4.199,2.349
25090,Kyrgyzstan,1952,4.497,2.465
25091,Kyrgyzstan,1953,4.758,2.555
25092,Kyrgyzstan,1954,5.198,2.733
25093,Kyrgyzstan,1955,5.895,3.032
25094,Kyrgyzstan,1956,6.464,3.249
25095,Kyrgyzstan,1957,7.075,3.471
25096,Kyrgyzstan,1958,7.552,3.612
25097,Kyrgyzstan,1959,7.943,3.696
25098,Kyrgyzstan,1960,8.273,3.734
25099,Kyrgyzstan,1961,8.533,3.728
25100,Kyrgyzstan,1962,8.957,3.783
25101,Kyrgyzstan,1963,9.603,3.921
25102,Kyrgyzstan,1964,10.211,4.032
25103,Kyrgyzstan,1965,10.832,4.142
25104,Kyrgyzstan,1966,11.441,4.241
25105,Kyrgyzstan,1967,11.963,4.303
25106,Kyrgyzstan,1968,12.298,4.296
25107,Kyrgyzstan,1969,12.807,4.349
25108,Kyrgyzstan,1970,13.477,4.455
25109,Kyrgyzstan,1971,14.301,4.611
25110,Kyrgyzstan,1972,15.046,4.74
25111,Kyrgyzstan,1973,15.682,4.833
25112,Kyrgyzstan,1974,16.279,4.912
25113,Kyrgyzstan,1975,17.109,5.06
25114,Kyrgyzstan,1976,17.753,5.15
25115,Kyrgyzstan,1977,18.343,5.22
25116,Kyrgyzstan,1978,18.961,5.29
25117,Kyrgyzstan,1979,19.1,5.224
25118,Kyrgyzstan,1980,19.841,5.32
25119,Kyrgyzstan,1981,19.452,5.113
25120,Kyrgyzstan,1982,19.81,5.102
25121,Kyrgyzstan,1983,20.081,5.064
25122,Kyrgyzstan,1984,20.246,5.012
25123,Kyrgyzstan,1985,21.829,5.321
25124,Kyrgyzstan,1986,21.817,5.234
25125,Kyrgyzstan,1987,21.212,5.005
25126,Kyrgyzstan,1988,21.346,4.955
25127,Kyrgyzstan,1989,20.724,4.729
25128,Kyrgyzstan,1990,19.198,4.305
25129,Kyrgyzstan,1991,15.893,3.507
25130,Kyrgyzstan,1992,11.042,2.4
25131,Kyrgyzstan,1993,8.468,1.83
25132,Kyrgyzstan,1994,6.144,1.322
25133,Kyrgyzstan,1995,4.507,0.956
25134,Kyrgyzstan,1996,5.652,1.182
25135,Kyrgyzstan,1997,5.561,1.147
25136,Kyrgyzstan,1998,5.901,1.202
25137,Kyrgyzstan,1999,4.642,0.934
25138,Kyrgyzstan,2000,4.575,0.91
25139,Kyrgyzstan,2001,3.857,0.76
25140,Kyrgyzstan,2002,4.917,0.961
25141,Kyrgyzstan,2003,5.376,1.042
25142,Kyrgyzstan,2004,5.808,1.116
25143,Kyrgyzstan,2005,5.519,1.052
25144,Kyrgyzstan,2006,5.461,1.034
25145,Kyrgyzstan,2007,6.522,1.228
25146,Kyrgyzstan,2008,7.481,1.4
25147,Kyrgyzstan,2009,6.709,1.243
25148,Kyrgyzstan,2010,6.356,1.157
25149,Kyrgyzstan,2011,7.62,1.362
25150,Kyrgyzstan,2012,10.087,1.771
25151,Kyrgyzstan,2013,9.734,1.679
25152,Kyrgyzstan,2014,10.236,1.735
25153,Kyrgyzstan,2015,10.265,1.71
25154,Kyrgyzstan,2016,9.622,1.575
25155,Kyrgyzstan,2017,9.361,1.505
25156,Kyrgyzstan,2018,11.172,1.762
25157,Kyrgyzstan,2019,9.043,1.393
25158,Kyrgyzstan,2020,8.348,1.253
25159,Kyrgyzstan,2021,10.327,1.514
25160,Kyrgyzstan,2022,10.032,1.442
25161,Kyrgyzstan,2023,10.152,1.435
25267,Laos,1955,0.026,0.014
25268,Laos,1956,0.059,0.03
25269,Laos,1957,0.059,0.03
25270,Laos,1958,0.073,0.036
25271,Laos,1959,0.077,0.037
25272,Laos,1960,0.081,0.038
25273,Laos,1961,0.114,0.052
25274,Laos,1962,0.132,0.059
25275,Laos,1963,0.147,0.065
25276,Laos,1964,0.172,0.074
25277,Laos,1965,0.18,0.076
25278,Laos,1966,0.234,0.096
25279,Laos,1967,0.319,0.128
25280,Laos,1968,0.169,0.066
25281,Laos,1969,0.319,0.122
25282,Laos,1970,0.572,0.214
25283,Laos,1971,0.421,0.154
25284,Laos,1972,0.487,0.174
25285,Laos,1973,0.517,0.18
25286,Laos,1974,0.293,0.1
25287,Laos,1975,0.253,0.084
25288,Laos,1976,0.224,0.073
25289,Laos,1977,0.231,0.074
25290,Laos,1978,0.231,0.073
25291,Laos,1979,0.224,0.069
25292,Laos,1980,0.187,0.057
25293,Laos,1981,0.15,0.045
25294,Laos,1982,0.158,0.046
25295,Laos,1983,0.18,0.051
25296,Laos,1984,0.183,0.05
25297,Laos,1985,0.205,0.055
25298,Laos,1986,0.209,0.054
25299,Laos,1987,0.213,0.054
25300,Laos,1988,0.213,0.052
25301,Laos,1989,0.231,0.055
25302,Laos,1990,0.513,0.119
25303,Laos,1991,0.546,0.123
25304,Laos,1992,0.593,0.13
25305,Laos,1993,0.607,0.13
25306,Laos,1994,0.634,0.132
25307,Laos,1995,0.671,0.136
25308,Laos,1996,0.75,0.149
25309,Laos,1997,0.792,0.154
25310,Laos,1998,0.82,0.156
25311,Laos,1999,0.846,0.158
25312,Laos,2000,0.96,0.177
25313,Laos,2001,1.063,0.192
25314,Laos,2002,1.166,0.208
25315,Laos,2003,1.221,0.214
25316,Laos,2004,1.282,0.222
25317,Laos,2005,1.337,0.228
25318,Laos,2006,1.757,0.295
25319,Laos,2007,1.835,0.303
25320,Laos,2008,2.131,0.347
25321,Laos,2009,2.667,0.427
25322,Laos,2010,3.005,0.474
25323,Laos,2011,3.17,0.493
25324,Laos,2012,3.398,0.521
25325,Laos,2013,4.261,0.645
25326,Laos,2014,4.45,0.664
25327,Laos,2015,9.229,1.357
25328,Laos,2016,16.458,2.382
25329,Laos,2017,19.684,2.805
25330,Laos,2018,20.558,2.884
25331,Laos,2019,19.08,2.636
25332,Laos,2020,19.492,2.653
25333,Laos,2021,22.801,3.059
25334,Laos,2022,23.436,3.1
25335,Laos,2023,24.796,3.235
25336,Latvia,1830,0.0,0.0
25337,Latvia,1831,0.0,0.0
25338,Latvia,1832,0.0,0.0
25339,Latvia,1833,0.0,0.0
25340,Latvia,1850,0.001,0.001
25345,Latvia,1855,0.002,0.002
25348,Latvia,1858,0.003,0.003
25349,Latvia,1859,0.003,0.003
25350,Latvia,1860,0.005,0.004
25351,Latvia,1861,0.006,0.005
25352,Latvia,1862,0.005,0.004
25353,Latvia,1863,0.005,0.005
25354,Latvia,1864,0.006,0.005
25355,Latvia,1865,0.006,0.005
25356,Latvia,1866,0.018,0.015
25357,Latvia,1867,0.021,0.017
25358,Latvia,1868,0.018,0.014
25359,Latvia,1869,0.024,0.018
25360,Latvia,1870,0.026,0.019
25361,Latvia,1871,0.035,0.026
25362,Latvia,1872,0.036,0.026
25363,Latvia,1873,0.034,0.024
25364,Latvia,1874,0.041,0.029
25365,Latvia,1875,0.047,0.033
25366,Latvia,1876,0.058,0.04
25367,Latvia,1877,0.06,0.04
25368,Latvia,1878,0.078,0.052
25369,Latvia,1879,0.08,0.052
25370,Latvia,1880,0.094,0.06
25371,Latvia,1881,0.099,0.062
25372,Latvia,1882,0.104,0.065
25373,Latvia,1883,0.118,0.072
25374,Latvia,1884,0.12,0.072
25375,Latvia,1885,0.131,0.077
25376,Latvia,1886,0.134,0.078
25377,Latvia,1887,0.142,0.081
25378,Latvia,1888,0.148,0.084
25379,Latvia,1889,0.16,0.089
25380,Latvia,1890,0.181,0.099
25381,Latvia,1891,0.199,0.107
25382,Latvia,1892,0.211,0.112
25383,Latvia,1893,0.247,0.129
25384,Latvia,1894,0.252,0.129
25385,Latvia,1895,0.289,0.146
25386,Latvia,1896,0.295,0.146
25387,Latvia,1897,0.341,0.166
25388,Latvia,1898,0.382,0.184
25389,Latvia,1899,0.443,0.21
25390,Latvia,1900,0.502,0.234
25391,Latvia,1901,0.516,0.236
25392,Latvia,1902,0.498,0.224
25393,Latvia,1903,0.487,0.216
25394,Latvia,1904,0.542,0.237
25395,Latvia,1905,0.484,0.208
25396,Latvia,1906,0.552,0.233
25397,Latvia,1907,0.618,0.257
25398,Latvia,1908,0.622,0.254
25399,Latvia,1909,0.656,0.267
25400,Latvia,1910,0.644,0.263
25401,Latvia,1911,0.667,0.276
25402,Latvia,1912,0.756,0.32
25403,Latvia,1913,0.821,0.359
25404,Latvia,1914,0.741,0.334
25405,Latvia,1915,0.68,0.317
25406,Latvia,1916,0.725,0.349
25407,Latvia,1917,0.667,0.332
25408,Latvia,1918,0.266,0.137
25409,Latvia,1919,0.227,0.12
25410,Latvia,1920,0.207,0.111
25411,Latvia,1921,0.225,0.122
25412,Latvia,1922,0.274,0.15
25413,Latvia,1923,0.303,0.165
25414,Latvia,1924,0.361,0.196
25415,Latvia,1925,0.356,0.193
25416,Latvia,1926,0.516,0.278
25417,Latvia,1927,0.642,0.345
25418,Latvia,1928,0.708,0.38
25419,Latvia,1929,0.762,0.408
25420,Latvia,1930,1.042,0.556
25421,Latvia,1931,1.252,0.666
25422,Latvia,1932,1.408,0.747
25423,Latvia,1933,1.572,0.831
25424,Latvia,1934,1.898,1.001
25425,Latvia,1935,2.147,1.13
25426,Latvia,1936,2.457,1.289
25427,Latvia,1937,2.511,1.314
25428,Latvia,1938,2.645,1.381
25429,Latvia,1939,2.677,1.395
25430,Latvia,1940,3.243,1.687
25431,Latvia,1941,2.85,1.482
25432,Latvia,1942,1.55,0.806
25433,Latvia,1943,1.618,0.842
25434,Latvia,1944,2.346,1.222
25435,Latvia,1945,2.483,1.294
25436,Latvia,1946,2.789,1.455
25437,Latvia,1947,3.358,1.753
25438,Latvia,1948,3.573,1.866
25439,Latvia,1949,4.062,2.119
25440,Latvia,1950,4.526,2.359
25441,Latvia,1951,4.905,2.536
25442,Latvia,1952,5.253,2.695
25443,Latvia,1953,5.558,2.828
25444,Latvia,1954,6.07,3.062
25445,Latvia,1955,6.883,3.441
25446,Latvia,1956,7.549,3.738
25447,Latvia,1957,8.261,4.049
25448,Latvia,1958,8.82,4.275
25449,Latvia,1959,9.274,4.423
25450,Latvia,1960,9.658,4.532
25451,Latvia,1961,9.963,4.619
25452,Latvia,1962,10.462,4.794
25453,Latvia,1963,11.222,5.087
25454,Latvia,1964,11.936,5.353
25455,Latvia,1965,12.663,5.621
25456,Latvia,1966,13.375,5.881
25457,Latvia,1967,13.99,6.093
25458,Latvia,1968,14.387,6.209
25459,Latvia,1969,14.986,6.411
25460,Latvia,1970,15.766,6.687
25461,Latvia,1971,16.738,7.041
25462,Latvia,1972,17.621,7.355
25463,Latvia,1973,18.377,7.607
25464,Latvia,1974,19.09,7.833
25465,Latvia,1975,20.076,8.175
25466,Latvia,1976,20.85,8.439
25467,Latvia,1977,21.562,8.678
25468,Latvia,1978,22.307,8.932
25469,Latvia,1979,22.491,8.976
25470,Latvia,1980,23.375,9.306
25471,Latvia,1981,22.945,9.105
25472,Latvia,1982,23.376,9.232
25473,Latvia,1983,23.716,9.312
25474,Latvia,1984,23.931,9.338
25475,Latvia,1985,25.797,10.002
25476,Latvia,1986,23.59,9.074
25477,Latvia,1987,19.281,7.342
25478,Latvia,1988,18.853,7.108
25479,Latvia,1989,17.931,6.729
25480,Latvia,1990,19.662,7.391
25481,Latvia,1991,17.92,6.765
25482,Latvia,1992,14.194,5.428
25483,Latvia,1993,11.922,4.65
25484,Latvia,1994,10.37,4.113
25485,Latvia,1995,9.134,3.674
25486,Latvia,1996,9.212,3.748
25487,Latvia,1997,8.68,3.567
25488,Latvia,1998,8.306,3.446
25489,Latvia,1999,7.718,3.228
25490,Latvia,2000,7.082,2.99
25491,Latvia,2001,7.497,3.206
25492,Latvia,2002,7.52,3.254
25493,Latvia,2003,7.726,3.375
25494,Latvia,2004,7.731,3.415
25495,Latvia,2005,7.811,3.487
25496,Latvia,2006,8.31,3.745
25497,Latvia,2007,8.637,3.925
25498,Latvia,2008,8.198,3.765
25499,Latvia,2009,7.456,3.481
25500,Latvia,2010,8.555,4.078
25501,Latvia,2011,7.811,3.792
25502,Latvia,2012,7.52,3.696
25503,Latvia,2013,7.369,3.661
25504,Latvia,2014,7.172,3.597
25505,Latvia,2015,7.262,3.672
25506,Latvia,2016,7.211,3.679
25507,Latvia,2017,7.215,3.714
25508,Latvia,2018,7.857,4.076
25509,Latvia,2019,7.648,3.996
25510,Latvia,2020,6.998,3.681
25511,Latvia,2021,7.238,3.839
25512,Latvia,2022,6.62,3.519
25513,Latvia,2023,6.513,3.46
25769,Lebanon,1931,0.004,0.004
25770,Lebanon,1932,0.011,0.011
25771,Lebanon,1933,0.015,0.015
25773,Lebanon,1935,0.051,0.05
25774,Lebanon,1936,0.058,0.056
25775,Lebanon,1937,0.062,0.059
25776,Lebanon,1938,0.062,0.058
25777,Lebanon,1939,0.058,0.053
25778,Lebanon,1940,0.022,0.02
25779,Lebanon,1941,0.022,0.019
25780,Lebanon,1942,0.349,0.301
25781,Lebanon,1943,0.036,0.031
25782,Lebanon,1944,0.065,0.054
25783,Lebanon,1945,0.073,0.059
25784,Lebanon,1946,0.073,0.058
25785,Lebanon,1947,0.084,0.066
25786,Lebanon,1948,0.102,0.079
25787,Lebanon,1949,0.116,0.088
25788,Lebanon,1950,1.512,1.121
25789,Lebanon,1951,1.457,1.05
25790,Lebanon,1952,1.175,0.823
25791,Lebanon,1953,1.248,0.85
25792,Lebanon,1954,1.307,0.865
25793,Lebanon,1955,1.621,1.043
25794,Lebanon,1956,1.885,1.179
25795,Lebanon,1957,2.064,1.254
25796,Lebanon,1958,1.98,1.169
25797,Lebanon,1959,2.448,1.405
25798,Lebanon,1960,2.576,1.436
25799,Lebanon,1961,2.679,1.448
25800,Lebanon,1962,2.851,1.493
25801,Lebanon,1963,3.023,1.534
25802,Lebanon,1964,3.261,1.606
25803,Lebanon,1965,3.312,1.586
25804,Lebanon,1966,3.623,1.686
25805,Lebanon,1967,3.565,1.615
25806,Lebanon,1968,3.693,1.63
25807,Lebanon,1969,4.344,1.866
25808,Lebanon,1970,3.941,1.652
25809,Lebanon,1971,5.301,2.167
25810,Lebanon,1972,5.653,2.253
25811,Lebanon,1973,7.067,2.747
25812,Lebanon,1974,7.088,2.69
25813,Lebanon,1975,6.265,2.326
25814,Lebanon,1976,5.924,2.173
25815,Lebanon,1977,5.386,1.95
25816,Lebanon,1978,5.496,1.947
25817,Lebanon,1979,5.785,2.007
25818,Lebanon,1980,5.89,2.0
25819,Lebanon,1981,5.844,1.942
25820,Lebanon,1982,5.719,1.872
25821,Lebanon,1983,6.942,2.243
25822,Lebanon,1984,6.713,2.129
25823,Lebanon,1985,7.765,2.413
25824,Lebanon,1986,7.478,2.266
25825,Lebanon,1987,7.67,2.266
25826,Lebanon,1988,7.346,2.126
25827,Lebanon,1989,7.721,2.19
25828,Lebanon,1990,7.868,2.189
25829,Lebanon,1991,8.115,2.212
25830,Lebanon,1992,9.727,2.596
25831,Lebanon,1993,10.355,2.71
25832,Lebanon,1994,11.111,2.856
25833,Lebanon,1995,12.255,3.094
25834,Lebanon,1996,12.753,3.161
25835,Lebanon,1997,15.099,3.675
25836,Lebanon,1998,16.286,3.895
25837,Lebanon,1999,16.43,3.861
25838,Lebanon,2000,15.466,3.572
25839,Lebanon,2001,16.407,3.727
25840,Lebanon,2002,16.244,3.639
25841,Lebanon,2003,18.529,4.094
25842,Lebanon,2004,17.208,3.742
25843,Lebanon,2005,16.65,3.565
25844,Lebanon,2006,14.792,3.113
25845,Lebanon,2007,13.746,2.838
25846,Lebanon,2008,17.418,3.536
25847,Lebanon,2009,20.958,4.198
25848,Lebanon,2010,19.997,3.967
25849,Lebanon,2011,20.264,3.976
25850,Lebanon,2012,22.332,4.265
25851,Lebanon,2013,22.163,3.859
25852,Lebanon,2014,23.992,3.78
25853,Lebanon,2015,25.735,3.976
25854,Lebanon,2016,26.442,4.182
25855,Lebanon,2017,27.824,4.517
25856,Lebanon,2018,26.157,4.371
25857,Lebanon,2019,25.661,4.428
25858,Lebanon,2020,23.815,4.176
25859,Lebanon,2021,19.291,3.374
25860,Lebanon,2022,18.922,3.294
25861,Lebanon,2023,19.475,3.373
26002,Lesotho,1990,1.473,0.814
26003,Lesotho,1991,1.528,0.829
26004,Lesotho,1992,1.587,0.847
26005,Lesotho,1993,1.634,0.859
26006,Lesotho,1994,1.674,0.869
26007,Lesotho,1995,1.707,0.875
26008,Lesotho,1996,1.737,0.881
26009,Lesotho,1997,1.77,0.89
26010,Lesotho,1998,1.803,0.902
26011,Lesotho,1999,1.825,0.911
26012,Lesotho,2000,1.85,0.923
26013,Lesotho,2001,1.876,0.938
26014,Lesotho,2002,1.905,0.955
26015,Lesotho,2003,1.931,0.973
26016,Lesotho,2004,1.982,1.006
26017,Lesotho,2005,2.012,1.03
26018,Lesotho,2006,2.037,1.047
26019,Lesotho,2007,2.074,1.062
26020,Lesotho,2008,2.125,1.081
26021,Lesotho,2009,2.217,1.119
26022,Lesotho,2010,2.275,1.14
26023,Lesotho,2011,3.063,1.521
26024,Lesotho,2012,3.092,1.52
26025,Lesotho,2013,2.334,1.135
26026,Lesotho,2014,2.473,1.189
26027,Lesotho,2015,2.242,1.065
26028,Lesotho,2016,2.213,1.039
26029,Lesotho,2017,2.514,1.165
26030,Lesotho,2018,2.371,1.086
26031,Lesotho,2019,2.389,1.081
26032,Lesotho,2020,2.173,0.972
26033,Lesotho,2021,3.426,1.515
26034,Lesotho,2022,3.833,1.676
26035,Lesotho,2023,3.889,1.682
26136,Liberia,1950,0.048,0.052
26137,Liberia,1951,0.044,0.047
26138,Liberia,1952,0.055,0.058
26139,Liberia,1953,0.059,0.06
26140,Liberia,1954,0.103,0.103
26141,Liberia,1955,0.059,0.058
26142,Liberia,1956,0.048,0.046
26143,Liberia,1957,0.084,0.079
26144,Liberia,1958,0.161,0.148
26145,Liberia,1959,0.143,0.128
26146,Liberia,1960,0.165,0.145
26147,Liberia,1961,0.161,0.138
26148,Liberia,1962,0.253,0.211
26149,Liberia,1963,0.355,0.29
26150,Liberia,1964,0.484,0.384
26151,Liberia,1965,0.557,0.431
26152,Liberia,1966,0.612,0.462
26153,Liberia,1967,0.612,0.45
26154,Liberia,1968,0.883,0.634
26155,Liberia,1969,1.271,0.889
26156,Liberia,1970,1.451,0.989
26157,Liberia,1971,1.524,1.013
26158,Liberia,1972,1.506,0.976
26159,Liberia,1973,1.48,0.935
26160,Liberia,1974,1.722,1.059
26161,Liberia,1975,1.484,0.888
26162,Liberia,1976,1.476,0.859
26163,Liberia,1977,1.471,0.833
26164,Liberia,1978,1.503,0.827
26165,Liberia,1979,1.942,1.037
26166,Liberia,1980,2.038,1.056
26167,Liberia,1981,1.935,0.974
26168,Liberia,1982,0.597,0.292
26169,Liberia,1983,0.707,0.335
26170,Liberia,1984,0.695,0.32
26171,Liberia,1985,0.716,0.32
26172,Liberia,1986,0.723,0.313
26173,Liberia,1987,0.758,0.319
26174,Liberia,1988,0.809,0.331
26175,Liberia,1989,0.66,0.262
26176,Liberia,1990,0.456,0.205
26177,Liberia,1991,0.375,0.191
26178,Liberia,1992,0.392,0.189
26179,Liberia,1993,0.417,0.194
26180,Liberia,1994,0.415,0.193
26181,Liberia,1995,0.416,0.192
26182,Liberia,1996,0.427,0.191
26183,Liberia,1997,0.446,0.185
26184,Liberia,1998,0.473,0.177
26185,Liberia,1999,0.376,0.133
26186,Liberia,2000,0.399,0.136
26187,Liberia,2001,0.417,0.138
26188,Liberia,2002,0.432,0.14
26189,Liberia,2003,0.464,0.149
26190,Liberia,2004,0.546,0.173
26191,Liberia,2005,0.651,0.197
26192,Liberia,2006,0.673,0.193
26193,Liberia,2007,0.625,0.17
26194,Liberia,2008,0.531,0.139
26195,Liberia,2009,0.522,0.132
26196,Liberia,2010,0.709,0.175
26197,Liberia,2011,0.819,0.194
26198,Liberia,2012,0.915,0.209
26199,Liberia,2013,0.874,0.196
26200,Liberia,2014,0.734,0.161
26201,Liberia,2015,0.698,0.15
26202,Liberia,2016,0.644,0.135
26203,Liberia,2017,0.67,0.138
26204,Liberia,2018,0.606,0.123
26205,Liberia,2019,0.932,0.185
26206,Liberia,2020,0.78,0.151
26207,Liberia,2021,0.783,0.149
26208,Liberia,2022,0.792,0.147
26209,Liberia,2023,0.771,0.14
26310,Libya,1950,0.143,0.126
26311,Libya,1951,0.169,0.147
26312,Libya,1952,0.165,0.142
26313,Libya,1953,0.249,0.211
26314,Libya,1954,0.3,0.249
26315,Libya,1955,0.429,0.345
26316,Libya,1956,0.33,0.257
26317,Libya,1957,0.311,0.234
26318,Libya,1958,0.352,0.255
26319,Libya,1959,0.432,0.302
26320,Libya,1960,0.692,0.464
26321,Libya,1961,1.194,0.768
26322,Libya,1962,1.048,0.646
26323,Libya,1963,1.462,0.865
26324,Libya,1964,0.663,0.378
26325,Libya,1965,1.015,0.563
26326,Libya,1966,2.627,1.421
26327,Libya,1967,18.492,9.742
26328,Libya,1968,30.114,15.421
26329,Libya,1969,35.522,17.635
26330,Libya,1970,32.305,15.512
26331,Libya,1971,21.628,10.043
26332,Libya,1972,15.22,6.837
26333,Libya,1973,14.575,6.298
26334,Libya,1974,9.338,3.839
26335,Libya,1975,11.568,4.499
26336,Libya,1976,17.888,6.573
26337,Libya,1977,20.198,7.01
26338,Libya,1978,21.155,6.93
26339,Libya,1979,25.926,8.017
26340,Libya,1980,26.781,7.821
26341,Libya,1981,28.668,7.916
26342,Libya,1982,30.565,8.206
26343,Libya,1983,30.146,8.106
26344,Libya,1984,28.276,7.493
26345,Libya,1985,31.002,7.952
26346,Libya,1986,33.895,8.437
26347,Libya,1987,32.348,7.833
26348,Libya,1988,36.16,8.533
26349,Libya,1989,37.069,8.535
26350,Libya,1990,36.514,8.214
26351,Libya,1991,42.62,9.379
26352,Libya,1992,37.024,7.979
26353,Libya,1993,38.708,8.178
26354,Libya,1994,51.36,10.651
26355,Libya,1995,54.596,11.126
26356,Libya,1996,53.952,10.818
26357,Libya,1997,51.779,10.224
26358,Libya,1998,51.653,10.048
26359,Libya,1999,50.26,9.632
26360,Libya,2000,53.239,10.036
26361,Libya,2001,53.114,9.829
26362,Libya,2002,52.525,9.535
26363,Libya,2003,55.477,9.872
26364,Libya,2004,56.85,9.91
26365,Libya,2005,55.986,9.556
26366,Libya,2006,53.777,8.992
26367,Libya,2007,44.392,7.272
26368,Libya,2008,49.699,7.97
26369,Libya,2009,51.627,8.109
26370,Libya,2010,59.148,9.103
26371,Libya,2011,53.542,8.441
26372,Libya,2012,61.606,9.97
26373,Libya,2013,51.344,8.144
26374,Libya,2014,68.348,10.634
26375,Libya,2015,62.644,9.591
26376,Libya,2016,60.171,9.073
26377,Libya,2017,69.58,10.325
26378,Libya,2018,65.323,9.537
26379,Libya,2019,76.247,10.969
26380,Libya,2020,34.237,4.86
26381,Libya,2021,56.541,7.924
26382,Libya,2022,57.546,7.966
26383,Libya,2023,60.976,8.346
26493,Liechtenstein,1959,0.012,0.723
26494,Liechtenstein,1960,0.015,0.936
26495,Liechtenstein,1961,0.017,0.999
26496,Liechtenstein,1962,0.017,1.003
26497,Liechtenstein,1963,0.019,1.059
26498,Liechtenstein,1964,0.058,3.165
26499,Liechtenstein,1965,0.062,3.353
26500,Liechtenstein,1966,0.061,3.201
26501,Liechtenstein,1967,0.061,3.099
26502,Liechtenstein,1968,0.074,3.673
26503,Liechtenstein,1969,0.088,4.24
26504,Liechtenstein,1970,0.111,5.244
26505,Liechtenstein,1971,0.116,5.375
26506,Liechtenstein,1972,0.108,4.883
26507,Liechtenstein,1973,0.135,6.002
26508,Liechtenstein,1974,0.109,4.783
26509,Liechtenstein,1975,0.137,5.919
26510,Liechtenstein,1976,0.134,5.662
26511,Liechtenstein,1977,0.152,6.347
26512,Liechtenstein,1978,0.152,6.234
26513,Liechtenstein,1979,0.131,5.28
26514,Liechtenstein,1980,0.158,6.285
26515,Liechtenstein,1981,0.148,5.816
26516,Liechtenstein,1982,0.104,4.012
26517,Liechtenstein,1983,0.131,4.977
26518,Liechtenstein,1984,0.136,5.119
26519,Liechtenstein,1985,0.17,6.296
26520,Liechtenstein,1986,0.195,7.121
26521,Liechtenstein,1987,0.135,4.863
26522,Liechtenstein,1988,0.179,6.356
26523,Liechtenstein,1989,0.187,6.554
26524,Liechtenstein,1990,0.199,6.882
26525,Liechtenstein,1991,0.206,7.041
26526,Liechtenstein,1992,0.207,6.956
26527,Liechtenstein,1993,0.215,7.121
26528,Liechtenstein,1994,0.201,6.567
26529,Liechtenstein,1995,0.204,6.576
26530,Liechtenstein,1996,0.206,6.539
26531,Liechtenstein,1997,0.218,6.841
26532,Liechtenstein,1998,0.229,7.088
26533,Liechtenstein,1999,0.227,6.918
26534,Liechtenstein,2000,0.217,6.545
26535,Liechtenstein,2001,0.215,6.414
26536,Liechtenstein,2002,0.22,6.515
26537,Liechtenstein,2003,0.229,6.728
26538,Liechtenstein,2004,0.229,6.667
26539,Liechtenstein,2005,0.229,6.597
26540,Liechtenstein,2006,0.231,6.603
26541,Liechtenstein,2007,0.201,5.696
26542,Liechtenstein,2008,0.22,6.19
26543,Liechtenstein,2009,0.205,5.747
26544,Liechtenstein,2010,0.191,5.298
26545,Liechtenstein,2011,0.177,4.871
26546,Liechtenstein,2012,0.185,5.061
26547,Liechtenstein,2013,0.193,5.214
26548,Liechtenstein,2014,0.161,4.336
26549,Liechtenstein,2015,0.16,4.269
26550,Liechtenstein,2016,0.15,3.981
26551,Liechtenstein,2017,0.156,4.113
26552,Liechtenstein,2018,0.143,3.746
26553,Liechtenstein,2019,0.149,3.875
26554,Liechtenstein,2020,0.142,3.659
26555,Liechtenstein,2021,0.146,3.735
26556,Liechtenstein,2022,0.153,3.898
26557,Liechtenstein,2023,0.157,3.969
26558,Lithuania,1830,0.0,0.0
26559,Lithuania,1831,0.0,0.0
26560,Lithuania,1832,0.0,0.0
26561,Lithuania,1833,0.0,0.0
26562,Lithuania,1850,0.001,0.001
26567,Lithuania,1855,0.004,0.003
26570,Lithuania,1858,0.005,0.004
26571,Lithuania,1859,0.005,0.004
26572,Lithuania,1860,0.007,0.005
26573,Lithuania,1861,0.009,0.006
26574,Lithuania,1862,0.008,0.006
26575,Lithuania,1863,0.008,0.006
26576,Lithuania,1864,0.009,0.006
26577,Lithuania,1865,0.009,0.006
26578,Lithuania,1866,0.029,0.019
26579,Lithuania,1867,0.033,0.021
26580,Lithuania,1868,0.027,0.017
26581,Lithuania,1869,0.037,0.023
26582,Lithuania,1870,0.04,0.025
26583,Lithuania,1871,0.054,0.033
26584,Lithuania,1872,0.056,0.033
26585,Lithuania,1873,0.052,0.031
26586,Lithuania,1874,0.064,0.037
26587,Lithuania,1875,0.073,0.042
26588,Lithuania,1876,0.091,0.051
26589,Lithuania,1877,0.093,0.052
26590,Lithuania,1878,0.121,0.066
26591,Lithuania,1879,0.125,0.067
26592,Lithuania,1880,0.146,0.078
26593,Lithuania,1881,0.154,0.081
26594,Lithuania,1882,0.162,0.084
26595,Lithuania,1883,0.184,0.094
26596,Lithuania,1884,0.187,0.094
26597,Lithuania,1885,0.204,0.101
26598,Lithuania,1886,0.209,0.102
26599,Lithuania,1887,0.221,0.106
26600,Lithuania,1888,0.231,0.109
26601,Lithuania,1889,0.249,0.116
26602,Lithuania,1890,0.282,0.13
26603,Lithuania,1891,0.311,0.141
26604,Lithuania,1892,0.329,0.147
26605,Lithuania,1893,0.386,0.169
26606,Lithuania,1894,0.393,0.17
26607,Lithuania,1895,0.452,0.193
26608,Lithuania,1896,0.46,0.193
26609,Lithuania,1897,0.531,0.22
26610,Lithuania,1898,0.596,0.243
26611,Lithuania,1899,0.691,0.278
26612,Lithuania,1900,0.783,0.31
26613,Lithuania,1901,0.804,0.314
26614,Lithuania,1902,0.777,0.299
26615,Lithuania,1903,0.76,0.288
26616,Lithuania,1904,0.845,0.316
26617,Lithuania,1905,0.754,0.278
26618,Lithuania,1906,0.861,0.312
26619,Lithuania,1907,0.964,0.345
26620,Lithuania,1908,0.97,0.342
26621,Lithuania,1909,1.024,0.358
26622,Lithuania,1910,1.004,0.352
26623,Lithuania,1911,1.041,0.369
26624,Lithuania,1912,1.179,0.425
26625,Lithuania,1913,1.281,0.475
26626,Lithuania,1914,1.156,0.44
26627,Lithuania,1915,1.061,0.415
26628,Lithuania,1916,1.131,0.454
26629,Lithuania,1917,1.041,0.429
26630,Lithuania,1918,0.415,0.176
26631,Lithuania,1919,0.355,0.153
26632,Lithuania,1920,0.323,0.142
26633,Lithuania,1921,0.351,0.154
26634,Lithuania,1922,0.428,0.188
26635,Lithuania,1923,0.472,0.206
26636,Lithuania,1924,0.563,0.244
26637,Lithuania,1925,0.555,0.238
26638,Lithuania,1926,0.805,0.343
26639,Lithuania,1927,1.001,0.422
26640,Lithuania,1928,1.102,0.461
26641,Lithuania,1929,1.188,0.494
26642,Lithuania,1930,1.621,0.671
26643,Lithuania,1931,1.948,0.803
26644,Lithuania,1932,2.192,0.901
26645,Lithuania,1933,2.451,1.007
26646,Lithuania,1934,2.963,1.216
26647,Lithuania,1935,3.349,1.374
26648,Lithuania,1936,3.835,1.572
26649,Lithuania,1937,3.925,1.607
26650,Lithuania,1938,4.143,1.695
26651,Lithuania,1939,4.194,1.713
26652,Lithuania,1940,5.026,2.049
26653,Lithuania,1941,4.418,1.796
26654,Lithuania,1942,2.418,0.979
26655,Lithuania,1943,2.523,1.017
26656,Lithuania,1944,3.659,1.469
26657,Lithuania,1945,3.86,1.542
26658,Lithuania,1946,4.328,1.721
26659,Lithuania,1947,5.207,2.062
26660,Lithuania,1948,5.532,2.181
26661,Lithuania,1949,6.286,2.465
26662,Lithuania,1950,6.997,2.876
26663,Lithuania,1951,7.576,3.081
26664,Lithuania,1952,8.113,3.263
26665,Lithuania,1953,8.583,3.412
26666,Lithuania,1954,9.367,3.681
26667,Lithuania,1955,10.621,4.124
26668,Lithuania,1956,11.656,4.471
26669,Lithuania,1957,12.757,4.829
26670,Lithuania,1958,13.621,5.084
26671,Lithuania,1959,14.319,5.259
26672,Lithuania,1960,14.909,5.384
26673,Lithuania,1961,15.385,5.47
26674,Lithuania,1962,16.166,5.666
26675,Lithuania,1963,17.352,6.002
26676,Lithuania,1964,18.463,6.304
26677,Lithuania,1965,19.587,6.606
26678,Lithuania,1966,20.689,6.895
26679,Lithuania,1967,21.656,7.134
26680,Lithuania,1968,22.286,7.259
26681,Lithuania,1969,23.228,7.485
26682,Lithuania,1970,24.442,7.794
26683,Lithuania,1971,25.988,8.196
26684,Lithuania,1972,27.395,8.548
26685,Lithuania,1973,28.609,8.84
26686,Lithuania,1974,29.76,9.111
26687,Lithuania,1975,31.333,9.507
26688,Lithuania,1976,32.558,9.793
26689,Lithuania,1977,33.694,10.048
26690,Lithuania,1978,34.893,10.323
26691,Lithuania,1979,35.19,10.336
26692,Lithuania,1980,36.583,10.671
26693,Lithuania,1981,35.962,10.417
26694,Lithuania,1982,36.65,10.539
26695,Lithuania,1983,37.212,10.616
26696,Lithuania,1984,37.569,10.63
26697,Lithuania,1985,40.477,11.362
26698,Lithuania,1986,36.035,10.027
26699,Lithuania,1987,36.044,9.937
26700,Lithuania,1988,36.441,9.922
26701,Lithuania,1989,36.79,9.954
26702,Lithuania,1990,35.772,9.681
26703,Lithuania,1991,37.855,10.227
26704,Lithuania,1992,21.203,5.734
26705,Lithuania,1993,16.355,4.444
26706,Lithuania,1994,15.802,4.324
26707,Lithuania,1995,15.092,4.161
26708,Lithuania,1996,15.775,4.382
26709,Lithuania,1997,15.198,4.253
26710,Lithuania,1998,16.032,4.519
26711,Lithuania,1999,13.485,3.828
26712,Lithuania,2000,11.878,3.393
26713,Lithuania,2001,12.629,3.636
26714,Lithuania,2002,12.701,3.688
26715,Lithuania,2003,12.695,3.717
26716,Lithuania,2004,13.29,3.936
26717,Lithuania,2005,13.901,4.184
26718,Lithuania,2006,14.234,4.353
26719,Lithuania,2007,15.519,4.802
26720,Lithuania,2008,14.958,4.677
26721,Lithuania,2009,12.861,4.066
26722,Lithuania,2010,13.834,4.466
26723,Lithuania,2011,13.991,4.62
26724,Lithuania,2012,14.084,4.713
26725,Lithuania,2013,13.18,4.455
26726,Lithuania,2014,12.885,4.393
26727,Lithuania,2015,13.088,4.504
26728,Lithuania,2016,13.156,4.585
26729,Lithuania,2017,13.32,4.708
26730,Lithuania,2018,13.47,4.807
26731,Lithuania,2019,13.707,4.904
26732,Lithuania,2020,13.563,4.851
26733,Lithuania,2021,13.851,4.957
26734,Lithuania,2022,12.857,4.564
26735,Lithuania,2023,12.462,4.366
27379,Luxembourg,1945,0.025,0.085
27380,Luxembourg,1946,0.036,0.122
27381,Luxembourg,1947,0.044,0.147
27382,Luxembourg,1948,0.051,0.172
27383,Luxembourg,1949,0.058,0.196
27384,Luxembourg,1950,7.419,25.016
27385,Luxembourg,1951,9.009,30.216
27386,Luxembourg,1952,9.401,31.348
27387,Luxembourg,1953,8.654,28.684
27388,Luxembourg,1954,8.782,28.937
27389,Luxembourg,1955,9.885,32.376
27390,Luxembourg,1956,10.368,33.779
27391,Luxembourg,1957,10.837,35.136
27392,Luxembourg,1958,10.086,32.532
27393,Luxembourg,1959,10.42,33.392
27394,Luxembourg,1960,11.508,36.662
27395,Luxembourg,1961,11.581,36.609
27396,Luxembourg,1962,11.541,36.103
27397,Luxembourg,1963,11.438,35.428
27398,Luxembourg,1964,12.296,37.69
27399,Luxembourg,1965,12.193,36.981
27400,Luxembourg,1966,11.61,34.857
27401,Luxembourg,1967,11.35,33.829
27402,Luxembourg,1968,12.259,36.375
27403,Luxembourg,1969,13.182,38.97
27404,Luxembourg,1970,13.735,40.477
27405,Luxembourg,1971,13.194,38.583
27406,Luxembourg,1972,13.493,38.988
27407,Luxembourg,1973,14.175,40.593
27408,Luxembourg,1974,14.424,41.044
27409,Luxembourg,1975,11.864,33.544
27410,Luxembourg,1976,11.862,33.331
27411,Luxembourg,1977,10.954,30.576
27412,Luxembourg,1978,11.881,32.907
27413,Luxembourg,1979,12.162,33.514
27414,Luxembourg,1980,11.074,30.446
27415,Luxembourg,1981,9.486,26.026
27416,Luxembourg,1982,8.924,24.446
27417,Luxembourg,1983,8.364,22.884
27418,Luxembourg,1984,9.004,24.608
27419,Luxembourg,1985,9.237,25.192
27420,Luxembourg,1986,9.111,24.731
27421,Luxembourg,1987,8.812,23.766
27422,Luxembourg,1988,9.1,24.345
27423,Luxembourg,1989,9.846,26.091
27424,Luxembourg,1990,11.813,30.948
27425,Luxembourg,1991,12.424,32.118
27426,Luxembourg,1992,12.192,31.105
27427,Luxembourg,1993,12.341,31.069
27428,Luxembourg,1994,11.525,28.627
27429,Luxembourg,1995,9.136,22.378
27430,Luxembourg,1996,9.186,22.201
27431,Luxembourg,1997,8.547,20.399
27432,Luxembourg,1998,7.655,18.047
27433,Luxembourg,1999,8.117,18.882
27434,Luxembourg,2000,8.702,19.953
27435,Luxembourg,2001,9.206,20.839
27436,Luxembourg,2002,9.979,22.354
27437,Luxembourg,2003,10.451,23.13
27438,Luxembourg,2004,11.819,25.789
27439,Luxembourg,2005,12.077,25.951
27440,Luxembourg,2006,11.909,25.184
27441,Luxembourg,2007,11.305,23.538
27442,Luxembourg,2008,11.169,22.841
27443,Luxembourg,2009,10.625,21.327
27444,Luxembourg,2010,11.195,22.062
27445,Luxembourg,2011,11.097,21.399
27446,Luxembourg,2012,10.866,20.466
27447,Luxembourg,2013,10.334,19.018
27448,Luxembourg,2014,9.816,17.646
27449,Luxembourg,2015,9.345,16.408
27450,Luxembourg,2016,9.09,15.579
27451,Luxembourg,2017,9.263,15.529
27452,Luxembourg,2018,9.567,15.733
27453,Luxembourg,2019,9.762,15.741
27454,Luxembourg,2020,8.075,12.805
27455,Luxembourg,2021,8.421,13.151
27456,Luxembourg,2022,7.277,11.138
27457,Luxembourg,2023,6.993,10.514
27662,Macao,1954,0.022,0.111
27663,Macao,1955,0.022,0.112
27664,Macao,1956,0.026,0.133
27665,Macao,1957,0.029,0.156
27666,Macao,1958,0.029,0.16
27667,Macao,1959,0.037,0.205
27668,Macao,1960,0.051,0.296
27669,Macao,1961,0.07,0.402
27670,Macao,1962,0.095,0.536
27671,Macao,1963,0.106,0.583
27672,Macao,1964,0.128,0.568
27673,Macao,1965,0.132,0.497
27674,Macao,1966,0.15,0.571
27675,Macao,1967,0.165,0.633
27676,Macao,1968,0.169,0.653
27677,Macao,1969,0.169,0.66
27678,Macao,1970,0.205,0.797
27679,Macao,1971,0.227,0.862
27680,Macao,1972,0.231,0.845
27681,Macao,1973,0.224,0.893
27682,Macao,1974,0.267,1.208
27683,Macao,1975,0.297,1.325
27684,Macao,1976,0.253,1.112
27685,Macao,1977,0.308,1.329
27686,Macao,1978,0.414,1.753
27687,Macao,1979,0.414,1.717
27688,Macao,1980,0.528,2.144
27689,Macao,1981,0.535,2.118
27690,Macao,1982,0.484,1.853
27691,Macao,1983,0.682,2.519
27692,Macao,1984,0.605,2.155
27693,Macao,1985,0.733,2.516
27694,Macao,1986,0.876,2.893
27695,Macao,1987,0.971,3.086
27696,Macao,1988,0.964,2.948
27697,Macao,1989,1.03,3.035
27698,Macao,1990,0.901,2.567
27699,Macao,1991,0.967,2.67
27700,Macao,1992,0.978,2.628
27701,Macao,1993,1.103,2.892
27702,Macao,1994,1.18,3.024
27703,Macao,1995,1.125,2.821
27704,Macao,1996,1.301,3.196
27705,Macao,1997,1.367,3.293
27706,Macao,1998,1.444,3.414
27707,Macao,1999,1.425,3.313
27708,Macao,2000,1.528,3.494
27709,Macao,2001,1.561,3.507
27710,Macao,2002,1.389,3.045
27711,Macao,2003,1.422,3.031
27712,Macao,2004,1.583,3.282
27713,Macao,2005,1.682,3.395
27714,Macao,2006,1.458,2.866
27715,Macao,2007,1.363,2.61
27716,Macao,2008,1.132,2.113
27717,Macao,2009,1.891,3.441
27718,Macao,2010,1.235,2.194
27719,Macao,2011,1.293,2.247
27720,Macao,2012,1.132,1.927
27721,Macao,2013,0.989,1.652
27722,Macao,2014,1.293,2.119
27723,Macao,2015,1.77,2.844
27724,Macao,2016,1.781,2.807
27725,Macao,2017,1.927,2.981
27726,Macao,2018,1.242,1.885
27727,Macao,2019,1.213,1.807
27728,Macao,2020,1.033,1.513
27729,Macao,2021,1.026,1.477
27730,Macao,2022,1.037,1.472
27731,Macao,2023,1.057,1.481
27815,Madagascar,1933,0.004,0.001
27816,Madagascar,1934,0.007,0.002
27817,Madagascar,1935,0.004,0.001
27827,Madagascar,1945,0.007,0.002
27829,Madagascar,1947,0.004,0.001
27830,Madagascar,1948,0.004,0.001
27831,Madagascar,1949,0.004,0.001
27832,Madagascar,1950,0.304,0.077
27833,Madagascar,1951,0.245,0.06
27834,Madagascar,1952,0.308,0.074
27835,Madagascar,1953,0.253,0.059
27836,Madagascar,1954,0.289,0.066
27837,Madagascar,1955,0.304,0.068
27838,Madagascar,1956,0.319,0.069
27839,Madagascar,1957,0.315,0.067
27840,Madagascar,1958,0.374,0.077
27841,Madagascar,1959,0.374,0.075
27842,Madagascar,1960,0.399,0.078
27843,Madagascar,1961,0.355,0.068
27844,Madagascar,1962,0.396,0.073
27845,Madagascar,1963,0.461,0.084
27846,Madagascar,1964,0.483,0.085
27847,Madagascar,1965,0.557,0.096
27848,Madagascar,1966,0.579,0.097
27849,Madagascar,1967,0.842,0.137
27850,Madagascar,1968,0.912,0.145
27851,Madagascar,1969,0.85,0.131
27852,Madagascar,1970,0.971,0.145
27853,Madagascar,1971,1.026,0.149
27854,Madagascar,1972,1.286,0.182
27855,Madagascar,1973,1.073,0.147
27856,Madagascar,1974,1.187,0.158
27857,Madagascar,1975,1.693,0.219
27858,Madagascar,1976,0.992,0.124
27859,Madagascar,1977,0.846,0.103
27860,Madagascar,1978,1.017,0.12
27861,Madagascar,1979,1.13,0.129
27862,Madagascar,1980,1.614,0.179
27863,Madagascar,1981,1.025,0.11
27864,Madagascar,1982,1.013,0.106
27865,Madagascar,1983,0.65,0.066
27866,Madagascar,1984,0.866,0.085
27867,Madagascar,1985,1.053,0.101
27868,Madagascar,1986,1.137,0.106
27869,Madagascar,1987,1.282,0.116
27870,Madagascar,1988,1.286,0.113
27871,Madagascar,1989,0.926,0.079
27872,Madagascar,1990,0.944,0.078
27873,Madagascar,1991,1.025,0.083
27874,Madagascar,1992,1.003,0.078
27875,Madagascar,1993,1.032,0.078
27876,Madagascar,1994,1.152,0.085
27877,Madagascar,1995,1.192,0.085
27878,Madagascar,1996,1.245,0.086
27879,Madagascar,1997,1.535,0.102
27880,Madagascar,1998,1.619,0.105
27881,Madagascar,1999,1.763,0.11
27882,Madagascar,2000,1.948,0.118
27883,Madagascar,2001,1.743,0.102
27884,Madagascar,2002,1.236,0.07
27885,Madagascar,2003,1.692,0.094
27886,Madagascar,2004,1.804,0.097
27887,Madagascar,2005,1.741,0.091
27888,Madagascar,2006,1.675,0.085
27889,Madagascar,2007,1.735,0.085
27890,Madagascar,2008,1.78,0.085
27891,Madagascar,2009,1.706,0.079
27892,Madagascar,2010,1.872,0.084
27893,Madagascar,2011,2.374,0.104
27894,Madagascar,2012,2.744,0.117
27895,Madagascar,2013,3.193,0.132
27896,Madagascar,2014,3.096,0.125
27897,Madagascar,2015,3.249,0.128
27898,Madagascar,2016,3.374,0.129
27899,Madagascar,2017,3.976,0.148
27900,Madagascar,2018,3.733,0.136
27901,Madagascar,2019,4.297,0.152
27902,Madagascar,2020,3.975,0.137
27903,Madagascar,2021,4.455,0.15
27904,Madagascar,2022,4.309,0.142
27905,Madagascar,2023,4.476,0.143
28006,Malawi,1950,0.235,0.08
28007,Malawi,1951,0.259,0.086
28008,Malawi,1952,0.291,0.095
28009,Malawi,1953,0.317,0.102
28010,Malawi,1954,0.349,0.11
28011,Malawi,1955,0.411,0.127
28012,Malawi,1956,0.448,0.135
28013,Malawi,1957,0.461,0.136
28014,Malawi,1958,0.412,0.119
28015,Malawi,1959,0.46,0.13
28016,Malawi,1960,0.438,0.121
28017,Malawi,1961,0.373,0.1
28018,Malawi,1962,0.361,0.095
28019,Malawi,1963,0.347,0.089
28020,Malawi,1964,0.33,0.082
28021,Malawi,1965,0.348,0.085
28022,Malawi,1966,0.429,0.102
28023,Malawi,1967,0.366,0.085
28024,Malawi,1968,0.388,0.088
28025,Malawi,1969,0.381,0.084
28026,Malawi,1970,0.454,0.098
28027,Malawi,1971,0.502,0.106
28028,Malawi,1972,0.546,0.112
28029,Malawi,1973,0.571,0.114
28030,Malawi,1974,0.549,0.107
28031,Malawi,1975,0.578,0.109
28032,Malawi,1976,0.582,0.107
28033,Malawi,1977,0.637,0.113
28034,Malawi,1978,0.67,0.115
28035,Malawi,1979,0.637,0.106
28036,Malawi,1980,0.71,0.113
28037,Malawi,1981,0.604,0.093
28038,Malawi,1982,0.593,0.087
28039,Malawi,1983,0.575,0.081
28040,Malawi,1984,0.556,0.076
28041,Malawi,1985,0.556,0.073
28042,Malawi,1986,0.552,0.07
28043,Malawi,1987,0.545,0.066
28044,Malawi,1988,0.541,0.062
28045,Malawi,1989,0.563,0.061
28046,Malawi,1990,0.74,0.078
28047,Malawi,1991,0.788,0.08
28048,Malawi,1992,0.787,0.078
28049,Malawi,1993,0.882,0.086
28050,Malawi,1994,0.902,0.089
28051,Malawi,1995,0.907,0.089
28052,Malawi,1996,0.92,0.089
28053,Malawi,1997,0.915,0.087
28054,Malawi,1998,0.902,0.084
28055,Malawi,1999,0.893,0.081
28056,Malawi,2000,0.858,0.076
28057,Malawi,2001,0.773,0.067
28058,Malawi,2002,0.856,0.072
28059,Malawi,2003,0.918,0.075
28060,Malawi,2004,0.902,0.072
28061,Malawi,2005,0.849,0.066
28062,Malawi,2006,0.848,0.064
28063,Malawi,2007,0.919,0.068
28064,Malawi,2008,0.998,0.071
28065,Malawi,2009,1.013,0.07
28066,Malawi,2010,0.968,0.065
28067,Malawi,2011,1.056,0.069
28068,Malawi,2012,1.066,0.068
28069,Malawi,2013,1.146,0.071
28070,Malawi,2014,1.041,0.063
28071,Malawi,2015,1.083,0.063
28072,Malawi,2016,1.206,0.069
28073,Malawi,2017,1.23,0.068
28074,Malawi,2018,1.723,0.093
28075,Malawi,2019,1.721,0.09
28076,Malawi,2020,1.768,0.091
28077,Malawi,2021,1.885,0.094
28078,Malawi,2022,1.748,0.085
28079,Malawi,2023,1.752,0.083
28120,Malaysia,1890,0.007,0.005
28121,Malaysia,1891,0.018,0.012
28122,Malaysia,1892,0.048,0.029
28123,Malaysia,1893,0.011,0.007
28124,Malaysia,1894,0.048,0.028
28125,Malaysia,1895,0.11,0.062
28126,Malaysia,1896,0.125,0.068
28127,Malaysia,1897,0.092,0.048
28128,Malaysia,1898,0.128,0.065
28129,Malaysia,1899,0.121,0.059
28130,Malaysia,1900,0.059,0.028
28131,Malaysia,1901,0.048,0.022
28132,Malaysia,1902,0.051,0.023
28133,Malaysia,1903,0.051,0.023
28134,Malaysia,1904,0.033,0.014
28135,Malaysia,1905,0.04,0.017
28136,Malaysia,1906,0.037,0.015
28137,Malaysia,1907,0.088,0.035
28138,Malaysia,1908,0.092,0.036
28139,Malaysia,1909,0.169,0.064
28140,Malaysia,1910,0.234,0.087
28142,Malaysia,1912,0.018,0.007
28143,Malaysia,1913,0.062,0.022
28144,Malaysia,1914,0.147,0.05
28145,Malaysia,1915,0.205,0.069
28146,Malaysia,1916,0.55,0.182
28147,Malaysia,1917,0.652,0.212
28148,Malaysia,1918,0.671,0.213
28149,Malaysia,1919,0.769,0.24
28150,Malaysia,1920,1.11,0.339
28151,Malaysia,1921,1.414,0.423
28152,Malaysia,1922,2.004,0.586
28153,Malaysia,1923,2.583,0.739
28154,Malaysia,1924,2.506,0.702
28155,Malaysia,1925,2.964,0.812
28156,Malaysia,1926,3.4,0.911
28157,Malaysia,1927,3.378,0.886
28158,Malaysia,1928,3.807,0.977
28159,Malaysia,1929,4.115,1.033
28160,Malaysia,1930,3.671,0.902
28161,Malaysia,1931,2.708,0.651
28162,Malaysia,1932,1.795,0.423
28163,Malaysia,1933,1.59,0.367
28164,Malaysia,1934,1.733,0.392
28165,Malaysia,1935,1.806,0.4
28166,Malaysia,1936,2.048,0.444
28167,Malaysia,1937,2.345,0.498
28168,Malaysia,1938,1.913,0.398
28169,Malaysia,1939,1.704,0.347
28170,Malaysia,1940,2.568,0.514
28171,Malaysia,1941,2.184,0.429
28172,Malaysia,1942,0.66,0.127
28173,Malaysia,1943,1.319,0.25
28174,Malaysia,1944,1.103,0.206
28175,Malaysia,1945,0.612,0.112
28176,Malaysia,1946,0.605,0.109
28177,Malaysia,1947,0.685,0.121
28178,Malaysia,1948,1.19,0.207
28179,Malaysia,1949,1.22,0.209
28180,Malaysia,1950,3.655,0.599
28181,Malaysia,1951,5.22,0.834
28182,Malaysia,1952,6.371,0.992
28183,Malaysia,1953,6.499,0.986
28184,Malaysia,1954,7.004,1.034
28185,Malaysia,1955,7.43,1.067
28186,Malaysia,1956,7.563,1.057
28187,Malaysia,1957,3.513,0.477
28188,Malaysia,1958,3.832,0.507
28189,Malaysia,1959,3.183,0.41
28190,Malaysia,1960,4.201,0.528
28191,Malaysia,1961,4.685,0.574
28192,Malaysia,1962,4.777,0.57
28193,Malaysia,1963,5.828,0.677
28194,Malaysia,1964,7.399,0.838
28195,Malaysia,1965,8.38,0.925
28196,Malaysia,1966,9.834,1.059
28197,Malaysia,1967,10.128,1.065
28198,Malaysia,1968,10.53,1.083
28199,Malaysia,1969,9.138,0.919
28200,Malaysia,1970,14.586,1.433
28201,Malaysia,1971,16.663,1.599
28202,Malaysia,1972,17.901,1.677
28203,Malaysia,1973,17.505,1.601
28204,Malaysia,1974,19.045,1.7
28205,Malaysia,1975,19.445,1.695
28206,Malaysia,1976,23.898,2.034
28207,Malaysia,1977,22.621,1.879
28208,Malaysia,1978,23.26,1.887
28209,Malaysia,1979,27.306,2.162
28210,Malaysia,1980,28.033,2.159
28211,Malaysia,1981,30.878,2.304
28212,Malaysia,1982,30.642,2.215
28213,Malaysia,1983,38.048,2.663
28214,Malaysia,1984,34.794,2.358
28215,Malaysia,1985,36.33,2.382
28216,Malaysia,1986,40.102,2.544
28217,Malaysia,1987,40.878,2.511
28218,Malaysia,1988,42.869,2.552
28219,Malaysia,1989,50.084,2.893
28220,Malaysia,1990,54.269,3.043
28221,Malaysia,1991,65.785,3.586
28222,Malaysia,1992,72.961,3.874
28223,Malaysia,1993,86.612,4.482
28224,Malaysia,1994,87.497,4.415
28225,Malaysia,1995,109.595,5.391
28226,Malaysia,1996,110.108,5.281
28227,Malaysia,1997,118.471,5.542
28228,Malaysia,1998,109.782,5.011
28229,Malaysia,1999,103.987,4.635
28230,Malaysia,2000,122.878,5.35
28231,Malaysia,2001,130.89,5.564
28232,Malaysia,2002,132.035,5.478
28233,Malaysia,2003,153.384,6.215
28234,Malaysia,2004,169.678,6.718
28235,Malaysia,2005,169.967,6.579
28236,Malaysia,2006,170.166,6.441
28237,Malaysia,2007,175.451,6.499
28238,Malaysia,2008,192.847,6.995
28239,Malaysia,2009,192.119,6.831
28240,Malaysia,2010,199.346,6.957
28241,Malaysia,2011,203.452,6.977
28242,Malaysia,2012,212.99,7.18
28243,Malaysia,2013,241.671,8.009
28244,Malaysia,2014,245.05,7.983
28245,Malaysia,2015,235.938,7.554
28246,Malaysia,2016,237.294,7.464
28247,Malaysia,2017,244.457,7.555
28248,Malaysia,2018,262.643,7.98
28249,Malaysia,2019,279.842,8.368
28250,Malaysia,2020,263.199,7.766
28251,Malaysia,2021,273.152,7.968
28252,Malaysia,2022,285.448,8.227
28253,Malaysia,2023,288.824,8.222
28375,Maldives,1971,0.004,0.029
28376,Maldives,1972,0.004,0.028
28377,Maldives,1973,0.004,0.027
28378,Maldives,1974,0.004,0.026
28379,Maldives,1975,0.007,0.051
28380,Maldives,1976,0.011,0.075
28381,Maldives,1977,0.015,0.096
28382,Maldives,1978,0.022,0.141
28383,Maldives,1979,0.029,0.183
28384,Maldives,1980,0.044,0.267
28385,Maldives,1981,0.048,0.281
28386,Maldives,1982,0.048,0.273
28387,Maldives,1983,0.051,0.286
28388,Maldives,1984,0.059,0.318
28389,Maldives,1985,0.066,0.347
28390,Maldives,1986,0.081,0.409
28391,Maldives,1987,0.081,0.395
28392,Maldives,1988,0.095,0.452
28393,Maldives,1989,0.125,0.572
28394,Maldives,1990,0.172,0.766
28395,Maldives,1991,0.154,0.664
28396,Maldives,1992,0.231,0.968
28397,Maldives,1993,0.198,0.808
28398,Maldives,1994,0.198,0.789
28399,Maldives,1995,0.249,0.971
28400,Maldives,1996,0.289,1.103
28401,Maldives,1997,0.33,1.232
28402,Maldives,1998,0.3,1.102
28403,Maldives,1999,0.421,1.519
28404,Maldives,2000,0.451,1.598
28405,Maldives,2001,0.462,1.61
28406,Maldives,2002,0.594,2.035
28407,Maldives,2003,0.506,1.705
28408,Maldives,2004,0.667,2.212
28409,Maldives,2005,0.601,1.961
28410,Maldives,2006,0.744,2.37
28411,Maldives,2007,0.78,2.405
28412,Maldives,2008,0.843,2.507
28413,Maldives,2009,0.883,2.535
28414,Maldives,2010,0.934,2.59
28415,Maldives,2011,0.986,2.638
28416,Maldives,2012,1.11,2.87
28417,Maldives,2013,1.092,2.729
28418,Maldives,2014,1.315,3.18
28419,Maldives,2015,1.279,2.987
28420,Maldives,2016,1.436,3.24
28421,Maldives,2017,1.513,3.302
28422,Maldives,2018,1.74,3.679
28423,Maldives,2019,1.993,4.087
28424,Maldives,2020,1.678,3.342
28425,Maldives,2021,1.971,3.819
28426,Maldives,2022,2.018,3.851
28427,Maldives,2023,2.062,3.921
28537,Mali,1959,0.048,0.009
28538,Mali,1960,0.121,0.022
28539,Mali,1961,0.117,0.021
28540,Mali,1962,0.139,0.025
28541,Mali,1963,0.176,0.031
28542,Mali,1964,0.176,0.031
28543,Mali,1965,0.198,0.034
28544,Mali,1966,0.191,0.032
28545,Mali,1967,0.224,0.037
28546,Mali,1968,0.198,0.033
28547,Mali,1969,0.161,0.026
28548,Mali,1970,0.202,0.032
28549,Mali,1971,0.227,0.036
28550,Mali,1972,0.245,0.038
28551,Mali,1973,0.267,0.041
28552,Mali,1974,0.304,0.045
28553,Mali,1975,0.341,0.05
28554,Mali,1976,0.34,0.049
28555,Mali,1977,0.413,0.058
28556,Mali,1978,0.395,0.055
28557,Mali,1979,0.428,0.058
28558,Mali,1980,0.391,0.052
28559,Mali,1981,0.395,0.051
28560,Mali,1982,0.365,0.046
28561,Mali,1983,0.417,0.052
28562,Mali,1984,0.435,0.053
28563,Mali,1985,0.405,0.048
28564,Mali,1986,0.38,0.044
28565,Mali,1987,0.358,0.041
28566,Mali,1988,0.383,0.043
28567,Mali,1989,0.416,0.046
28568,Mali,1990,0.422,0.046
28569,Mali,1991,0.426,0.045
28570,Mali,1992,0.463,0.048
28571,Mali,1993,0.503,0.052
28572,Mali,1994,0.548,0.055
28573,Mali,1995,0.595,0.058
28574,Mali,1996,0.646,0.062
28575,Mali,1997,0.727,0.068
28576,Mali,1998,0.934,0.086
28577,Mali,1999,0.971,0.086
28578,Mali,2000,1.066,0.092
28579,Mali,2001,1.161,0.098
28580,Mali,2002,1.209,0.098
28581,Mali,2003,1.246,0.098
28582,Mali,2004,1.407,0.107
28583,Mali,2005,1.455,0.107
28584,Mali,2006,1.535,0.11
28585,Mali,2007,1.788,0.124
28586,Mali,2008,1.957,0.131
28587,Mali,2009,1.887,0.122
28588,Mali,2010,2.088,0.131
28589,Mali,2011,2.279,0.138
28590,Mali,2012,2.437,0.144
28591,Mali,2013,2.743,0.157
28592,Mali,2014,3.136,0.174
28593,Mali,2015,3.399,0.183
28594,Mali,2016,4.29,0.224
28595,Mali,2017,4.77,0.241
28596,Mali,2018,5.198,0.254
28597,Mali,2019,5.833,0.277
28598,Mali,2020,6.448,0.297
28599,Mali,2021,6.886,0.308
28600,Mali,2022,6.988,0.303
28601,Mali,2023,6.762,0.284
28702,Malta,1950,0.245,0.833
28703,Malta,1951,0.256,0.854
28704,Malta,1952,0.242,0.793
28705,Malta,1953,0.231,0.746
28706,Malta,1954,0.308,0.981
28707,Malta,1955,0.341,1.071
28708,Malta,1956,0.297,0.92
28709,Malta,1957,0.311,0.953
28710,Malta,1958,0.33,1.001
28711,Malta,1959,0.388,1.176
28712,Malta,1960,0.341,1.03
28713,Malta,1961,0.293,0.886
28714,Malta,1962,0.33,0.998
28715,Malta,1963,0.41,1.244
28716,Malta,1964,0.498,1.516
28717,Malta,1965,0.473,1.444
28718,Malta,1966,0.414,1.271
28719,Malta,1967,0.52,1.607
28720,Malta,1968,0.638,1.971
28721,Malta,1969,0.652,2.008
28722,Malta,1970,0.663,2.034
28723,Malta,1971,0.66,2.015
28724,Malta,1972,0.839,2.553
28725,Malta,1973,0.806,2.442
28726,Malta,1974,0.744,2.242
28727,Malta,1975,0.667,2.0
28728,Malta,1976,0.762,2.273
28729,Malta,1977,0.802,2.38
28730,Malta,1978,0.934,2.756
28731,Malta,1979,0.905,2.654
28732,Malta,1980,1.022,2.981
28733,Malta,1981,1.143,3.316
28734,Malta,1982,1.312,3.784
28735,Malta,1983,0.997,2.859
28736,Malta,1984,1.363,3.888
28737,Malta,1985,1.198,3.398
28738,Malta,1986,1.484,4.179
28739,Malta,1987,1.854,5.177
28740,Malta,1988,2.012,5.569
28741,Malta,1989,2.169,5.95
28742,Malta,1990,2.427,6.598
28743,Malta,1991,2.272,6.118
28744,Malta,1992,2.294,6.119
28745,Malta,1993,2.886,7.629
28746,Malta,1994,2.658,6.969
28747,Malta,1995,2.452,6.376
28748,Malta,1996,2.534,6.537
28749,Malta,1997,2.556,6.543
28750,Malta,1998,2.525,6.412
28751,Malta,1999,2.573,6.482
28752,Malta,2000,2.468,6.172
28753,Malta,2001,2.737,6.794
28754,Malta,2002,2.747,6.774
28755,Malta,2003,2.961,7.253
28756,Malta,2004,2.849,6.935
28757,Malta,2005,2.65,6.411
28758,Malta,2006,2.655,6.391
28759,Malta,2007,2.728,6.538
28760,Malta,2008,2.721,6.495
28761,Malta,2009,2.561,6.085
28762,Malta,2010,2.619,6.197
28763,Malta,2011,2.608,6.142
28764,Malta,2012,2.749,6.443
28765,Malta,2013,2.429,5.67
28766,Malta,2014,2.417,5.563
28767,Malta,2015,1.699,3.819
28768,Malta,2016,1.376,3.021
28769,Malta,2017,1.537,3.285
28770,Malta,2018,1.547,3.193
28771,Malta,2019,1.649,3.271
28772,Malta,2020,1.6,3.088
28773,Malta,2021,1.611,3.072
28774,Malta,2022,1.774,3.358
28775,Malta,2023,1.822,3.419
28918,Marshall Islands,1992,0.077,1.658
28919,Marshall Islands,1993,0.084,1.789
28920,Marshall Islands,1994,0.084,1.766
28921,Marshall Islands,1995,0.088,1.821
28922,Marshall Islands,1996,0.088,1.802
28923,Marshall Islands,1997,0.088,1.785
28924,Marshall Islands,1998,0.092,1.842
28925,Marshall Islands,1999,0.088,1.751
28926,Marshall Islands,2000,0.099,1.95
28927,Marshall Islands,2001,0.103,2.006
28928,Marshall Islands,2002,0.11,2.137
28929,Marshall Islands,2003,0.106,2.057
28930,Marshall Islands,2004,0.117,2.263
28931,Marshall Islands,2005,0.114,2.187
28932,Marshall Islands,2006,0.121,2.325
28933,Marshall Islands,2007,0.125,2.393
28934,Marshall Islands,2008,0.128,2.464
28935,Marshall Islands,2009,0.132,2.535
28936,Marshall Islands,2010,0.136,2.604
28937,Marshall Islands,2011,0.139,2.681
28938,Marshall Islands,2012,0.136,2.636
28939,Marshall Islands,2013,0.139,2.746
28940,Marshall Islands,2014,0.143,2.869
28941,Marshall Islands,2015,0.143,2.927
28942,Marshall Islands,2016,0.143,2.994
28943,Marshall Islands,2017,0.147,3.149
28944,Marshall Islands,2018,0.147,3.235
28945,Marshall Islands,2019,0.147,3.329
28946,Marshall Islands,2020,0.147,3.43
28947,Marshall Islands,2021,0.147,3.541
28948,Marshall Islands,2022,0.15,3.743
28949,Marshall Islands,2023,0.153,3.947
29159,Mauritania,1959,0.033,0.041
29160,Mauritania,1960,0.037,0.044
29161,Mauritania,1961,0.048,0.056
29162,Mauritania,1962,0.062,0.072
29163,Mauritania,1963,0.088,0.098
29164,Mauritania,1964,0.117,0.128
29165,Mauritania,1965,0.161,0.17
29166,Mauritania,1966,0.18,0.184
29167,Mauritania,1967,0.198,0.197
29168,Mauritania,1968,0.234,0.227
29169,Mauritania,1969,0.275,0.258
29170,Mauritania,1970,0.429,0.39
29171,Mauritania,1971,0.399,0.352
29172,Mauritania,1972,0.447,0.383
29173,Mauritania,1973,0.469,0.39
29174,Mauritania,1974,0.484,0.39
29175,Mauritania,1975,0.509,0.399
29176,Mauritania,1976,0.517,0.393
29177,Mauritania,1977,0.557,0.411
29178,Mauritania,1978,0.583,0.418
29179,Mauritania,1979,0.605,0.422
29180,Mauritania,1980,0.63,0.428
29181,Mauritania,1981,0.634,0.418
29182,Mauritania,1982,0.883,0.566
29183,Mauritania,1983,0.938,0.584
29184,Mauritania,1984,0.872,0.527
29185,Mauritania,1985,0.656,0.385
29186,Mauritania,1986,0.374,0.213
29187,Mauritania,1987,3.243,1.798
29188,Mauritania,1988,3.184,1.716
29189,Mauritania,1989,2.803,1.473
29190,Mauritania,1990,0.854,0.437
29191,Mauritania,1991,0.868,0.432
29192,Mauritania,1992,0.905,0.433
29193,Mauritania,1993,0.927,0.426
29194,Mauritania,1994,0.956,0.425
29195,Mauritania,1995,1.015,0.439
29196,Mauritania,1996,1.063,0.451
29197,Mauritania,1997,1.077,0.447
29198,Mauritania,1998,1.07,0.432
29199,Mauritania,1999,1.096,0.431
29200,Mauritania,2000,1.114,0.426
29201,Mauritania,2001,1.172,0.438
29202,Mauritania,2002,1.249,0.456
29203,Mauritania,2003,1.29,0.46
29204,Mauritania,2004,1.385,0.483
29205,Mauritania,2005,1.437,0.489
29206,Mauritania,2006,1.55,0.514
29207,Mauritania,2007,1.758,0.568
29208,Mauritania,2008,1.834,0.576
29209,Mauritania,2009,2.012,0.613
29210,Mauritania,2010,2.094,0.617
29211,Mauritania,2011,2.23,0.637
29212,Mauritania,2012,2.448,0.676
29213,Mauritania,2013,2.169,0.581
29214,Mauritania,2014,2.566,0.667
29215,Mauritania,2015,3.002,0.757
29216,Mauritania,2016,2.627,0.643
29217,Mauritania,2017,3.581,0.851
29218,Mauritania,2018,4.452,1.026
29219,Mauritania,2019,4.62,1.034
29220,Mauritania,2020,4.782,1.039
29221,Mauritania,2021,4.503,0.951
29222,Mauritania,2022,4.578,0.939
29223,Mauritania,2023,4.413,0.879
29324,Mauritius,1950,0.202,0.383
29325,Mauritius,1951,0.139,0.257
29326,Mauritius,1952,0.176,0.316
29327,Mauritius,1953,0.187,0.327
29328,Mauritius,1954,0.187,0.319
29329,Mauritius,1955,0.128,0.214
29330,Mauritius,1956,0.22,0.358
29331,Mauritius,1957,0.22,0.349
29332,Mauritius,1958,0.209,0.323
29333,Mauritius,1959,0.224,0.336
29334,Mauritius,1960,0.18,0.264
29335,Mauritius,1961,0.187,0.27
29336,Mauritius,1962,0.253,0.358
29337,Mauritius,1963,0.209,0.29
29338,Mauritius,1964,0.308,0.418
29339,Mauritius,1965,0.304,0.404
29340,Mauritius,1966,0.275,0.358
29341,Mauritius,1967,0.498,0.635
29342,Mauritius,1968,0.638,0.798
29343,Mauritius,1969,0.572,0.702
29344,Mauritius,1970,0.498,0.602
29345,Mauritius,1971,0.396,0.47
29346,Mauritius,1972,0.689,0.807
29347,Mauritius,1973,0.678,0.783
29348,Mauritius,1974,0.692,0.79
29349,Mauritius,1975,0.59,0.664
29350,Mauritius,1976,0.619,0.688
29351,Mauritius,1977,0.641,0.703
29352,Mauritius,1978,0.63,0.681
29353,Mauritius,1979,0.66,0.702
29354,Mauritius,1980,0.59,0.618
29355,Mauritius,1981,0.542,0.559
29356,Mauritius,1982,0.502,0.51
29357,Mauritius,1983,0.597,0.599
29358,Mauritius,1984,0.627,0.62
29359,Mauritius,1985,0.707,0.69
29360,Mauritius,1986,0.799,0.769
29361,Mauritius,1987,0.931,0.885
29362,Mauritius,1988,0.854,0.803
29363,Mauritius,1989,1.052,0.977
29364,Mauritius,1990,1.462,1.342
29365,Mauritius,1991,1.521,1.379
29366,Mauritius,1992,1.707,1.528
29367,Mauritius,1993,1.773,1.566
29368,Mauritius,1994,1.623,1.416
29369,Mauritius,1995,1.828,1.576
29370,Mauritius,1996,1.949,1.663
29371,Mauritius,1997,1.997,1.686
29372,Mauritius,1998,2.169,1.815
29373,Mauritius,1999,2.426,2.011
29374,Mauritius,2000,2.689,2.211
29375,Mauritius,2001,2.862,2.334
29376,Mauritius,2002,2.884,2.337
29377,Mauritius,2003,3.059,2.463
29378,Mauritius,2004,3.089,2.471
29379,Mauritius,2005,3.294,2.62
29380,Mauritius,2006,3.627,2.87
29381,Mauritius,2007,3.686,2.903
29382,Mauritius,2008,3.767,2.955
29383,Mauritius,2009,3.708,2.899
29384,Mauritius,2010,3.913,3.051
29385,Mauritius,2011,3.917,3.045
29386,Mauritius,2012,3.964,3.075
29387,Mauritius,2013,4.067,3.15
29388,Mauritius,2014,4.206,3.256
29389,Mauritius,2015,4.21,3.258
29390,Mauritius,2016,4.346,3.364
29391,Mauritius,2017,4.536,3.515
29392,Mauritius,2018,4.459,3.46
29393,Mauritius,2019,4.521,3.515
29394,Mauritius,2020,3.807,2.967
29395,Mauritius,2021,3.972,3.104
29396,Mauritius,2022,3.928,3.078
29397,Mauritius,2023,4.139,3.25
29404,Mexico,1856,0.008,0.001
29405,Mexico,1857,0.007,0.001
29406,Mexico,1858,0.015,0.002
29407,Mexico,1859,0.008,0.001
29408,Mexico,1860,0.005,0.001
29409,Mexico,1861,0.012,0.001
29410,Mexico,1862,0.033,0.004
29411,Mexico,1863,0.022,0.002
29412,Mexico,1864,0.006,0.001
29413,Mexico,1865,0.02,0.002
29414,Mexico,1866,0.035,0.004
29415,Mexico,1867,0.015,0.002
29416,Mexico,1868,0.012,0.001
29417,Mexico,1869,0.004,0.0
29418,Mexico,1870,0.01,0.001
29419,Mexico,1871,0.013,0.001
29420,Mexico,1872,0.025,0.003
29421,Mexico,1873,0.033,0.004
29422,Mexico,1874,0.034,0.004
29423,Mexico,1875,0.037,0.004
29424,Mexico,1876,0.038,0.004
29425,Mexico,1877,0.047,0.005
29426,Mexico,1878,0.062,0.006
29427,Mexico,1879,0.08,0.008
29428,Mexico,1880,0.088,0.009
29429,Mexico,1881,0.058,0.006
29430,Mexico,1882,0.079,0.008
29431,Mexico,1883,0.083,0.008
29432,Mexico,1884,0.071,0.007
29433,Mexico,1885,0.064,0.006
29434,Mexico,1886,0.088,0.008
29435,Mexico,1887,0.173,0.016
29436,Mexico,1888,0.232,0.021
29437,Mexico,1889,0.297,0.026
29438,Mexico,1890,0.456,0.04
29439,Mexico,1891,1.104,0.094
29440,Mexico,1892,1.62,0.137
29441,Mexico,1893,1.42,0.118
29442,Mexico,1894,1.557,0.128
29443,Mexico,1895,1.507,0.122
29444,Mexico,1896,1.647,0.131
29445,Mexico,1897,2.31,0.181
29446,Mexico,1898,2.618,0.203
29447,Mexico,1899,3.26,0.249
29448,Mexico,1900,3.504,0.264
29449,Mexico,1901,4.199,0.313
29450,Mexico,1902,4.571,0.337
29451,Mexico,1903,5.384,0.394
29452,Mexico,1904,5.778,0.419
29453,Mexico,1905,6.157,0.442
29454,Mexico,1906,6.456,0.459
29455,Mexico,1907,7.151,0.504
29456,Mexico,1908,7.119,0.497
29457,Mexico,1909,7.186,0.498
29458,Mexico,1910,7.364,0.508
29459,Mexico,1911,11.143,0.766
29460,Mexico,1912,10.875,0.747
29461,Mexico,1913,13.603,0.935
29462,Mexico,1914,11.933,0.821
29463,Mexico,1915,15.778,1.087
29464,Mexico,1916,18.408,1.27
29465,Mexico,1917,27.475,1.898
29466,Mexico,1918,32.391,2.239
29467,Mexico,1919,42.361,2.921
29468,Mexico,1920,77.665,5.327
29469,Mexico,1921,91.419,6.218
29470,Mexico,1922,86.505,5.818
29471,Mexico,1923,73.32,4.862
29472,Mexico,1924,68.934,4.506
29473,Mexico,1925,57.506,3.706
29474,Mexico,1926,45.134,2.868
29475,Mexico,1927,32.86,2.058
29476,Mexico,1928,24.456,1.51
29477,Mexico,1929,22.482,1.368
29478,Mexico,1930,20.719,1.241
29479,Mexico,1931,16.949,0.999
29480,Mexico,1932,16.326,0.947
29481,Mexico,1933,17.63,1.005
29482,Mexico,1934,19.065,1.068
29483,Mexico,1935,21.663,1.193
29484,Mexico,1936,22.213,1.203
29485,Mexico,1937,25.131,1.338
29486,Mexico,1938,24.476,1.281
29487,Mexico,1939,22.826,1.17
29488,Mexico,1940,23.378,1.17
29489,Mexico,1941,22.711,1.106
29490,Mexico,1942,19.116,0.903
29491,Mexico,1943,19.197,0.877
29492,Mexico,1944,20.266,0.896
29493,Mexico,1945,22.769,0.973
29494,Mexico,1946,25.623,1.059
29495,Mexico,1947,29.352,1.173
29496,Mexico,1948,30.509,1.18
29497,Mexico,1949,28.959,1.083
29498,Mexico,1950,30.508,1.106
29499,Mexico,1951,34.889,1.232
29500,Mexico,1952,37.212,1.279
29501,Mexico,1953,36.707,1.228
29502,Mexico,1954,36.27,1.179
29503,Mexico,1955,39.662,1.253
29504,Mexico,1956,42.134,1.293
29505,Mexico,1957,49.278,1.468
29506,Mexico,1958,54.008,1.562
29507,Mexico,1959,58.287,1.636
29508,Mexico,1960,63.052,1.717
29509,Mexico,1961,65.24,1.722
29510,Mexico,1962,63.744,1.629
29511,Mexico,1963,66.292,1.64
29512,Mexico,1964,74.2,1.776
29513,Mexico,1965,75.168,1.741
29514,Mexico,1966,80.845,1.811
29515,Mexico,1967,90.006,1.951
29516,Mexico,1968,93.887,1.97
29517,Mexico,1969,102.176,2.075
29518,Mexico,1970,113.951,2.242
29519,Mexico,1971,126.182,2.407
29520,Mexico,1972,132.261,2.448
29521,Mexico,1973,144.04,2.588
29522,Mexico,1974,154.701,2.699
29523,Mexico,1975,164.104,2.782
29524,Mexico,1976,183.693,3.029
29525,Mexico,1977,192.338,3.087
29526,Mexico,1978,222.048,3.471
29527,Mexico,1979,240.175,3.658
29528,Mexico,1980,267.645,3.977
29529,Mexico,1981,283.587,4.116
29530,Mexico,1982,303.764,4.313
29531,Mexico,1983,277.43,3.855
29532,Mexico,1984,276.491,3.761
29533,Mexico,1985,287.181,3.827
29534,Mexico,1986,293.219,3.829
29535,Mexico,1987,305.79,3.914
29536,Mexico,1988,305.418,3.832
29537,Mexico,1989,323.216,3.978
29538,Mexico,1990,316.746,3.825
29539,Mexico,1991,329.827,3.906
29540,Mexico,1992,332.453,3.864
29541,Mexico,1993,337.722,3.853
29542,Mexico,1994,351.534,3.938
29543,Mexico,1995,330.905,3.642
29544,Mexico,1996,341.544,3.694
29545,Mexico,1997,362.462,3.855
29546,Mexico,1998,381.102,3.987
29547,Mexico,1999,386.04,3.975
29548,Mexico,2000,391.439,3.969
29549,Mexico,2001,407.485,4.071
29550,Mexico,2002,410.301,4.04
29551,Mexico,2003,435.969,4.234
29552,Mexico,2004,438.588,4.201
29553,Mexico,2005,463.432,4.38
29554,Mexico,2006,474.519,4.424
29555,Mexico,2007,473.595,4.354
29556,Mexico,2008,472.981,4.285
29557,Mexico,2009,460.294,4.11
29558,Mexico,2010,456.409,4.017
29559,Mexico,2011,483.302,4.194
29560,Mexico,2012,501.489,4.293
29561,Mexico,2013,495.415,4.186
29562,Mexico,2014,484.045,4.041
29563,Mexico,2015,479.434,3.96
29564,Mexico,2016,478.828,3.917
29565,Mexico,2017,464.406,3.763
29566,Mexico,2018,468.413,3.76
29567,Mexico,2019,468.236,3.723
29568,Mexico,2020,428.94,3.383
29569,Mexico,2021,446.834,3.501
29570,Mexico,2022,465.336,3.618
29571,Mexico,2023,482.623,3.72
29714,Micronesia (country),1992,0.136,1.293
29715,Micronesia (country),1993,0.143,1.334
29716,Micronesia (country),1994,0.154,1.411
29717,Micronesia (country),1995,0.18,1.629
29718,Micronesia (country),1996,0.183,1.655
29719,Micronesia (country),1997,0.194,1.748
29720,Micronesia (country),1998,0.202,1.809
29721,Micronesia (country),1999,0.191,1.706
29722,Micronesia (country),2000,0.18,1.602
29723,Micronesia (country),2001,0.165,1.467
29724,Micronesia (country),2002,0.15,1.336
29725,Micronesia (country),2003,0.161,1.436
29726,Micronesia (country),2004,0.143,1.277
29727,Micronesia (country),2005,0.117,1.052
29728,Micronesia (country),2006,0.114,1.026
29729,Micronesia (country),2007,0.132,1.2
29730,Micronesia (country),2008,0.11,1.009
29731,Micronesia (country),2009,0.147,1.357
29732,Micronesia (country),2010,0.103,0.954
29733,Micronesia (country),2011,0.117,1.089
29734,Micronesia (country),2012,0.125,1.154
29735,Micronesia (country),2013,0.136,1.254
29736,Micronesia (country),2014,0.136,1.251
29737,Micronesia (country),2015,0.143,1.314
29738,Micronesia (country),2016,0.143,1.31
29739,Micronesia (country),2017,0.143,1.305
29740,Micronesia (country),2018,0.143,1.3
29741,Micronesia (country),2019,0.147,1.329
29742,Micronesia (country),2020,0.147,1.321
29743,Micronesia (country),2021,0.143,1.28
29744,Micronesia (country),2022,0.146,1.305
29745,Micronesia (country),2023,0.149,1.327
29920,Moldova,1830,0.0,0.0
29921,Moldova,1831,0.0,0.0
29922,Moldova,1832,0.0,0.0
29923,Moldova,1833,0.0,0.0
29924,Moldova,1850,0.001,0.001
29929,Moldova,1855,0.004,0.004
29932,Moldova,1858,0.005,0.005
29933,Moldova,1859,0.005,0.005
29934,Moldova,1860,0.007,0.007
29935,Moldova,1861,0.009,0.009
29936,Moldova,1862,0.008,0.008
29937,Moldova,1863,0.008,0.008
29938,Moldova,1864,0.009,0.009
29939,Moldova,1865,0.009,0.008
29940,Moldova,1866,0.028,0.026
29941,Moldova,1867,0.033,0.03
29942,Moldova,1868,0.027,0.024
29943,Moldova,1869,0.037,0.033
29944,Moldova,1870,0.04,0.035
29945,Moldova,1871,0.054,0.047
29946,Moldova,1872,0.055,0.048
29947,Moldova,1873,0.052,0.045
29948,Moldova,1874,0.063,0.054
29949,Moldova,1875,0.072,0.061
29950,Moldova,1876,0.09,0.076
29951,Moldova,1877,0.092,0.076
29952,Moldova,1878,0.12,0.099
29953,Moldova,1879,0.123,0.101
29954,Moldova,1880,0.144,0.117
29955,Moldova,1881,0.152,0.122
29956,Moldova,1882,0.16,0.127
29957,Moldova,1883,0.182,0.144
29958,Moldova,1884,0.185,0.144
29959,Moldova,1885,0.202,0.156
29960,Moldova,1886,0.207,0.158
29961,Moldova,1887,0.219,0.166
29962,Moldova,1888,0.228,0.172
29963,Moldova,1889,0.246,0.184
29964,Moldova,1890,0.279,0.206
29965,Moldova,1891,0.307,0.225
29966,Moldova,1892,0.325,0.236
29967,Moldova,1893,0.381,0.274
29968,Moldova,1894,0.388,0.276
29969,Moldova,1895,0.446,0.315
29970,Moldova,1896,0.454,0.317
29971,Moldova,1897,0.525,0.364
29972,Moldova,1898,0.589,0.404
29973,Moldova,1899,0.683,0.464
29974,Moldova,1900,0.774,0.521
29975,Moldova,1901,0.795,0.53
29976,Moldova,1902,0.768,0.507
29977,Moldova,1903,0.751,0.492
29978,Moldova,1904,0.835,0.542
29979,Moldova,1905,0.746,0.48
29980,Moldova,1906,0.85,0.542
29981,Moldova,1907,0.953,0.601
29982,Moldova,1908,0.958,0.6
29983,Moldova,1909,1.012,0.627
29984,Moldova,1910,0.992,0.609
29985,Moldova,1911,1.029,0.626
29986,Moldova,1912,1.165,0.703
29987,Moldova,1913,1.266,0.756
29988,Moldova,1914,1.143,0.676
29989,Moldova,1915,1.049,0.615
29990,Moldova,1916,1.118,0.65
29991,Moldova,1917,1.029,0.592
29992,Moldova,1918,0.41,0.234
29993,Moldova,1919,0.35,0.198
29994,Moldova,1920,0.32,0.179
29995,Moldova,1921,0.347,0.192
29996,Moldova,1922,0.423,0.233
29997,Moldova,1923,0.467,0.254
29998,Moldova,1924,0.556,0.3
29999,Moldova,1925,0.549,0.294
30000,Moldova,1926,0.795,0.422
30001,Moldova,1927,0.989,0.52
30002,Moldova,1928,1.098,0.572
30003,Moldova,1929,1.182,0.61
30004,Moldova,1930,1.608,0.822
30005,Moldova,1931,1.932,0.979
30006,Moldova,1932,2.176,1.093
30007,Moldova,1933,2.432,1.21
30008,Moldova,1934,2.942,1.451
30009,Moldova,1935,3.33,1.627
30010,Moldova,1936,3.818,1.848
30011,Moldova,1937,3.904,1.873
30012,Moldova,1938,4.121,1.959
30013,Moldova,1939,4.171,1.965
30014,Moldova,1940,5.001,2.334
30015,Moldova,1941,4.395,2.033
30016,Moldova,1942,2.39,1.095
30017,Moldova,1943,2.494,1.133
30018,Moldova,1944,3.617,1.627
30019,Moldova,1945,3.829,1.707
30020,Moldova,1946,4.303,1.901
30021,Moldova,1947,5.182,2.269
30022,Moldova,1948,5.515,2.393
30023,Moldova,1949,6.271,2.687
30024,Moldova,1950,6.992,2.765
30025,Moldova,1951,7.579,2.946
30026,Moldova,1952,8.118,3.099
30027,Moldova,1953,8.592,3.219
30028,Moldova,1954,9.387,3.449
30029,Moldova,1955,10.648,3.836
30030,Moldova,1956,11.678,4.125
30031,Moldova,1957,12.785,4.427
30032,Moldova,1958,13.655,4.637
30033,Moldova,1959,14.367,4.777
30034,Moldova,1960,14.973,4.867
30035,Moldova,1961,15.455,4.916
30036,Moldova,1962,16.238,5.059
30037,Moldova,1963,17.42,5.324
30038,Moldova,1964,18.533,5.565
30039,Moldova,1965,19.675,5.811
30040,Moldova,1966,20.794,6.044
30041,Moldova,1967,21.758,6.227
30042,Moldova,1968,22.382,6.31
30043,Moldova,1969,23.317,6.477
30044,Moldova,1970,24.541,6.736
30045,Moldova,1971,26.05,7.083
30046,Moldova,1972,27.418,7.382
30047,Moldova,1973,28.593,7.619
30048,Moldova,1974,29.702,7.829
30049,Moldova,1975,31.236,8.141
30050,Moldova,1976,32.435,8.357
30051,Moldova,1977,33.541,8.544
30052,Moldova,1978,34.691,8.738
30053,Moldova,1979,34.966,8.719
30054,Moldova,1980,36.336,8.975
30055,Moldova,1981,35.675,8.723
30056,Moldova,1982,36.33,8.796
30057,Moldova,1983,36.862,8.835
30058,Moldova,1984,37.195,8.823
30059,Moldova,1985,40.072,9.404
30060,Moldova,1986,39.08,9.069
30061,Moldova,1987,37.469,8.596
30062,Moldova,1988,39.008,8.85
30063,Moldova,1989,38.114,8.585
30064,Moldova,1990,36.479,8.195
30065,Moldova,1991,29.596,6.641
30066,Moldova,1992,20.978,4.708
30067,Moldova,1993,15.846,3.562
30068,Moldova,1994,12.427,2.802
30069,Moldova,1995,11.405,2.584
30070,Moldova,1996,11.687,2.664
30071,Moldova,1997,7.301,1.676
30072,Moldova,1998,6.444,1.492
30073,Moldova,1999,4.685,1.095
30074,Moldova,2000,3.573,0.844
30075,Moldova,2001,3.787,0.904
30076,Moldova,2002,4.052,0.978
30077,Moldova,2003,4.404,1.075
30078,Moldova,2004,4.613,1.14
30079,Moldova,2005,4.938,1.238
30080,Moldova,2006,5.03,1.283
30081,Moldova,2007,4.979,1.293
30082,Moldova,2008,5.19,1.373
30083,Moldova,2009,4.54,1.225
30084,Moldova,2010,4.831,1.33
30085,Moldova,2011,4.945,1.39
30086,Moldova,2012,4.766,1.368
30087,Moldova,2013,4.899,1.437
30088,Moldova,2014,4.759,1.424
30089,Moldova,2015,4.782,1.455
30090,Moldova,2016,4.904,1.515
30091,Moldova,2017,5.221,1.635
30092,Moldova,2018,5.434,1.723
30093,Moldova,2019,5.495,1.765
30094,Moldova,2020,5.238,1.707
30095,Moldova,2021,5.85,1.935
30096,Moldova,2022,5.79,1.905
30097,Moldova,2023,5.962,1.944
30372,Mongolia,1950,0.286,0.366
30373,Mongolia,1951,0.293,0.369
30374,Mongolia,1952,0.3,0.372
30375,Mongolia,1953,0.304,0.371
30376,Mongolia,1954,0.487,0.584
30377,Mongolia,1955,0.59,0.695
30378,Mongolia,1956,0.689,0.793
30379,Mongolia,1957,0.762,0.853
30380,Mongolia,1958,1.136,1.236
30381,Mongolia,1959,1.345,1.419
30382,Mongolia,1960,1.293,1.323
30383,Mongolia,1961,1.392,1.38
30384,Mongolia,1962,1.971,1.893
30385,Mongolia,1963,1.601,1.495
30386,Mongolia,1964,2.045,1.858
30387,Mongolia,1965,1.957,1.73
30388,Mongolia,1966,1.953,1.678
30389,Mongolia,1967,2.151,1.797
30390,Mongolia,1968,2.48,2.017
30391,Mongolia,1969,2.682,2.125
30392,Mongolia,1970,2.847,2.198
30393,Mongolia,1971,3.032,2.28
30394,Mongolia,1972,3.276,2.397
30395,Mongolia,1973,3.472,2.47
30396,Mongolia,1974,3.741,2.587
30397,Mongolia,1975,4.055,2.724
30398,Mongolia,1976,4.39,2.866
30399,Mongolia,1977,4.961,3.147
30400,Mongolia,1978,5.764,3.559
30401,Mongolia,1979,6.277,3.78
30402,Mongolia,1980,6.855,4.029
30403,Mongolia,1981,6.615,3.795
30404,Mongolia,1982,6.712,3.76
30405,Mongolia,1983,6.969,3.81
30406,Mongolia,1984,6.425,3.428
30407,Mongolia,1985,8.998,4.683
30408,Mongolia,1986,9.595,4.868
30409,Mongolia,1987,10.483,5.182
30410,Mongolia,1988,11.493,5.535
30411,Mongolia,1989,10.459,4.924
30412,Mongolia,1990,9.791,4.523
30413,Mongolia,1991,11.96,5.429
30414,Mongolia,1992,10.943,4.887
30415,Mongolia,1993,9.193,4.044
30416,Mongolia,1994,7.865,3.411
30417,Mongolia,1995,7.837,3.355
30418,Mongolia,1996,7.935,3.358
30419,Mongolia,1997,7.615,3.187
30420,Mongolia,1998,7.622,3.159
30421,Mongolia,1999,7.488,3.076
30422,Mongolia,2000,7.432,3.027
30423,Mongolia,2001,7.804,3.15
30424,Mongolia,2002,8.197,3.279
30425,Mongolia,2003,7.931,3.145
30426,Mongolia,2004,8.501,3.343
30427,Mongolia,2005,8.515,3.322
30428,Mongolia,2006,9.281,3.591
30429,Mongolia,2007,11.958,4.585
30430,Mongolia,2008,11.918,4.524
30431,Mongolia,2009,13.026,4.887
30432,Mongolia,2010,13.772,5.098
30433,Mongolia,2011,21.368,7.784
30434,Mongolia,2012,35.0,12.52
30435,Mongolia,2013,43.478,15.245
30436,Mongolia,2014,29.626,10.17
30437,Mongolia,2015,23.282,7.822
30438,Mongolia,2016,25.629,8.428
30439,Mongolia,2017,34.135,10.996
30440,Mongolia,2018,45.316,14.305
30441,Mongolia,2019,47.244,14.617
30442,Mongolia,2020,37.073,11.266
30443,Mongolia,2021,41.852,12.532
30444,Mongolia,2022,43.415,12.822
30445,Mongolia,2023,46.87,13.657
30481,Montenegro,1885,0.0,0.001
30486,Montenegro,1890,0.001,0.004
30487,Montenegro,1891,0.002,0.004
30488,Montenegro,1892,0.002,0.004
30489,Montenegro,1893,0.003,0.008
30490,Montenegro,1894,0.006,0.015
30491,Montenegro,1895,0.006,0.014
30492,Montenegro,1896,0.007,0.016
30493,Montenegro,1897,0.005,0.012
30494,Montenegro,1898,0.008,0.018
30495,Montenegro,1899,0.009,0.021
30496,Montenegro,1900,0.012,0.027
30497,Montenegro,1901,0.013,0.029
30498,Montenegro,1902,0.012,0.027
30499,Montenegro,1903,0.013,0.029
30500,Montenegro,1904,0.014,0.03
30501,Montenegro,1905,0.016,0.033
30502,Montenegro,1906,0.019,0.038
30503,Montenegro,1907,0.019,0.038
30504,Montenegro,1908,0.02,0.041
30505,Montenegro,1909,0.021,0.041
30506,Montenegro,1910,0.021,0.041
30507,Montenegro,1911,0.022,0.044
30508,Montenegro,1912,0.023,0.045
30509,Montenegro,1913,0.063,0.125
30515,Montenegro,1919,0.045,0.093
30516,Montenegro,1920,0.06,0.124
30517,Montenegro,1921,0.064,0.133
30518,Montenegro,1922,0.093,0.195
30519,Montenegro,1923,0.102,0.214
30520,Montenegro,1924,0.104,0.221
30521,Montenegro,1925,0.114,0.244
30522,Montenegro,1926,0.111,0.239
30523,Montenegro,1927,0.126,0.272
30524,Montenegro,1928,0.143,0.311
30525,Montenegro,1929,0.156,0.342
30526,Montenegro,1930,0.147,0.324
30527,Montenegro,1931,0.136,0.301
30528,Montenegro,1932,0.124,0.276
30529,Montenegro,1933,0.114,0.257
30530,Montenegro,1934,0.119,0.27
30531,Montenegro,1935,0.125,0.284
30532,Montenegro,1936,0.123,0.282
30533,Montenegro,1937,0.137,0.316
30534,Montenegro,1938,0.13,0.302
30535,Montenegro,1939,0.136,0.319
30536,Montenegro,1940,0.157,0.369
30539,Montenegro,1943,0.006,0.014
30540,Montenegro,1944,0.001,0.003
30541,Montenegro,1945,0.079,0.193
30542,Montenegro,1946,0.156,0.383
30543,Montenegro,1947,0.217,0.537
30544,Montenegro,1948,0.245,0.609
30545,Montenegro,1949,0.28,0.698
30546,Montenegro,1950,0.269,0.668
30547,Montenegro,1951,0.255,0.621
30548,Montenegro,1952,0.256,0.61
30549,Montenegro,1953,0.254,0.594
30550,Montenegro,1954,0.303,0.697
30551,Montenegro,1955,0.347,0.787
30552,Montenegro,1956,0.397,0.888
30553,Montenegro,1957,0.431,0.951
30554,Montenegro,1958,0.424,0.925
30555,Montenegro,1959,0.487,1.047
30556,Montenegro,1960,0.531,1.128
30557,Montenegro,1961,0.557,1.166
30558,Montenegro,1962,0.572,1.18
30559,Montenegro,1963,0.636,1.296
30560,Montenegro,1964,0.721,1.45
30561,Montenegro,1965,0.741,1.474
30562,Montenegro,1966,0.735,1.444
30563,Montenegro,1967,0.742,1.443
30564,Montenegro,1968,0.794,1.528
30565,Montenegro,1969,0.823,1.569
30566,Montenegro,1970,1.075,2.03
30567,Montenegro,1971,1.159,2.166
30568,Montenegro,1972,1.086,2.009
30569,Montenegro,1973,1.298,2.375
30570,Montenegro,1974,1.303,2.362
30571,Montenegro,1975,1.36,2.441
30572,Montenegro,1976,1.404,2.495
30573,Montenegro,1977,1.365,2.403
30574,Montenegro,1978,1.525,2.66
30575,Montenegro,1979,1.659,2.865
30576,Montenegro,1980,1.631,2.79
30577,Montenegro,1981,1.775,3.01
30578,Montenegro,1982,1.631,2.748
30579,Montenegro,1983,1.756,2.942
30580,Montenegro,1984,1.852,3.086
30581,Montenegro,1985,1.889,3.131
30582,Montenegro,1986,1.973,3.252
30583,Montenegro,1987,1.927,3.157
30584,Montenegro,1988,1.988,3.24
30585,Montenegro,1989,1.982,3.212
30586,Montenegro,1990,1.961,3.16
30587,Montenegro,1991,1.387,2.224
30588,Montenegro,1992,1.483,2.369
30589,Montenegro,1993,1.294,2.06
30590,Montenegro,1994,1.257,1.995
30591,Montenegro,1995,1.327,2.102
30592,Montenegro,1996,1.553,2.455
30593,Montenegro,1997,1.67,2.636
30594,Montenegro,1998,1.758,2.772
30595,Montenegro,1999,1.212,1.911
30596,Montenegro,2000,1.521,2.398
30597,Montenegro,2001,1.667,2.63
30598,Montenegro,2002,1.766,2.787
30599,Montenegro,2003,1.889,2.982
30600,Montenegro,2004,2.041,3.221
30601,Montenegro,2005,1.751,2.761
30602,Montenegro,2006,2.063,3.254
30603,Montenegro,2007,2.056,3.245
30604,Montenegro,2008,2.605,4.116
30605,Montenegro,2009,1.682,2.659
30606,Montenegro,2010,2.422,3.832
30607,Montenegro,2011,2.407,3.805
30608,Montenegro,2012,2.213,3.493
30609,Montenegro,2013,2.151,3.397
30610,Montenegro,2014,2.107,3.337
30611,Montenegro,2015,2.239,3.564
30612,Montenegro,2016,2.015,3.228
30613,Montenegro,2017,2.103,3.392
30614,Montenegro,2018,2.4,3.897
30615,Montenegro,2019,2.477,4.049
30616,Montenegro,2020,2.407,3.96
30617,Montenegro,2021,2.411,3.993
30618,Montenegro,2022,2.391,3.889
30619,Montenegro,2023,2.328,3.675
30731,Montserrat,1962,0.004,0.308
30732,Montserrat,1963,0.004,0.31
30733,Montserrat,1964,0.007,0.624
30734,Montserrat,1965,0.004,0.314
30735,Montserrat,1966,0.007,0.632
30736,Montserrat,1967,0.007,0.636
30737,Montserrat,1968,0.007,0.639
30738,Montserrat,1969,0.007,0.643
30739,Montserrat,1970,0.015,1.29
30740,Montserrat,1971,0.015,1.29
30741,Montserrat,1972,0.015,1.289
30742,Montserrat,1973,0.015,1.287
30743,Montserrat,1974,0.015,1.285
30744,Montserrat,1975,0.011,0.961
30745,Montserrat,1976,0.011,0.961
30746,Montserrat,1977,0.026,2.238
30747,Montserrat,1978,0.026,2.239
30748,Montserrat,1979,0.026,2.243
30749,Montserrat,1980,0.015,1.29
30750,Montserrat,1981,0.018,1.625
30751,Montserrat,1982,0.018,1.636
30752,Montserrat,1983,0.022,1.972
30753,Montserrat,1984,0.022,1.984
30754,Montserrat,1985,0.026,2.328
30755,Montserrat,1986,0.029,2.673
30756,Montserrat,1987,0.029,2.684
30757,Montserrat,1988,0.029,2.696
30758,Montserrat,1989,0.029,2.715
30759,Montserrat,1990,0.029,2.739
30760,Montserrat,1991,0.029,2.801
30761,Montserrat,1992,0.029,2.927
30762,Montserrat,1993,0.029,3.1
30763,Montserrat,1994,0.033,3.719
30764,Montserrat,1995,0.033,3.994
30765,Montserrat,1996,0.037,4.805
30766,Montserrat,1997,0.033,4.725
30767,Montserrat,1998,0.029,4.637
30768,Montserrat,1999,0.037,6.445
30769,Montserrat,2000,0.026,5.076
30770,Montserrat,2001,0.026,5.556
30771,Montserrat,2002,0.048,10.585
30772,Montserrat,2003,0.037,8.115
30773,Montserrat,2004,0.048,10.489
30774,Montserrat,2005,0.04,8.812
30775,Montserrat,2006,0.04,8.75
30776,Montserrat,2007,0.04,8.669
30777,Montserrat,2008,0.048,10.134
30778,Montserrat,2009,0.044,9.239
30779,Montserrat,2010,0.059,12.165
30780,Montserrat,2011,0.037,7.561
30781,Montserrat,2012,0.04,8.358
30782,Montserrat,2013,0.048,9.977
30783,Montserrat,2014,0.048,10.053
30784,Montserrat,2015,0.055,11.711
30785,Montserrat,2016,0.029,6.283
30786,Montserrat,2017,0.029,6.339
30787,Montserrat,2018,0.029,6.379
30788,Montserrat,2019,0.022,4.817
30789,Montserrat,2020,0.022,4.851
30790,Montserrat,2021,0.022,4.88
30791,Montserrat,2022,0.021,4.762
30792,Montserrat,2023,0.022,5.008
30871,Morocco,1928,0.029,0.005
30872,Morocco,1929,0.033,0.005
30873,Morocco,1930,0.04,0.006
30874,Morocco,1931,0.091,0.014
30875,Morocco,1932,0.149,0.022
30876,Morocco,1933,0.175,0.026
30877,Morocco,1934,0.19,0.028
30878,Morocco,1935,0.234,0.033
30879,Morocco,1936,0.212,0.03
30880,Morocco,1937,0.369,0.051
30881,Morocco,1938,0.465,0.063
30882,Morocco,1939,0.319,0.042
30883,Morocco,1940,0.396,0.052
30884,Morocco,1941,0.388,0.05
30885,Morocco,1942,0.33,0.042
30886,Morocco,1943,0.355,0.044
30887,Morocco,1944,0.421,0.052
30888,Morocco,1945,0.524,0.064
30889,Morocco,1946,0.684,0.082
30890,Morocco,1947,0.831,0.098
30891,Morocco,1948,0.941,0.109
30892,Morocco,1949,1.087,0.124
30893,Morocco,1950,2.56,0.286
30894,Morocco,1951,2.926,0.319
30895,Morocco,1952,3.563,0.379
30896,Morocco,1953,4.171,0.433
30897,Morocco,1954,3.584,0.362
30898,Morocco,1955,3.555,0.35
30899,Morocco,1956,3.519,0.337
30900,Morocco,1957,3.054,0.285
30901,Morocco,1958,3.267,0.297
30902,Morocco,1959,3.369,0.298
30903,Morocco,1960,3.636,0.313
30904,Morocco,1961,3.771,0.316
30905,Morocco,1962,3.075,0.251
30906,Morocco,1963,3.954,0.314
30907,Morocco,1964,4.415,0.342
30908,Morocco,1965,4.254,0.321
30909,Morocco,1966,5.46,0.402
30910,Morocco,1967,5.408,0.387
30911,Morocco,1968,5.62,0.392
30912,Morocco,1969,5.817,0.395
30913,Morocco,1970,7.282,0.481
30914,Morocco,1971,8.186,0.527
30915,Morocco,1972,8.028,0.504
30916,Morocco,1973,9.613,0.589
30917,Morocco,1974,11.099,0.663
30918,Morocco,1975,11.065,0.645
30919,Morocco,1976,11.49,0.654
30920,Morocco,1977,12.625,0.701
30921,Morocco,1978,12.992,0.703
30922,Morocco,1979,15.85,0.836
30923,Morocco,1980,15.818,0.813
30924,Morocco,1981,15.718,0.786
30925,Morocco,1982,16.905,0.824
30926,Morocco,1983,17.627,0.837
30927,Morocco,1984,17.645,0.817
30928,Morocco,1985,17.682,0.8
30929,Morocco,1986,18.684,0.827
30930,Morocco,1987,19.905,0.863
30931,Morocco,1988,20.931,0.891
30932,Morocco,1989,22.661,0.947
30933,Morocco,1990,22.298,0.915
30934,Morocco,1991,23.688,0.955
30935,Morocco,1992,24.737,0.981
30936,Morocco,1993,26.779,1.045
30937,Morocco,1994,28.124,1.082
30938,Morocco,1995,28.75,1.089
30939,Morocco,1996,29.525,1.101
30940,Morocco,1997,29.978,1.102
30941,Morocco,1998,30.881,1.118
30942,Morocco,1999,31.986,1.141
30943,Morocco,2000,33.199,1.168
30944,Morocco,2001,36.806,1.277
30945,Morocco,2002,37.306,1.278
30946,Morocco,2003,36.57,1.237
30947,Morocco,2004,42.226,1.41
30948,Morocco,2005,44.661,1.471
30949,Morocco,2006,46.249,1.503
30950,Morocco,2007,48.913,1.568
30951,Morocco,2008,51.369,1.625
30952,Morocco,2009,50.86,1.588
30953,Morocco,2010,54.365,1.674
30954,Morocco,2011,54.868,1.667
30955,Morocco,2012,56.954,1.707
30956,Morocco,2013,56.606,1.675
30957,Morocco,2014,57.175,1.672
30958,Morocco,2015,58.495,1.69
30959,Morocco,2016,58.457,1.669
30960,Morocco,2017,61.104,1.724
30961,Morocco,2018,62.306,1.738
30962,Morocco,2019,68.74,1.898
30963,Morocco,2020,64.564,1.765
30964,Morocco,2021,70.245,1.901
30965,Morocco,2022,69.506,1.862
30966,Morocco,2023,68.668,1.821
31044,Mozambique,1927,0.044,0.011
31045,Mozambique,1928,0.022,0.005
31046,Mozambique,1929,0.011,0.003
31047,Mozambique,1930,0.011,0.003
31048,Mozambique,1931,0.011,0.002
31049,Mozambique,1932,0.062,0.014
31050,Mozambique,1933,0.051,0.011
31051,Mozambique,1934,0.066,0.014
31052,Mozambique,1935,0.048,0.01
31053,Mozambique,1936,0.051,0.011
31054,Mozambique,1937,0.059,0.012
31055,Mozambique,1938,0.04,0.008
31056,Mozambique,1939,0.066,0.013
31057,Mozambique,1940,0.066,0.013
31058,Mozambique,1941,0.059,0.012
31059,Mozambique,1942,0.029,0.006
31060,Mozambique,1943,0.051,0.01
31061,Mozambique,1944,0.055,0.01
31062,Mozambique,1945,0.047,0.009
31063,Mozambique,1946,0.055,0.01
31064,Mozambique,1947,0.058,0.01
31065,Mozambique,1948,0.044,0.008
31066,Mozambique,1949,0.058,0.01
31067,Mozambique,1950,0.901,0.152
31068,Mozambique,1951,0.93,0.156
31069,Mozambique,1952,1.073,0.177
31070,Mozambique,1953,1.081,0.176
31071,Mozambique,1954,1.143,0.184
31072,Mozambique,1955,1.373,0.219
31073,Mozambique,1956,1.553,0.244
31074,Mozambique,1957,1.769,0.275
31075,Mozambique,1958,1.817,0.279
31076,Mozambique,1959,1.794,0.271
31077,Mozambique,1960,1.882,0.28
31078,Mozambique,1961,2.63,0.385
31079,Mozambique,1962,1.985,0.285
31080,Mozambique,1963,1.659,0.233
31081,Mozambique,1964,2.139,0.295
31082,Mozambique,1965,2.003,0.27
31083,Mozambique,1966,2.124,0.281
31084,Mozambique,1967,1.871,0.242
31085,Mozambique,1968,2.776,0.352
31086,Mozambique,1969,3.238,0.401
31087,Mozambique,1970,2.981,0.361
31088,Mozambique,1971,3.611,0.427
31089,Mozambique,1972,3.296,0.379
31090,Mozambique,1973,3.559,0.397
31091,Mozambique,1974,3.146,0.341
31092,Mozambique,1975,2.882,0.302
31093,Mozambique,1976,2.555,0.259
31094,Mozambique,1977,2.706,0.265
31095,Mozambique,1978,2.866,0.27
31096,Mozambique,1979,2.635,0.239
31097,Mozambique,1980,3.198,0.282
31098,Mozambique,1981,2.479,0.214
31099,Mozambique,1982,2.524,0.213
31100,Mozambique,1983,1.954,0.162
31101,Mozambique,1984,1.511,0.123
31102,Mozambique,1985,1.135,0.09
31103,Mozambique,1986,0.977,0.077
31104,Mozambique,1987,0.977,0.076
31105,Mozambique,1988,1.006,0.079
31106,Mozambique,1989,1.035,0.08
31107,Mozambique,1990,1.025,0.078
31108,Mozambique,1991,0.941,0.071
31109,Mozambique,1992,1.027,0.075
31110,Mozambique,1993,1.14,0.081
31111,Mozambique,1994,1.098,0.073
31112,Mozambique,1995,1.131,0.071
31113,Mozambique,1996,1.092,0.066
31114,Mozambique,1997,1.17,0.069
31115,Mozambique,1998,1.112,0.064
31116,Mozambique,1999,1.168,0.066
31117,Mozambique,2000,1.322,0.073
31118,Mozambique,2001,1.554,0.084
31119,Mozambique,2002,1.537,0.081
31120,Mozambique,2003,1.856,0.096
31121,Mozambique,2004,1.864,0.094
31122,Mozambique,2005,1.77,0.087
31123,Mozambique,2006,1.916,0.092
31124,Mozambique,2007,2.189,0.103
31125,Mozambique,2008,2.18,0.1
31126,Mozambique,2009,2.439,0.109
31127,Mozambique,2010,2.635,0.115
31128,Mozambique,2011,3.107,0.131
31129,Mozambique,2012,3.052,0.125
31130,Mozambique,2013,3.579,0.143
31131,Mozambique,2014,8.122,0.315
31132,Mozambique,2015,6.731,0.254
31133,Mozambique,2016,8.547,0.313
31134,Mozambique,2017,6.905,0.245
31135,Mozambique,2018,7.01,0.242
31136,Mozambique,2019,7.101,0.238
31137,Mozambique,2020,6.376,0.207
31138,Mozambique,2021,7.868,0.248
31139,Mozambique,2022,8.358,0.256
31140,Mozambique,2023,8.023,0.239
31219,Myanmar,1928,3.158,0.244
31220,Myanmar,1929,3.048,0.233
31221,Myanmar,1930,3.085,0.233
31222,Myanmar,1931,2.935,0.219
31223,Myanmar,1932,2.979,0.22
31224,Myanmar,1933,2.997,0.218
31225,Myanmar,1934,3.063,0.22
31226,Myanmar,1935,3.026,0.214
31227,Myanmar,1936,3.111,0.217
31228,Myanmar,1937,3.217,0.222
31229,Myanmar,1938,3.089,0.21
31230,Myanmar,1939,3.232,0.217
31231,Myanmar,1940,3.173,0.21
31232,Myanmar,1941,3.184,0.207
31233,Myanmar,1942,1.026,0.066
31234,Myanmar,1943,0.41,0.026
31235,Myanmar,1944,0.308,0.019
31236,Myanmar,1945,0.297,0.018
31237,Myanmar,1946,0.007,0.0
31238,Myanmar,1947,0.026,0.002
31239,Myanmar,1948,0.154,0.009
31240,Myanmar,1949,0.103,0.006
31241,Myanmar,1950,0.802,0.045
31242,Myanmar,1951,0.916,0.051
31243,Myanmar,1952,1.132,0.061
31244,Myanmar,1953,1.304,0.069
31245,Myanmar,1954,1.462,0.076
31246,Myanmar,1955,1.421,0.073
31247,Myanmar,1956,1.656,0.083
31248,Myanmar,1957,2.099,0.103
31249,Myanmar,1958,2.411,0.116
31250,Myanmar,1959,2.777,0.131
31251,Myanmar,1960,2.715,0.125
31252,Myanmar,1961,2.59,0.117
31253,Myanmar,1962,2.88,0.127
31254,Myanmar,1963,2.634,0.113
31255,Myanmar,1964,2.857,0.12
31256,Myanmar,1965,2.725,0.112
31257,Myanmar,1966,2.806,0.113
31258,Myanmar,1967,3.616,0.142
31259,Myanmar,1968,2.927,0.113
31260,Myanmar,1969,3.213,0.121
31261,Myanmar,1970,4.612,0.17
31262,Myanmar,1971,5.099,0.183
31263,Myanmar,1972,4.894,0.172
31264,Myanmar,1973,4.107,0.141
31265,Myanmar,1974,4.671,0.158
31266,Myanmar,1975,4.583,0.152
31267,Myanmar,1976,4.893,0.159
31268,Myanmar,1977,5.166,0.165
31269,Myanmar,1978,5.146,0.161
31270,Myanmar,1979,5.086,0.156
31271,Myanmar,1980,5.509,0.166
31272,Myanmar,1981,5.623,0.166
31273,Myanmar,1982,5.58,0.162
31274,Myanmar,1983,5.754,0.164
31275,Myanmar,1984,6.549,0.182
31276,Myanmar,1985,6.676,0.182
31277,Myanmar,1986,6.756,0.181
31278,Myanmar,1987,4.943,0.13
31279,Myanmar,1988,4.087,0.106
31280,Myanmar,1989,4.425,0.113
31281,Myanmar,1990,4.236,0.106
31282,Myanmar,1991,4.137,0.102
31283,Myanmar,1992,4.842,0.118
31284,Myanmar,1993,5.303,0.128
31285,Myanmar,1994,6.174,0.147
31286,Myanmar,1995,6.893,0.162
31287,Myanmar,1996,7.188,0.167
31288,Myanmar,1997,7.42,0.17
31289,Myanmar,1998,8.046,0.182
31290,Myanmar,1999,8.934,0.199
31291,Myanmar,2000,10.219,0.226
31292,Myanmar,2001,8.856,0.193
31293,Myanmar,2002,9.328,0.202
31294,Myanmar,2003,9.997,0.214
31295,Myanmar,2004,12.565,0.267
31296,Myanmar,2005,11.555,0.244
31297,Myanmar,2006,12.813,0.268
31298,Myanmar,2007,12.841,0.267
31299,Myanmar,2008,9.772,0.202
31300,Myanmar,2009,10.207,0.21
31301,Myanmar,2010,13.122,0.268
31302,Myanmar,2011,15.122,0.306
31303,Myanmar,2012,11.819,0.237
31304,Myanmar,2013,12.722,0.253
31305,Myanmar,2014,15.849,0.313
31306,Myanmar,2015,21.887,0.428
31307,Myanmar,2016,21.14,0.411
31308,Myanmar,2017,23.63,0.455
31309,Myanmar,2018,34.017,0.651
31310,Myanmar,2019,33.62,0.639
31311,Myanmar,2020,34.588,0.652
31312,Myanmar,2021,29.6,0.554
31313,Myanmar,2022,29.533,0.549
31314,Myanmar,2023,30.233,0.558
31456,Namibia,1991,1.044,0.738
31457,Namibia,1992,1.136,0.777
31458,Namibia,1993,1.374,0.911
31459,Namibia,1994,1.557,1.001
31460,Namibia,1995,1.619,1.011
31461,Namibia,1996,1.718,1.044
31462,Namibia,1997,1.817,1.076
31463,Namibia,1998,1.865,1.076
31464,Namibia,1999,1.74,0.98
31465,Namibia,2000,1.722,0.947
31466,Namibia,2001,2.228,1.2
31467,Namibia,2002,1.971,1.043
31468,Namibia,2003,2.092,1.091
31469,Namibia,2004,2.242,1.155
31470,Namibia,2005,2.528,1.286
31471,Namibia,2006,2.517,1.264
31472,Namibia,2007,2.327,1.153
31473,Namibia,2008,2.858,1.396
31474,Namibia,2009,2.664,1.282
31475,Namibia,2010,2.785,1.32
31476,Namibia,2011,2.782,1.296
31477,Namibia,2012,3.201,1.459
31478,Namibia,2013,3.59,1.594
31479,Namibia,2014,3.74,1.618
31480,Namibia,2015,3.932,1.656
31481,Namibia,2016,3.974,1.629
31482,Namibia,2017,4.099,1.635
31483,Namibia,2018,4.21,1.633
31484,Namibia,2019,4.239,1.599
31485,Namibia,2020,3.832,1.404
31486,Namibia,2021,3.901,1.388
31487,Namibia,2022,4.085,1.414
31488,Namibia,2023,4.174,1.409
31603,Nauru,1964,0.029,5.296
31604,Nauru,1965,0.033,5.636
31605,Nauru,1966,0.033,5.442
31606,Nauru,1967,0.048,7.736
31607,Nauru,1968,0.048,7.503
31608,Nauru,1969,0.066,9.987
31609,Nauru,1970,0.066,9.795
31610,Nauru,1971,0.088,12.97
31611,Nauru,1972,0.077,11.264
31612,Nauru,1973,0.084,12.238
31613,Nauru,1974,0.099,14.247
31614,Nauru,1975,0.103,14.629
31615,Nauru,1976,0.103,14.482
31616,Nauru,1977,0.114,15.811
31617,Nauru,1978,0.114,15.525
31618,Nauru,1979,0.114,15.169
31619,Nauru,1980,0.125,16.242
31620,Nauru,1981,0.125,15.837
31621,Nauru,1982,0.125,15.458
31622,Nauru,1983,0.125,15.118
31623,Nauru,1984,0.125,14.834
31624,Nauru,1985,0.125,14.531
31625,Nauru,1986,0.161,18.393
31626,Nauru,1987,0.158,17.562
31627,Nauru,1988,0.158,17.157
31628,Nauru,1989,0.158,16.739
31629,Nauru,1990,0.125,12.916
31630,Nauru,1991,0.125,12.618
31631,Nauru,1992,0.121,12.041
31632,Nauru,1993,0.114,11.22
31633,Nauru,1994,0.11,10.816
31634,Nauru,1995,0.106,10.431
31635,Nauru,1996,0.103,10.052
31636,Nauru,1997,0.103,10.04
31637,Nauru,1998,0.099,9.68
31638,Nauru,1999,0.092,8.974
31639,Nauru,2000,0.084,8.273
31640,Nauru,2001,0.081,7.944
31641,Nauru,2002,0.077,7.614
31642,Nauru,2003,0.066,6.54
31643,Nauru,2004,0.066,6.54
31644,Nauru,2005,0.062,6.185
31645,Nauru,2006,0.044,4.37
31646,Nauru,2007,0.044,4.379
31647,Nauru,2008,0.044,4.383
31648,Nauru,2009,0.04,4.014
31649,Nauru,2010,0.044,4.368
31650,Nauru,2011,0.04,3.984
31651,Nauru,2012,0.044,4.273
31652,Nauru,2013,0.048,4.52
31653,Nauru,2014,0.051,4.765
31654,Nauru,2015,0.055,5.008
31655,Nauru,2016,0.051,4.591
31656,Nauru,2017,0.055,4.842
31657,Nauru,2018,0.055,4.78
31658,Nauru,2019,0.055,4.734
31659,Nauru,2020,0.051,4.397
31660,Nauru,2021,0.055,4.687
31661,Nauru,2022,0.056,4.761
31662,Nauru,2023,0.057,4.832
31763,Nepal,1950,0.026,0.003
31764,Nepal,1951,0.029,0.003
31765,Nepal,1952,0.029,0.003
31766,Nepal,1953,0.037,0.004
31767,Nepal,1954,0.04,0.004
31768,Nepal,1955,0.044,0.005
31769,Nepal,1956,0.048,0.005
31770,Nepal,1957,0.055,0.006
31771,Nepal,1958,0.059,0.006
31772,Nepal,1959,0.066,0.007
31773,Nepal,1960,0.081,0.008
31774,Nepal,1961,0.081,0.008
31775,Nepal,1962,0.088,0.008
31776,Nepal,1963,0.099,0.009
31777,Nepal,1964,0.15,0.014
31778,Nepal,1965,0.18,0.016
31779,Nepal,1966,0.191,0.017
31780,Nepal,1967,0.213,0.018
31781,Nepal,1968,0.253,0.021
31782,Nepal,1969,0.399,0.033
31783,Nepal,1970,0.227,0.018
31784,Nepal,1971,0.198,0.016
31785,Nepal,1972,0.267,0.021
31786,Nepal,1973,0.421,0.032
31787,Nepal,1974,0.425,0.031
31788,Nepal,1975,0.352,0.025
31789,Nepal,1976,0.282,0.02
31790,Nepal,1977,0.336,0.023
31791,Nepal,1978,0.329,0.022
31792,Nepal,1979,0.512,0.034
31793,Nepal,1980,0.541,0.035
31794,Nepal,1981,0.453,0.028
31795,Nepal,1982,0.442,0.027
31796,Nepal,1983,0.492,0.03
31797,Nepal,1984,0.701,0.041
31798,Nepal,1985,0.676,0.039
31799,Nepal,1986,0.697,0.039
31800,Nepal,1987,0.861,0.047
31801,Nepal,1988,0.976,0.052
31802,Nepal,1989,0.894,0.047
31803,Nepal,1990,0.721,0.037
31804,Nepal,1991,1.026,0.051
31805,Nepal,1992,1.233,0.06
31806,Nepal,1993,1.397,0.066
31807,Nepal,1994,1.619,0.075
31808,Nepal,1995,2.309,0.104
31809,Nepal,1996,2.353,0.103
31810,Nepal,1997,2.641,0.114
31811,Nepal,1998,2.223,0.094
31812,Nepal,1999,3.191,0.132
31813,Nepal,2000,3.037,0.124
31814,Nepal,2001,3.236,0.13
31815,Nepal,2002,2.596,0.103
31816,Nepal,2003,2.81,0.109
31817,Nepal,2004,2.582,0.099
31818,Nepal,2005,2.987,0.114
31819,Nepal,2006,2.456,0.092
31820,Nepal,2007,2.57,0.096
31821,Nepal,2008,3.352,0.124
31822,Nepal,2009,4.129,0.152
31823,Nepal,2010,4.824,0.176
31824,Nepal,2011,5.22,0.19
31825,Nepal,2012,5.47,0.199
31826,Nepal,2013,6.218,0.225
31827,Nepal,2014,7.591,0.274
31828,Nepal,2015,6.905,0.248
31829,Nepal,2016,10.088,0.361
31830,Nepal,2017,12.42,0.443
31831,Nepal,2018,13.999,0.499
31832,Nepal,2019,12.75,0.449
31833,Nepal,2020,15.632,0.54
31834,Nepal,2021,15.724,0.533
31835,Nepal,2022,16.089,0.541
31836,Nepal,2023,16.677,0.562
31933,Netherlands,1846,2.869,0.953
31934,Netherlands,1847,3.869,1.276
31935,Netherlands,1848,3.649,1.195
31936,Netherlands,1849,3.331,1.083
31937,Netherlands,1850,3.136,1.012
31938,Netherlands,1851,3.118,1.0
31939,Netherlands,1852,3.763,1.198
31940,Netherlands,1853,4.17,1.319
31941,Netherlands,1854,5.947,1.868
31942,Netherlands,1855,4.65,1.45
31943,Netherlands,1856,4.723,1.463
31944,Netherlands,1857,4.217,1.298
31945,Netherlands,1858,3.708,1.133
31946,Netherlands,1859,3.525,1.07
31947,Netherlands,1860,4.796,1.444
31948,Netherlands,1861,4.404,1.316
31949,Netherlands,1862,5.672,1.681
31950,Netherlands,1863,4.085,1.201
31951,Netherlands,1864,3.404,0.992
31952,Netherlands,1865,3.847,1.112
31953,Netherlands,1866,4.217,1.209
31954,Netherlands,1867,4.041,1.149
31955,Netherlands,1868,4.239,1.195
31956,Netherlands,1869,4.371,1.221
31957,Netherlands,1870,4.943,1.367
31958,Netherlands,1871,4.979,1.364
31959,Netherlands,1872,5.331,1.444
31960,Netherlands,1873,5.141,1.377
31961,Netherlands,1874,4.741,1.256
31962,Netherlands,1875,5.419,1.419
31963,Netherlands,1876,6.21,1.608
31964,Netherlands,1877,6.309,1.616
31965,Netherlands,1878,6.687,1.693
31966,Netherlands,1879,7.211,1.805
31967,Netherlands,1880,7.973,1.973
31968,Netherlands,1881,8.028,1.964
31969,Netherlands,1882,8.13,1.967
31970,Netherlands,1883,9.01,2.155
31971,Netherlands,1884,9.017,2.132
31972,Netherlands,1885,9.42,2.202
31973,Netherlands,1886,9.618,2.223
31974,Netherlands,1887,9.787,2.236
31975,Netherlands,1888,10.86,2.453
31976,Netherlands,1889,10.611,2.369
31977,Netherlands,1890,10.285,2.269
31978,Netherlands,1891,11.908,2.595
31979,Netherlands,1892,11.322,2.437
31980,Netherlands,1893,11.461,2.436
31981,Netherlands,1894,11.619,2.439
31982,Netherlands,1895,11.626,2.41
31983,Netherlands,1896,12.494,2.558
31984,Netherlands,1897,13.102,2.649
31985,Netherlands,1898,12.934,2.583
31986,Netherlands,1899,13.278,2.617
31987,Netherlands,1900,14.634,2.847
31988,Netherlands,1901,14.312,2.747
31989,Netherlands,1902,14.301,2.707
31990,Netherlands,1903,15.297,2.855
31991,Netherlands,1904,16.166,2.975
31992,Netherlands,1905,16.594,3.011
31993,Netherlands,1906,18.056,3.231
31994,Netherlands,1907,18.576,3.277
31995,Netherlands,1908,18.921,3.291
31996,Netherlands,1909,19.918,3.416
31997,Netherlands,1910,20.834,3.523
31998,Netherlands,1911,22.079,3.68
31999,Netherlands,1912,24.923,4.095
32000,Netherlands,1913,27.55,4.461
32001,Netherlands,1914,25.824,4.121
32002,Netherlands,1915,24.534,3.859
32003,Netherlands,1916,22.398,3.472
32004,Netherlands,1917,8.654,1.322
32005,Netherlands,1918,14.528,2.188
32006,Netherlands,1919,21.98,3.263
32007,Netherlands,1920,22.171,3.244
32008,Netherlands,1921,23.233,3.351
32009,Netherlands,1922,27.271,3.879
32010,Netherlands,1923,27.198,3.814
32011,Netherlands,1924,30.594,4.23
32012,Netherlands,1925,33.592,4.58
32013,Netherlands,1926,34.328,4.615
32014,Netherlands,1927,37.966,5.032
32015,Netherlands,1928,38.007,4.967
32016,Netherlands,1929,41.267,5.32
32017,Netherlands,1930,40.779,5.189
32018,Netherlands,1931,44.956,5.648
32019,Netherlands,1932,41.417,5.139
32020,Netherlands,1933,38.569,4.729
32021,Netherlands,1934,38.628,4.681
32022,Netherlands,1935,37.265,4.462
32023,Netherlands,1936,39.892,4.72
32024,Netherlands,1937,43.999,5.145
32025,Netherlands,1938,43.307,5.004
32026,Netherlands,1939,40.701,4.646
32027,Netherlands,1940,33.438,3.77
32028,Netherlands,1941,37.125,4.134
32029,Netherlands,1942,34.594,3.803
32030,Netherlands,1943,34.927,3.79
32031,Netherlands,1944,23.335,2.499
32032,Netherlands,1945,14.651,1.549
32033,Netherlands,1946,31.102,3.246
32034,Netherlands,1947,44.603,4.594
32035,Netherlands,1948,47.263,4.805
32036,Netherlands,1949,50.499,5.068
32037,Netherlands,1950,51.286,5.071
32038,Netherlands,1951,54.968,5.355
32039,Netherlands,1952,54.715,5.27
32040,Netherlands,1953,55.264,5.267
32041,Netherlands,1954,58.393,5.501
32042,Netherlands,1955,60.986,5.673
32043,Netherlands,1956,65.079,5.976
32044,Netherlands,1957,64.408,5.841
32045,Netherlands,1958,66.69,5.961
32046,Netherlands,1959,67.118,5.914
32047,Netherlands,1960,73.438,6.393
32048,Netherlands,1961,75.819,6.514
32049,Netherlands,1962,83.282,7.053
32050,Netherlands,1963,91.145,7.615
32051,Netherlands,1964,96.777,7.977
32052,Netherlands,1965,100.404,8.162
32053,Netherlands,1966,103.558,8.308
32054,Netherlands,1967,106.682,8.462
32055,Netherlands,1968,113.446,8.904
32056,Netherlands,1969,115.802,8.983
32057,Netherlands,1970,141.803,10.864
32058,Netherlands,1971,140.666,10.65
32059,Netherlands,1972,157.495,11.804
32060,Netherlands,1973,165.26,12.284
32061,Netherlands,1974,159.985,11.799
32062,Netherlands,1975,152.525,11.149
32063,Netherlands,1976,169.131,12.268
32064,Netherlands,1977,163.606,11.797
32065,Netherlands,1978,169.793,12.168
32066,Netherlands,1979,187.007,13.31
32067,Netherlands,1980,176.632,12.472
32068,Netherlands,1981,164.11,11.506
32069,Netherlands,1982,133.487,9.313
32070,Netherlands,1983,137.357,9.541
32071,Netherlands,1984,144.073,9.962
32072,Netherlands,1985,146.98,10.109
32073,Netherlands,1986,144.014,9.846
32074,Netherlands,1987,151.48,10.287
32075,Netherlands,1988,145.603,9.821
32076,Netherlands,1989,161.664,10.835
32077,Netherlands,1990,162.797,10.831
32078,Netherlands,1991,171.193,11.296
32079,Netherlands,1992,170.997,11.193
32080,Netherlands,1993,170.964,11.109
32081,Netherlands,1994,171.731,11.09
32082,Netherlands,1995,173.261,11.131
32083,Netherlands,1996,182.323,11.657
32084,Netherlands,1997,175.247,11.145
32085,Netherlands,1998,176.179,11.131
32086,Netherlands,1999,170.835,10.717
32087,Netherlands,2000,171.936,10.707
32088,Netherlands,2001,177.247,10.953
32089,Netherlands,2002,176.525,10.838
32090,Netherlands,2003,179.964,10.996
32091,Netherlands,2004,181.892,11.074
32092,Netherlands,2005,177.931,10.806
32093,Netherlands,2006,173.085,10.494
32094,Netherlands,2007,172.833,10.455
32095,Netherlands,2008,175.705,10.586
32096,Netherlands,2009,170.234,10.203
32097,Netherlands,2010,182.289,10.869
32098,Netherlands,2011,169.162,10.039
32099,Netherlands,2012,165.575,9.789
32100,Netherlands,2013,164.758,9.71
32101,Netherlands,2014,157.342,9.239
32102,Netherlands,2015,163.743,9.571
32103,Netherlands,2016,164.608,9.568
32104,Netherlands,2017,162.078,9.36
32105,Netherlands,2018,158.042,9.072
32106,Netherlands,2019,152.422,8.691
32107,Netherlands,2020,136.67,7.749
32108,Netherlands,2021,139.684,7.878
32109,Netherlands,2022,127.241,7.107
32110,Netherlands,2023,118.668,6.559
32210,New Caledonia,1950,0.22,3.445
32211,New Caledonia,1951,0.282,4.358
32212,New Caledonia,1952,0.473,7.188
32213,New Caledonia,1953,0.399,5.977
32214,New Caledonia,1954,0.52,7.655
32215,New Caledonia,1955,0.7,10.117
32216,New Caledonia,1956,1.165,16.496
32217,New Caledonia,1957,1.066,14.693
32218,New Caledonia,1958,0.74,9.888
32219,New Caledonia,1959,0.59,7.633
32220,New Caledonia,1960,0.861,10.786
32221,New Caledonia,1961,0.887,10.743
32222,New Caledonia,1962,0.564,6.611
32223,New Caledonia,1963,0.619,7.031
32224,New Caledonia,1964,1.099,12.13
32225,New Caledonia,1965,1.231,13.213
32226,New Caledonia,1966,1.51,15.752
32227,New Caledonia,1967,1.473,14.939
32228,New Caledonia,1968,1.839,18.129
32229,New Caledonia,1969,1.557,14.85
32230,New Caledonia,1970,2.393,21.881
32231,New Caledonia,1971,2.418,21.116
32232,New Caledonia,1972,1.704,14.204
32233,New Caledonia,1973,2.598,20.682
32234,New Caledonia,1974,2.781,21.153
32235,New Caledonia,1975,2.528,18.389
32236,New Caledonia,1976,2.388,16.807
32237,New Caledonia,1977,2.139,14.791
32238,New Caledonia,1978,1.541,10.528
32239,New Caledonia,1979,1.64,11.07
32240,New Caledonia,1980,1.999,13.339
32241,New Caledonia,1981,1.39,9.18
32242,New Caledonia,1982,1.262,8.246
32243,New Caledonia,1983,1.151,7.426
32244,New Caledonia,1984,1.202,7.628
32245,New Caledonia,1985,1.451,9.054
32246,New Caledonia,1986,1.401,8.599
32247,New Caledonia,1987,1.454,8.78
32248,New Caledonia,1988,1.501,8.908
32249,New Caledonia,1989,1.64,9.53
32250,New Caledonia,1990,1.576,8.933
32251,New Caledonia,1991,1.759,9.703
32252,New Caledonia,1992,1.575,8.466
32253,New Caledonia,1993,1.828,9.579
32254,New Caledonia,1994,1.971,10.076
32255,New Caledonia,1995,2.063,10.295
32256,New Caledonia,1996,2.184,10.651
32257,New Caledonia,1997,1.817,8.672
32258,New Caledonia,1998,1.81,8.456
32259,New Caledonia,1999,2.056,9.406
32260,New Caledonia,2000,2.22,9.952
32261,New Caledonia,2001,1.877,8.241
32262,New Caledonia,2002,2.392,10.301
32263,New Caledonia,2003,2.726,11.516
32264,New Caledonia,2004,2.515,10.441
32265,New Caledonia,2005,2.81,11.497
32266,New Caledonia,2006,2.707,10.933
32267,New Caledonia,2007,2.927,11.673
32268,New Caledonia,2008,2.848,11.22
32269,New Caledonia,2009,3.036,11.801
32270,New Caledonia,2010,3.658,13.983
32271,New Caledonia,2011,3.694,13.86
32272,New Caledonia,2012,3.706,13.641
32273,New Caledonia,2013,3.97,14.341
32274,New Caledonia,2014,5.009,17.811
32275,New Caledonia,2015,4.877,17.222
32276,New Caledonia,2016,5.482,19.341
32277,New Caledonia,2017,5.584,19.692
32278,New Caledonia,2018,5.913,20.853
32279,New Caledonia,2019,5.673,20.002
32280,New Caledonia,2020,5.109,17.978
32281,New Caledonia,2021,4.537,15.906
32282,New Caledonia,2022,5.115,17.815
32283,New Caledonia,2023,5.068,17.482
32284,New Zealand,1750,0.0,0.0
32294,New Zealand,1760,0.0,0.0
32304,New Zealand,1770,0.0,0.0
32314,New Zealand,1780,0.0,0.0
32324,New Zealand,1790,0.0,0.0
32334,New Zealand,1800,0.0,0.0
32335,New Zealand,1801,0.0,0.0
32336,New Zealand,1802,0.0,0.0
32337,New Zealand,1803,0.0,0.0
32338,New Zealand,1804,0.0,0.0
32339,New Zealand,1805,0.0,0.0
32340,New Zealand,1806,0.0,0.0
32341,New Zealand,1807,0.0,0.0
32342,New Zealand,1808,0.0,0.0
32343,New Zealand,1809,0.0,0.0
32344,New Zealand,1810,0.0,0.0
32345,New Zealand,1811,0.0,0.0
32346,New Zealand,1812,0.0,0.0
32347,New Zealand,1813,0.0,0.0
32348,New Zealand,1814,0.0,0.0
32349,New Zealand,1815,0.0,0.0
32350,New Zealand,1816,0.0,0.0
32351,New Zealand,1817,0.0,0.0
32352,New Zealand,1818,0.0,0.0
32353,New Zealand,1819,0.0,0.0
32354,New Zealand,1820,0.0,0.0
32355,New Zealand,1821,0.0,0.0
32356,New Zealand,1822,0.0,0.0
32357,New Zealand,1823,0.0,0.0
32358,New Zealand,1824,0.0,0.0
32359,New Zealand,1825,0.0,0.0
32360,New Zealand,1826,0.0,0.0
32361,New Zealand,1827,0.0,0.0
32362,New Zealand,1828,0.0,0.0
32363,New Zealand,1829,0.0,0.0
32364,New Zealand,1830,0.0,0.0
32365,New Zealand,1831,0.0,0.0
32366,New Zealand,1832,0.0,0.0
32367,New Zealand,1833,0.0,0.0
32368,New Zealand,1834,0.0,0.0
32369,New Zealand,1835,0.0,0.0
32370,New Zealand,1836,0.0,0.0
32371,New Zealand,1837,0.0,0.0
32372,New Zealand,1838,0.0,0.0
32373,New Zealand,1839,0.0,0.0
32374,New Zealand,1840,0.0,0.0
32375,New Zealand,1841,0.0,0.0
32376,New Zealand,1842,0.0,0.0
32377,New Zealand,1843,0.0,0.0
32378,New Zealand,1844,0.0,0.0
32379,New Zealand,1845,0.0,0.0
32380,New Zealand,1846,0.0,0.0
32381,New Zealand,1847,0.0,0.0
32382,New Zealand,1848,0.0,0.0
32383,New Zealand,1849,0.0,0.0
32384,New Zealand,1850,0.0,0.0
32385,New Zealand,1851,0.0,0.0
32386,New Zealand,1852,0.0,0.0
32387,New Zealand,1853,0.0,0.0
32388,New Zealand,1854,0.0,0.0
32389,New Zealand,1855,0.0,0.0
32390,New Zealand,1856,0.0,0.0
32391,New Zealand,1857,0.0,0.0
32392,New Zealand,1858,0.0,0.0
32393,New Zealand,1859,0.0,0.0
32394,New Zealand,1860,0.0,0.0
32395,New Zealand,1861,0.0,0.0
32396,New Zealand,1862,0.0,0.0
32397,New Zealand,1863,0.0,0.0
32398,New Zealand,1864,0.0,0.0
32399,New Zealand,1865,0.0,0.0
32400,New Zealand,1866,0.0,0.0
32401,New Zealand,1867,0.0,0.0
32402,New Zealand,1868,0.0,0.0
32403,New Zealand,1869,0.0,0.0
32404,New Zealand,1870,0.0,0.0
32405,New Zealand,1871,0.0,0.0
32406,New Zealand,1872,0.0,0.0
32407,New Zealand,1873,0.0,0.0
32408,New Zealand,1874,0.0,0.0
32409,New Zealand,1875,0.0,0.0
32410,New Zealand,1876,0.0,0.0
32411,New Zealand,1877,0.0,0.0
32412,New Zealand,1878,0.355,0.766
32413,New Zealand,1879,0.506,1.036
32414,New Zealand,1880,0.656,1.286
32415,New Zealand,1881,0.736,1.391
32416,New Zealand,1882,0.828,1.517
32417,New Zealand,1883,0.927,1.657
32418,New Zealand,1884,1.059,1.847
32419,New Zealand,1885,1.129,1.92
32420,New Zealand,1886,1.18,1.959
32421,New Zealand,1887,1.238,2.006
32422,New Zealand,1888,1.363,2.155
32423,New Zealand,1889,1.312,2.025
32424,New Zealand,1890,1.422,2.147
32425,New Zealand,1891,1.491,2.204
32426,New Zealand,1892,1.502,2.176
32427,New Zealand,1893,1.543,2.191
32428,New Zealand,1894,1.608,2.241
32429,New Zealand,1895,1.623,2.218
32430,New Zealand,1896,1.77,2.373
32431,New Zealand,1897,1.876,2.467
32432,New Zealand,1898,2.023,2.609
32433,New Zealand,1899,2.176,2.75
32434,New Zealand,1900,2.44,3.016
32435,New Zealand,1901,2.741,3.309
32436,New Zealand,1902,3.041,3.583
32437,New Zealand,1903,3.169,3.639
32438,New Zealand,1904,3.433,3.841
32439,New Zealand,1905,3.539,3.859
32440,New Zealand,1906,3.862,4.104
32441,New Zealand,1907,4.085,4.231
32442,New Zealand,1908,4.151,4.189
32443,New Zealand,1909,4.265,4.202
32444,New Zealand,1910,4.902,4.724
32445,New Zealand,1911,4.609,4.351
32446,New Zealand,1912,4.862,4.504
32447,New Zealand,1913,4.214,3.837
32448,New Zealand,1914,5.082,4.549
32449,New Zealand,1915,4.932,4.34
32450,New Zealand,1916,5.038,4.358
32451,New Zealand,1917,4.617,3.925
32452,New Zealand,1918,4.543,3.797
32453,New Zealand,1919,4.129,3.391
32454,New Zealand,1920,3.558,2.871
32455,New Zealand,1921,3.499,2.773
32456,New Zealand,1922,3.561,2.771
32457,New Zealand,1923,3.836,2.931
32458,New Zealand,1924,3.99,2.992
32459,New Zealand,1925,4.089,3.01
32460,New Zealand,1926,4.272,3.088
32461,New Zealand,1927,4.496,3.19
32462,New Zealand,1928,4.715,3.284
32463,New Zealand,1929,4.894,3.353
32464,New Zealand,1930,4.865,3.284
32465,New Zealand,1931,4.239,2.825
32466,New Zealand,1932,3.539,2.333
32467,New Zealand,1933,3.546,2.316
32468,New Zealand,1934,3.983,2.578
32469,New Zealand,1935,4.151,2.662
32470,New Zealand,1936,4.176,2.654
32471,New Zealand,1937,4.381,2.759
32472,New Zealand,1938,4.246,2.649
32473,New Zealand,1939,4.462,2.755
32474,New Zealand,1940,4.759,2.904
32475,New Zealand,1941,5.0,3.013
32476,New Zealand,1942,5.096,3.027
32477,New Zealand,1943,5.371,3.141
32478,New Zealand,1944,5.469,3.15
32479,New Zealand,1945,5.62,3.187
32480,New Zealand,1946,5.532,3.09
32481,New Zealand,1947,5.451,2.998
32482,New Zealand,1948,5.502,2.98
32483,New Zealand,1949,5.609,2.987
32484,New Zealand,1950,8.569,4.483
32485,New Zealand,1951,8.17,4.187
32486,New Zealand,1952,9.32,4.665
32487,New Zealand,1953,8.551,4.176
32488,New Zealand,1954,9.067,4.328
32489,New Zealand,1955,9.393,4.39
32490,New Zealand,1956,9.675,4.428
32491,New Zealand,1957,10.305,4.613
32492,New Zealand,1958,10.18,4.455
32493,New Zealand,1959,10.319,4.422
32494,New Zealand,1960,11.532,4.846
32495,New Zealand,1961,11.755,4.838
32496,New Zealand,1962,11.198,4.507
32497,New Zealand,1963,12.217,4.813
32498,New Zealand,1964,13.092,5.057
32499,New Zealand,1965,13.685,5.191
32500,New Zealand,1966,14.0,5.219
32501,New Zealand,1967,13.627,5.004
32502,New Zealand,1968,13.473,4.891
32503,New Zealand,1969,14.257,5.12
32504,New Zealand,1970,14.18,5.024
32505,New Zealand,1971,15.049,5.249
32506,New Zealand,1972,16.19,5.546
32507,New Zealand,1973,18.2,6.11
32508,New Zealand,1974,18.76,6.169
32509,New Zealand,1975,18.27,5.905
32510,New Zealand,1976,19.249,6.156
32511,New Zealand,1977,20.313,6.469
32512,New Zealand,1978,18.024,5.736
32513,New Zealand,1979,16.494,5.25
32514,New Zealand,1980,17.479,5.555
32515,New Zealand,1981,16.561,5.241
32516,New Zealand,1982,18.27,5.736
32517,New Zealand,1983,17.998,5.591
32518,New Zealand,1984,19.337,5.95
32519,New Zealand,1985,21.858,6.688
32520,New Zealand,1986,22.946,6.993
32521,New Zealand,1987,24.165,7.324
32522,New Zealand,1988,25.449,7.675
32523,New Zealand,1989,25.453,7.635
32524,New Zealand,1990,25.497,7.506
32525,New Zealand,1991,26.176,7.52
32526,New Zealand,1992,28.162,7.973
32527,New Zealand,1993,27.755,7.767
32528,New Zealand,1994,27.895,7.704
32529,New Zealand,1995,28.001,7.62
32530,New Zealand,1996,29.301,7.857
32531,New Zealand,1997,31.274,8.28
32532,New Zealand,1998,29.853,7.833
32533,New Zealand,1999,31.461,8.202
32534,New Zealand,2000,32.241,8.358
32535,New Zealand,2001,34.379,8.834
32536,New Zealand,2002,34.542,8.742
32537,New Zealand,2003,36.243,9.01
32538,New Zealand,2004,35.837,8.775
32539,New Zealand,2005,37.425,9.051
32540,New Zealand,2006,37.33,8.926
32541,New Zealand,2007,36.409,8.621
32542,New Zealand,2008,37.506,8.801
32543,New Zealand,2009,34.617,8.043
32544,New Zealand,2010,34.808,8.006
32545,New Zealand,2011,34.262,7.818
32546,New Zealand,2012,35.941,8.147
32547,New Zealand,2013,35.238,7.912
32548,New Zealand,2014,35.435,7.834
32549,New Zealand,2015,35.802,7.759
32550,New Zealand,2016,34.146,7.242
32551,New Zealand,2017,35.685,7.415
32552,New Zealand,2018,35.703,7.285
32553,New Zealand,2019,36.732,7.362
32554,New Zealand,2020,34.023,6.711
32555,New Zealand,2021,34.323,6.72
32556,New Zealand,2022,31.61,6.16
32557,New Zealand,2023,30.119,5.823
32578,Nicaragua,1870,0.0,0.0
32579,Nicaragua,1871,0.0,0.0
32580,Nicaragua,1872,0.0,0.0
32581,Nicaragua,1873,0.0,0.0
32582,Nicaragua,1874,0.0,0.0
32583,Nicaragua,1875,0.0,0.0
32584,Nicaragua,1876,0.0,0.0
32585,Nicaragua,1877,0.0,0.0
32586,Nicaragua,1878,0.001,0.001
32587,Nicaragua,1879,0.001,0.002
32588,Nicaragua,1880,0.001,0.001
32589,Nicaragua,1881,0.0,0.0
32590,Nicaragua,1882,0.0,0.0
32591,Nicaragua,1883,0.001,0.001
32592,Nicaragua,1884,0.002,0.004
32593,Nicaragua,1885,0.001,0.002
32594,Nicaragua,1886,0.0,0.001
32595,Nicaragua,1887,0.001,0.002
32596,Nicaragua,1888,0.002,0.003
32597,Nicaragua,1889,0.007,0.015
32598,Nicaragua,1890,0.017,0.035
32599,Nicaragua,1891,0.028,0.058
32600,Nicaragua,1892,0.022,0.045
32601,Nicaragua,1893,0.011,0.022
32602,Nicaragua,1894,0.013,0.026
32603,Nicaragua,1895,0.01,0.019
32604,Nicaragua,1896,0.005,0.011
32605,Nicaragua,1897,0.005,0.01
32606,Nicaragua,1898,0.005,0.01
32607,Nicaragua,1899,0.006,0.011
32608,Nicaragua,1900,0.007,0.012
32609,Nicaragua,1901,0.008,0.014
32610,Nicaragua,1902,0.008,0.013
32611,Nicaragua,1903,0.008,0.014
32612,Nicaragua,1904,0.007,0.012
32613,Nicaragua,1905,0.006,0.01
32614,Nicaragua,1906,0.006,0.01
32615,Nicaragua,1907,0.005,0.008
32616,Nicaragua,1908,0.004,0.007
32617,Nicaragua,1909,0.004,0.007
32618,Nicaragua,1910,0.005,0.007
32619,Nicaragua,1911,0.007,0.01
32620,Nicaragua,1912,0.005,0.008
32621,Nicaragua,1913,0.004,0.005
32622,Nicaragua,1914,0.004,0.006
32623,Nicaragua,1915,0.004,0.006
32624,Nicaragua,1916,0.006,0.008
32625,Nicaragua,1917,0.007,0.01
32626,Nicaragua,1918,0.007,0.009
32627,Nicaragua,1919,0.006,0.008
32628,Nicaragua,1920,0.003,0.004
32629,Nicaragua,1921,0.005,0.006
32630,Nicaragua,1922,0.003,0.003
32631,Nicaragua,1923,0.009,0.012
32632,Nicaragua,1924,0.014,0.018
32633,Nicaragua,1925,0.007,0.009
32634,Nicaragua,1926,0.017,0.021
32635,Nicaragua,1927,0.003,0.003
32636,Nicaragua,1928,0.001,0.002
32637,Nicaragua,1929,0.001,0.001
32638,Nicaragua,1930,0.001,0.001
32639,Nicaragua,1931,0.0,0.0
32640,Nicaragua,1932,0.0,0.0
32641,Nicaragua,1933,0.0,0.0
32642,Nicaragua,1934,0.0,0.0
32643,Nicaragua,1935,0.0,0.0
32644,Nicaragua,1936,0.0,0.0
32645,Nicaragua,1937,0.0,0.0
32646,Nicaragua,1938,0.0,0.0
32647,Nicaragua,1939,0.0,0.0
32648,Nicaragua,1940,0.0,0.0
32649,Nicaragua,1941,0.0,0.0
32650,Nicaragua,1942,0.0,0.0
32651,Nicaragua,1943,0.008,0.007
32652,Nicaragua,1944,0.004,0.004
32653,Nicaragua,1945,0.007,0.006
32654,Nicaragua,1946,0.004,0.003
32655,Nicaragua,1947,0.007,0.006
32656,Nicaragua,1948,0.008,0.006
32657,Nicaragua,1949,0.008,0.006
32658,Nicaragua,1950,0.191,0.143
32659,Nicaragua,1951,0.201,0.147
32660,Nicaragua,1952,0.275,0.195
32661,Nicaragua,1953,0.286,0.197
32662,Nicaragua,1954,0.315,0.211
32663,Nicaragua,1955,0.392,0.255
32664,Nicaragua,1956,0.377,0.238
32665,Nicaragua,1957,0.418,0.256
32666,Nicaragua,1958,0.601,0.358
32667,Nicaragua,1959,0.48,0.277
32668,Nicaragua,1960,0.531,0.298
32669,Nicaragua,1961,0.56,0.305
32670,Nicaragua,1962,0.659,0.348
32671,Nicaragua,1963,0.843,0.432
32672,Nicaragua,1964,0.949,0.472
32673,Nicaragua,1965,0.78,0.376
32674,Nicaragua,1966,0.96,0.449
32675,Nicaragua,1967,1.08,0.49
32676,Nicaragua,1968,1.231,0.541
32677,Nicaragua,1969,1.286,0.547
32678,Nicaragua,1970,1.403,0.579
32679,Nicaragua,1971,1.505,0.602
32680,Nicaragua,1972,1.604,0.623
32681,Nicaragua,1973,1.828,0.69
32682,Nicaragua,1974,1.948,0.713
32683,Nicaragua,1975,1.927,0.684
32684,Nicaragua,1976,2.222,0.765
32685,Nicaragua,1977,2.833,0.947
32686,Nicaragua,1978,2.627,0.853
32687,Nicaragua,1979,1.709,0.54
32688,Nicaragua,1980,2.022,0.622
32689,Nicaragua,1981,2.135,0.638
32690,Nicaragua,1982,2.111,0.614
32691,Nicaragua,1983,1.997,0.566
32692,Nicaragua,1984,1.846,0.51
32693,Nicaragua,1985,1.985,0.536
32694,Nicaragua,1986,2.256,0.594
32695,Nicaragua,1987,2.431,0.626
32696,Nicaragua,1988,2.24,0.564
32697,Nicaragua,1989,1.468,0.361
32698,Nicaragua,1990,2.044,0.491
32699,Nicaragua,1991,1.986,0.466
32700,Nicaragua,1992,2.373,0.545
32701,Nicaragua,1993,2.282,0.512
32702,Nicaragua,1994,2.518,0.553
32703,Nicaragua,1995,2.755,0.593
32704,Nicaragua,1996,2.847,0.602
32705,Nicaragua,1997,3.114,0.648
32706,Nicaragua,1998,3.393,0.695
32707,Nicaragua,1999,3.597,0.726
32708,Nicaragua,2000,3.721,0.741
32709,Nicaragua,2001,3.922,0.771
32710,Nicaragua,2002,3.99,0.775
32711,Nicaragua,2003,4.335,0.832
32712,Nicaragua,2004,4.378,0.83
32713,Nicaragua,2005,4.27,0.799
32714,Nicaragua,2006,4.418,0.815
32715,Nicaragua,2007,4.551,0.828
32716,Nicaragua,2008,4.365,0.783
32717,Nicaragua,2009,4.445,0.786
32718,Nicaragua,2010,4.468,0.779
32719,Nicaragua,2011,4.806,0.826
32720,Nicaragua,2012,4.55,0.771
32721,Nicaragua,2013,4.605,0.77
32722,Nicaragua,2014,4.745,0.782
32723,Nicaragua,2015,5.431,0.883
32724,Nicaragua,2016,5.406,0.867
32725,Nicaragua,2017,5.461,0.865
32726,Nicaragua,2018,5.199,0.812
32727,Nicaragua,2019,5.223,0.805
32728,Nicaragua,2020,4.66,0.71
32729,Nicaragua,2021,5.145,0.774
32730,Nicaragua,2022,5.296,0.787
32731,Nicaragua,2023,5.588,0.819
32832,Niger,1950,0.028,0.011
32833,Niger,1951,0.024,0.009
32834,Niger,1952,0.027,0.01
32835,Niger,1953,0.022,0.008
32836,Niger,1954,0.026,0.009
32837,Niger,1955,0.026,0.009
32838,Niger,1956,0.03,0.01
32839,Niger,1957,0.031,0.01
32840,Niger,1958,0.026,0.008
32841,Niger,1959,0.022,0.006
32842,Niger,1960,0.029,0.008
32843,Niger,1961,0.055,0.015
32844,Niger,1962,0.066,0.018
32845,Niger,1963,0.088,0.023
32846,Niger,1964,0.095,0.024
32847,Niger,1965,0.092,0.023
32848,Niger,1966,0.136,0.033
32849,Niger,1967,0.132,0.031
32850,Niger,1968,0.161,0.037
32851,Niger,1969,0.19,0.042
32852,Niger,1970,0.216,0.046
32853,Niger,1971,0.23,0.048
32854,Niger,1972,0.252,0.051
32855,Niger,1973,0.327,0.065
32856,Niger,1974,0.288,0.056
32857,Niger,1975,0.333,0.063
32858,Niger,1976,0.331,0.061
32859,Niger,1977,0.363,0.065
32860,Niger,1978,0.413,0.071
32861,Niger,1979,0.476,0.08
32862,Niger,1980,0.566,0.092
32863,Niger,1981,0.68,0.108
32864,Niger,1982,0.742,0.114
32865,Niger,1983,0.958,0.143
32866,Niger,1984,0.987,0.143
32867,Niger,1985,0.99,0.139
32868,Niger,1986,0.894,0.122
32869,Niger,1987,0.993,0.131
32870,Niger,1988,0.983,0.126
32871,Niger,1989,1.034,0.129
32872,Niger,1990,0.599,0.072
32873,Niger,1991,0.566,0.066
32874,Niger,1992,0.525,0.059
32875,Niger,1993,0.598,0.066
32876,Niger,1994,0.577,0.061
32877,Niger,1995,0.558,0.057
32878,Niger,1996,0.639,0.064
32879,Niger,1997,0.644,0.062
32880,Niger,1998,0.696,0.065
32881,Niger,1999,0.682,0.061
32882,Niger,2000,0.687,0.06
32883,Niger,2001,0.646,0.054
32884,Niger,2002,0.685,0.055
32885,Niger,2003,0.744,0.058
32886,Niger,2004,0.792,0.06
32887,Niger,2005,0.691,0.05
32888,Niger,2006,0.671,0.047
32889,Niger,2007,0.71,0.048
32890,Niger,2008,0.792,0.052
32891,Niger,2009,0.952,0.06
32892,Niger,2010,1.16,0.07
32893,Niger,2011,1.317,0.077
32894,Niger,2012,1.844,0.103
32895,Niger,2013,2.078,0.112
32896,Niger,2014,2.256,0.117
32897,Niger,2015,2.206,0.111
32898,Niger,2016,2.145,0.104
32899,Niger,2017,2.25,0.105
32900,Niger,2018,1.803,0.081
32901,Niger,2019,2.513,0.11
32902,Niger,2020,2.461,0.104
32903,Niger,2021,2.713,0.111
32904,Niger,2022,2.697,0.107
32905,Niger,2023,2.598,0.099
32971,Nigeria,1915,0.018,0.001
32972,Nigeria,1916,0.066,0.003
32973,Nigeria,1917,0.224,0.01
32974,Nigeria,1918,0.399,0.018
32975,Nigeria,1919,0.37,0.016
32976,Nigeria,1920,0.487,0.021
32977,Nigeria,1921,0.572,0.025
32978,Nigeria,1922,0.304,0.013
32979,Nigeria,1923,0.473,0.02
32980,Nigeria,1924,0.542,0.022
32981,Nigeria,1925,0.645,0.026
32982,Nigeria,1926,0.876,0.035
32983,Nigeria,1927,0.967,0.038
32984,Nigeria,1928,0.967,0.037
32985,Nigeria,1929,0.931,0.035
32986,Nigeria,1930,0.938,0.035
32987,Nigeria,1931,0.883,0.033
32988,Nigeria,1932,0.678,0.025
32989,Nigeria,1933,0.634,0.023
32990,Nigeria,1934,0.7,0.025
32991,Nigeria,1935,0.696,0.024
32992,Nigeria,1936,0.788,0.027
32993,Nigeria,1937,0.978,0.033
32994,Nigeria,1938,0.975,0.032
32995,Nigeria,1939,0.821,0.027
32996,Nigeria,1940,0.835,0.027
32997,Nigeria,1941,0.989,0.031
32998,Nigeria,1942,1.242,0.039
32999,Nigeria,1943,1.363,0.042
33000,Nigeria,1944,1.656,0.05
33001,Nigeria,1945,1.381,0.041
33002,Nigeria,1946,1.638,0.047
33003,Nigeria,1947,1.561,0.044
33004,Nigeria,1948,1.638,0.046
33005,Nigeria,1949,1.484,0.041
33006,Nigeria,1950,2.257,0.061
33007,Nigeria,1951,1.685,0.044
33008,Nigeria,1952,2.18,0.056
33009,Nigeria,1953,2.437,0.062
33010,Nigeria,1954,2.572,0.064
33011,Nigeria,1955,2.697,0.066
33012,Nigeria,1956,3.012,0.072
33013,Nigeria,1957,3.184,0.075
33014,Nigeria,1958,3.722,0.086
33015,Nigeria,1959,3.565,0.081
33016,Nigeria,1960,3.403,0.076
33017,Nigeria,1961,4.11,0.089
33018,Nigeria,1962,4.175,0.089
33019,Nigeria,1963,5.344,0.111
33020,Nigeria,1964,7.267,0.148
33021,Nigeria,1965,11.75,0.235
33022,Nigeria,1966,12.893,0.252
33023,Nigeria,1967,12.824,0.245
33024,Nigeria,1968,6.626,0.124
33025,Nigeria,1969,12.1,0.221
33026,Nigeria,1970,21.52,0.385
33027,Nigeria,1971,32.252,0.564
33028,Nigeria,1972,41.388,0.706
33029,Nigeria,1973,49.532,0.824
33030,Nigeria,1974,62.235,1.009
33031,Nigeria,1975,47.352,0.747
33032,Nigeria,1976,55.19,0.846
33033,Nigeria,1977,50.505,0.751
33034,Nigeria,1978,48.223,0.696
33035,Nigeria,1979,70.186,0.982
33036,Nigeria,1980,68.035,0.922
33037,Nigeria,1981,65.811,0.865
33038,Nigeria,1982,65.394,0.834
33039,Nigeria,1983,59.705,0.742
33040,Nigeria,1984,69.406,0.841
33041,Nigeria,1985,69.636,0.82
33042,Nigeria,1986,73.192,0.839
33043,Nigeria,1987,59.024,0.659
33044,Nigeria,1988,70.421,0.765
33045,Nigeria,1989,42.119,0.446
33046,Nigeria,1990,38.857,0.4
33047,Nigeria,1991,41.929,0.42
33048,Nigeria,1992,46.265,0.452
33049,Nigeria,1993,44.814,0.426
33050,Nigeria,1994,80.462,0.745
33051,Nigeria,1995,84.343,0.761
33052,Nigeria,1996,97.89,0.861
33053,Nigeria,1997,95.782,0.82
33054,Nigeria,1998,86.493,0.722
33055,Nigeria,1999,84.992,0.691
33056,Nigeria,2000,97.64,0.773
33057,Nigeria,2001,100.954,0.777
33058,Nigeria,2002,90.479,0.678
33059,Nigeria,2003,100.764,0.734
33060,Nigeria,2004,95.553,0.677
33061,Nigeria,2005,102.321,0.706
33062,Nigeria,2006,90.987,0.61
33063,Nigeria,2007,83.386,0.544
33064,Nigeria,2008,90.395,0.574
33065,Nigeria,2009,80.346,0.496
33066,Nigeria,2010,114.533,0.687
33067,Nigeria,2011,129.196,0.754
33068,Nigeria,2012,114.071,0.647
33069,Nigeria,2013,122.647,0.677
33070,Nigeria,2014,129.276,0.695
33071,Nigeria,2015,115.831,0.607
33072,Nigeria,2016,123.853,0.634
33073,Nigeria,2017,118.72,0.593
33074,Nigeria,2018,112.612,0.549
33075,Nigeria,2019,133.824,0.639
33076,Nigeria,2020,129.497,0.605
33077,Nigeria,2021,135.07,0.618
33078,Nigeria,2022,131.568,0.59
33079,Nigeria,2023,128.54,0.564
33200,Niue,1970,0.004,0.714
33201,Niue,1971,0.004,0.724
33202,Niue,1972,0.004,0.746
33203,Niue,1973,0.004,0.777
33204,Niue,1974,0.004,0.815
33205,Niue,1975,0.004,0.862
33206,Niue,1976,0.004,0.913
33207,Niue,1977,0.004,0.947
33208,Niue,1978,0.004,0.97
33209,Niue,1979,0.004,0.998
33210,Niue,1980,0.004,1.032
33211,Niue,1981,0.004,1.074
33212,Niue,1982,0.004,1.117
33213,Niue,1983,0.004,1.171
33214,Niue,1984,0.004,1.232
33215,Niue,1985,0.004,1.307
33216,Niue,1986,0.004,1.378
33217,Niue,1987,0.004,1.418
33218,Niue,1988,0.004,1.432
33219,Niue,1989,0.004,1.444
33220,Niue,1990,0.007,2.924
33221,Niue,1991,0.007,2.96
33222,Niue,1992,0.007,3.0
33223,Niue,1993,0.007,3.05
33224,Niue,1994,0.007,3.102
33225,Niue,1995,0.007,3.15
33226,Niue,1996,0.007,3.2
33227,Niue,1997,0.007,3.269
33228,Niue,1998,0.007,3.351
33229,Niue,1999,0.007,3.428
33230,Niue,2000,0.007,3.544
33231,Niue,2001,0.007,3.651
33232,Niue,2002,0.007,3.729
33233,Niue,2003,0.004,1.9
33234,Niue,2004,0.004,1.938
33235,Niue,2005,0.004,1.982
33236,Niue,2006,0.004,2.015
33237,Niue,2007,0.004,2.024
33238,Niue,2008,0.007,4.06
33239,Niue,2009,0.004,2.034
33240,Niue,2010,0.004,2.052
33241,Niue,2011,0.007,4.126
33242,Niue,2012,0.007,4.108
33243,Niue,2013,0.007,4.103
33244,Niue,2014,0.011,6.134
33245,Niue,2015,0.007,4.064
33246,Niue,2016,0.007,4.058
33247,Niue,2017,0.007,4.064
33248,Niue,2018,0.011,6.09
33249,Niue,2019,0.007,4.04
33250,Niue,2020,0.007,4.022
33251,Niue,2021,0.007,3.991
33252,Niue,2022,0.008,4.069
33253,Niue,2023,0.008,4.165
34205,North Korea,1905,0.014,0.003
34209,North Korea,1909,0.149,0.026
34210,North Korea,1910,0.187,0.033
34211,North Korea,1911,0.222,0.038
34212,North Korea,1912,0.278,0.047
34213,North Korea,1913,0.323,0.054
34214,North Korea,1914,0.462,0.075
34215,North Korea,1915,0.576,0.092
34216,North Korea,1916,0.479,0.075
34218,North Korea,1918,0.472,0.072
34219,North Korea,1919,0.559,0.084
34220,North Korea,1920,0.725,0.107
34221,North Korea,1921,0.781,0.113
34222,North Korea,1922,0.798,0.114
34223,North Korea,1923,0.955,0.134
34224,North Korea,1924,1.003,0.138
34225,North Korea,1925,1.6,0.217
34226,North Korea,1926,1.718,0.229
34227,North Korea,1927,1.781,0.233
34228,North Korea,1928,2.051,0.264
34229,North Korea,1929,2.357,0.299
34230,North Korea,1930,2.222,0.277
34231,North Korea,1931,2.353,0.289
34232,North Korea,1932,2.773,0.335
34233,North Korea,1933,3.27,0.388
34234,North Korea,1934,4.349,0.508
34235,North Korea,1935,5.115,0.587
34236,North Korea,1936,6.003,0.678
34237,North Korea,1937,6.423,0.714
34238,North Korea,1938,8.595,0.939
34239,North Korea,1939,11.218,1.206
34240,North Korea,1940,14.43,1.526
34241,North Korea,1941,16.091,1.674
34242,North Korea,1942,17.764,1.817
34243,North Korea,1943,17.215,1.732
34244,North Korea,1944,18.189,1.8
34245,North Korea,1945,0.065,0.006
34246,North Korea,1946,0.073,0.007
34247,North Korea,1947,0.073,0.007
34248,North Korea,1948,1.403,0.13
34249,North Korea,1949,1.781,0.163
34250,North Korea,1950,0.78,0.07
34251,North Korea,1951,0.996,0.094
34252,North Korea,1952,0.89,0.087
34253,North Korea,1953,1.736,0.171
34254,North Korea,1954,4.787,0.467
34255,North Korea,1955,7.345,0.706
34256,North Korea,1956,8.963,0.846
34257,North Korea,1957,11.289,1.04
34258,North Korea,1958,15.633,1.4
34259,North Korea,1959,19.866,1.735
34260,North Korea,1960,23.788,2.029
34261,North Korea,1961,26.427,2.204
34262,North Korea,1962,30.687,2.502
34263,North Korea,1963,32.827,2.612
34264,North Korea,1964,35.618,2.763
34265,North Korea,1965,44.222,3.345
34266,North Korea,1966,47.6,3.508
34267,North Korea,1967,52.392,3.753
34268,North Korea,1968,59.269,4.126
34269,North Korea,1969,64.079,4.339
34270,North Korea,1970,73.476,4.843
34271,North Korea,1971,107.453,6.9
34272,North Korea,1972,89.505,5.603
34273,North Korea,1973,97.325,5.952
34274,North Korea,1974,101.612,6.094
34275,North Korea,1975,107.624,6.342
34276,North Korea,1976,110.031,6.381
34277,North Korea,1977,113.665,6.498
34278,North Korea,1978,108.213,6.101
34279,North Korea,1979,110.263,6.131
34280,North Korea,1980,114.082,6.256
34281,North Korea,1981,114.395,6.183
34282,North Korea,1982,116.892,6.225
34283,North Korea,1983,125.163,6.569
34284,North Korea,1984,134.662,6.965
34285,North Korea,1985,144.285,7.354
34286,North Korea,1986,156.835,7.877
34287,North Korea,1987,175.619,8.692
34288,North Korea,1988,199.23,9.717
34289,North Korea,1989,209.249,10.058
34290,North Korea,1990,118.379,5.607
34291,North Korea,1991,112.819,5.265
34292,North Korea,1992,97.982,4.505
34293,North Korea,1993,89.582,4.058
34294,North Korea,1994,81.58,3.643
34295,North Korea,1995,76.082,3.356
34296,North Korea,1996,66.292,2.895
34297,North Korea,1997,63.679,2.755
34298,North Korea,1998,58.749,2.52
34299,North Korea,1999,64.14,2.73
34300,North Korea,2000,69.165,2.923
34301,North Korea,2001,71.664,3.009
34302,North Korea,2002,68.642,2.867
34303,North Korea,2003,70.139,2.912
34304,North Korea,2004,71.722,2.957
34305,North Korea,2005,75.01,3.075
34306,North Korea,2006,76.17,3.106
34307,North Korea,2007,63.478,2.576
34308,North Korea,2008,70.329,2.84
34309,North Korea,2009,67.664,2.72
34310,North Korea,2010,65.359,2.616
34311,North Korea,2011,47.834,1.906
34312,North Korea,2012,46.722,1.853
34313,North Korea,2013,36.111,1.426
34314,North Korea,2014,39.788,1.563
34315,North Korea,2015,31.248,1.222
34316,North Korea,2016,34.2,1.331
34317,North Korea,2017,69.675,2.699
34318,North Korea,2018,62.59,2.414
34319,North Korea,2019,69.49,2.669
34320,North Korea,2020,65.548,2.508
34321,North Korea,2021,53.952,2.057
34322,North Korea,2022,56.192,2.134
34323,North Korea,2023,60.764,2.3
34359,North Macedonia,1885,0.003,0.004
34364,North Macedonia,1890,0.008,0.011
34365,North Macedonia,1891,0.009,0.012
34366,North Macedonia,1892,0.01,0.013
34367,North Macedonia,1893,0.018,0.024
34368,North Macedonia,1894,0.034,0.045
34369,North Macedonia,1895,0.034,0.044
34370,North Macedonia,1896,0.038,0.049
34371,North Macedonia,1897,0.029,0.038
34372,North Macedonia,1898,0.045,0.057
34373,North Macedonia,1899,0.052,0.065
34374,North Macedonia,1900,0.07,0.088
34375,North Macedonia,1901,0.077,0.095
34376,North Macedonia,1902,0.072,0.088
34377,North Macedonia,1903,0.078,0.095
34378,North Macedonia,1904,0.083,0.1
34379,North Macedonia,1905,0.09,0.108
34380,North Macedonia,1906,0.108,0.128
34381,North Macedonia,1907,0.11,0.129
34382,North Macedonia,1908,0.119,0.137
34383,North Macedonia,1909,0.122,0.14
34384,North Macedonia,1910,0.12,0.137
34385,North Macedonia,1911,0.13,0.147
34386,North Macedonia,1912,0.134,0.15
34387,North Macedonia,1913,0.367,0.407
34393,North Macedonia,1919,0.263,0.276
34394,North Macedonia,1920,0.349,0.364
34395,North Macedonia,1921,0.372,0.384
34396,North Macedonia,1922,0.541,0.553
34397,North Macedonia,1923,0.59,0.598
34398,North Macedonia,1924,0.605,0.608
34399,North Macedonia,1925,0.664,0.661
34400,North Macedonia,1926,0.646,0.638
34401,North Macedonia,1927,0.73,0.715
34402,North Macedonia,1928,0.793,0.77
34403,North Macedonia,1929,0.905,0.87
34404,North Macedonia,1930,0.851,0.812
34405,North Macedonia,1931,0.747,0.706
34406,North Macedonia,1932,0.688,0.644
34407,North Macedonia,1933,0.635,0.59
34408,North Macedonia,1934,0.661,0.609
34409,North Macedonia,1935,0.688,0.628
34410,North Macedonia,1936,0.685,0.619
34411,North Macedonia,1937,0.767,0.688
34412,North Macedonia,1938,0.72,0.64
34413,North Macedonia,1939,0.759,0.669
34414,North Macedonia,1940,0.908,0.793
34417,North Macedonia,1943,0.0,0.0
34418,North Macedonia,1944,0.008,0.007
34419,North Macedonia,1945,0.453,0.379
34420,North Macedonia,1946,0.88,0.729
34421,North Macedonia,1947,1.206,0.99
34422,North Macedonia,1948,1.368,1.114
34423,North Macedonia,1949,1.566,1.264
34424,North Macedonia,1950,1.507,1.207
34425,North Macedonia,1951,1.427,1.122
34426,North Macedonia,1952,1.425,1.101
34427,North Macedonia,1953,1.417,1.074
34428,North Macedonia,1954,1.697,1.266
34429,North Macedonia,1955,1.944,1.434
34430,North Macedonia,1956,2.233,1.629
34431,North Macedonia,1957,2.412,1.741
34432,North Macedonia,1958,2.376,1.697
34433,North Macedonia,1959,2.726,1.924
34434,North Macedonia,1960,2.98,2.076
34435,North Macedonia,1961,3.13,2.151
34436,North Macedonia,1962,3.208,2.18
34437,North Macedonia,1963,3.567,2.396
34438,North Macedonia,1964,4.05,2.68
34439,North Macedonia,1965,4.169,2.719
34440,North Macedonia,1966,4.126,2.65
34441,North Macedonia,1967,4.17,2.635
34442,North Macedonia,1968,4.452,2.767
34443,North Macedonia,1969,4.615,2.82
34444,North Macedonia,1970,6.063,3.643
34445,North Macedonia,1971,6.523,3.857
34446,North Macedonia,1972,6.066,3.532
34447,North Macedonia,1973,7.28,4.174
34448,North Macedonia,1974,7.3,4.123
34449,North Macedonia,1975,7.61,4.233
34450,North Macedonia,1976,7.844,4.296
34451,North Macedonia,1977,7.604,4.103
34452,North Macedonia,1978,8.514,4.529
34453,North Macedonia,1979,9.276,4.865
34454,North Macedonia,1980,9.101,4.708
34455,North Macedonia,1981,9.896,5.052
34456,North Macedonia,1982,9.062,4.579
34457,North Macedonia,1983,9.791,4.916
34458,North Macedonia,1984,10.351,5.167
34459,North Macedonia,1985,10.578,5.251
34460,North Macedonia,1986,11.063,5.464
34461,North Macedonia,1987,10.792,5.303
34462,North Macedonia,1988,11.157,5.454
34463,North Macedonia,1989,11.13,5.414
34464,North Macedonia,1990,11.098,5.378
34465,North Macedonia,1991,7.788,3.788
34466,North Macedonia,1992,8.394,4.13
34467,North Macedonia,1993,7.599,3.787
34468,North Macedonia,1994,7.903,3.966
34469,North Macedonia,1995,7.925,3.966
34470,North Macedonia,1996,9.417,4.679
34471,North Macedonia,1997,8.446,4.169
34472,North Macedonia,1998,9.647,4.735
34473,North Macedonia,1999,8.783,4.288
34474,North Macedonia,2000,8.468,4.116
34475,North Macedonia,2001,8.288,4.011
34476,North Macedonia,2002,7.834,3.776
34477,North Macedonia,2003,8.53,4.098
34478,North Macedonia,2004,8.226,3.942
34479,North Macedonia,2005,8.596,4.113
34480,North Macedonia,2006,8.651,4.141
34481,North Macedonia,2007,9.013,4.329
34482,North Macedonia,2008,8.936,4.315
34483,North Macedonia,2009,8.237,3.997
34484,North Macedonia,2010,8.186,3.99
34485,North Macedonia,2011,8.838,4.331
34486,North Macedonia,2012,8.486,4.186
34487,North Macedonia,2013,7.489,3.72
34488,North Macedonia,2014,7.203,3.606
34489,North Macedonia,2015,6.757,3.412
34490,North Macedonia,2016,6.657,3.394
34491,North Macedonia,2017,7.152,3.685
34492,North Macedonia,2018,7.636,3.978
34493,North Macedonia,2019,7.647,4.03
34494,North Macedonia,2020,6.962,3.719
34495,North Macedonia,2021,6.489,3.505
34496,North Macedonia,2022,7.127,3.873
34497,North Macedonia,2023,7.449,4.066
34498,Norway,1750,0.0,0.0
34508,Norway,1760,0.0,0.0
34518,Norway,1770,0.0,0.0
34528,Norway,1780,0.0,0.0
34538,Norway,1790,0.0,0.0
34548,Norway,1800,0.0,0.0
34549,Norway,1801,0.0,0.0
34550,Norway,1802,0.0,0.0
34551,Norway,1803,0.0,0.0
34552,Norway,1804,0.0,0.0
34553,Norway,1805,0.0,0.0
34554,Norway,1806,0.0,0.0
34555,Norway,1807,0.0,0.0
34556,Norway,1808,0.0,0.0
34557,Norway,1809,0.0,0.0
34558,Norway,1810,0.0,0.0
34559,Norway,1811,0.0,0.0
34560,Norway,1812,0.0,0.0
34561,Norway,1813,0.0,0.0
34562,Norway,1814,0.0,0.0
34563,Norway,1815,0.0,0.0
34564,Norway,1816,0.0,0.0
34565,Norway,1817,0.0,0.0
34566,Norway,1818,0.0,0.0
34567,Norway,1819,0.0,0.0
34568,Norway,1820,0.0,0.0
34569,Norway,1821,0.0,0.0
34570,Norway,1822,0.0,0.0
34571,Norway,1823,0.0,0.0
34572,Norway,1824,0.0,0.0
34573,Norway,1825,0.0,0.0
34574,Norway,1826,0.0,0.0
34575,Norway,1827,0.0,0.0
34576,Norway,1828,0.0,0.0
34577,Norway,1829,0.011,0.01
34578,Norway,1830,0.007,0.007
34579,Norway,1831,0.004,0.003
34580,Norway,1832,0.0,0.0
34581,Norway,1833,0.0,0.0
34582,Norway,1834,0.0,0.0
34583,Norway,1835,0.015,0.012
34584,Norway,1836,0.018,0.015
34585,Norway,1837,0.026,0.021
34586,Norway,1838,0.051,0.042
34587,Norway,1839,0.04,0.033
34588,Norway,1840,0.044,0.035
34589,Norway,1841,0.059,0.047
34590,Norway,1842,0.073,0.058
34591,Norway,1843,0.062,0.048
34592,Norway,1844,0.066,0.051
34593,Norway,1845,0.099,0.075
34594,Norway,1846,0.099,0.074
34595,Norway,1847,0.103,0.076
34596,Norway,1848,0.132,0.097
34597,Norway,1849,0.106,0.077
34598,Norway,1850,0.139,0.1
34599,Norway,1851,0.15,0.106
34600,Norway,1852,0.15,0.105
34601,Norway,1853,0.165,0.114
34602,Norway,1854,0.234,0.159
34603,Norway,1855,0.256,0.172
34604,Norway,1856,0.304,0.201
34605,Norway,1857,0.304,0.198
34606,Norway,1858,0.267,0.172
34607,Norway,1859,0.326,0.207
34608,Norway,1860,0.333,0.209
34609,Norway,1861,0.429,0.266
34610,Norway,1862,0.37,0.228
34611,Norway,1863,0.363,0.221
34612,Norway,1864,0.48,0.291
34613,Norway,1865,0.473,0.284
34614,Norway,1866,0.52,0.31
34615,Norway,1867,0.619,0.365
34616,Norway,1868,0.634,0.371
34617,Norway,1869,0.553,0.321
34618,Norway,1870,0.63,0.362
34619,Norway,1871,0.612,0.348
34620,Norway,1872,0.656,0.37
34621,Norway,1873,0.66,0.368
34622,Norway,1874,0.817,0.451
34623,Norway,1875,1.026,0.561
34624,Norway,1876,0.905,0.49
34625,Norway,1877,1.22,0.654
34626,Norway,1878,1.088,0.577
34627,Norway,1879,1.143,0.601
34628,Norway,1880,1.249,0.652
34629,Norway,1881,1.293,0.671
34630,Norway,1882,1.414,0.729
34631,Norway,1883,1.524,0.783
34632,Norway,1884,1.561,0.798
34633,Norway,1885,1.784,0.909
34634,Norway,1886,1.744,0.885
34635,Norway,1887,1.682,0.85
34636,Norway,1888,1.946,0.979
34637,Norway,1889,2.22,1.111
34638,Norway,1890,2.077,1.033
34639,Norway,1891,2.415,1.19
34640,Norway,1892,2.466,1.204
34641,Norway,1893,2.462,1.189
34642,Norway,1894,2.906,1.387
34643,Norway,1895,3.059,1.445
34644,Norway,1896,3.125,1.46
34645,Norway,1897,3.386,1.564
34646,Norway,1898,3.386,1.546
34647,Norway,1899,4.049,1.83
34648,Norway,1900,4.155,1.861
34649,Norway,1901,3.895,1.73
34650,Norway,1902,4.243,1.87
34651,Norway,1903,4.239,1.856
34652,Norway,1904,4.159,1.808
34653,Norway,1905,4.148,1.791
34654,Norway,1906,4.225,1.812
34655,Norway,1907,4.782,2.038
34656,Norway,1908,5.716,2.419
34657,Norway,1909,5.763,2.421
34658,Norway,1910,5.939,2.475
34659,Norway,1911,6.079,2.511
34660,Norway,1912,6.877,2.814
34661,Norway,1913,6.918,2.802
34662,Norway,1914,7.709,3.092
34663,Norway,1915,8.449,3.355
34664,Norway,1916,7.896,3.103
34665,Norway,1917,3.495,1.36
34666,Norway,1918,4.452,1.715
34667,Norway,1919,5.291,2.019
34668,Norway,1920,5.302,2.006
34669,Norway,1921,3.375,1.267
34670,Norway,1922,6.482,2.417
34671,Norway,1923,6.793,2.517
34672,Norway,1924,7.727,2.845
34673,Norway,1925,7.595,2.779
34674,Norway,1926,6.361,2.312
34675,Norway,1927,8.668,3.131
34676,Norway,1928,8.454,3.035
34677,Norway,1929,9.521,3.397
34678,Norway,1930,8.727,3.094
34679,Norway,1931,8.086,2.85
34680,Norway,1932,8.643,3.029
34681,Norway,1933,9.179,3.198
34682,Norway,1934,9.485,3.286
34683,Norway,1935,9.782,3.369
34684,Norway,1936,10.441,3.576
34685,Norway,1937,11.76,4.004
34686,Norway,1938,10.478,3.547
34687,Norway,1939,12.515,4.209
34688,Norway,1940,6.51,2.174
34689,Norway,1941,4.813,1.595
34690,Norway,1942,4.626,1.519
34691,Norway,1943,5.443,1.771
34692,Norway,1944,4.879,1.573
34693,Norway,1945,4.012,1.281
34694,Norway,1946,7.073,2.238
34695,Norway,1947,10.627,3.331
34696,Norway,1948,10.983,3.41
34697,Norway,1949,10.407,3.201
34698,Norway,1950,8.432,2.582
34699,Norway,1951,9.476,2.875
34700,Norway,1952,9.685,2.91
34701,Norway,1953,9.783,2.911
34702,Norway,1954,9.882,2.911
34703,Norway,1955,11.414,3.329
34704,Norway,1956,11.952,3.453
34705,Norway,1957,11.358,3.253
34706,Norway,1958,11.186,3.175
34707,Norway,1959,11.808,3.324
34708,Norway,1960,13.087,3.654
34709,Norway,1961,13.335,3.694
34710,Norway,1962,14.06,3.864
34711,Norway,1963,14.965,4.082
34712,Norway,1964,16.17,4.377
34713,Norway,1965,16.39,4.402
34714,Norway,1966,19.54,5.207
34715,Norway,1967,19.304,5.101
34716,Norway,1968,21.114,5.533
34717,Norway,1969,22.194,5.769
34718,Norway,1970,27.979,7.22
34719,Norway,1971,27.166,6.961
34720,Norway,1972,29.395,7.474
34721,Norway,1973,30.492,7.699
34722,Norway,1974,27.69,6.948
34723,Norway,1975,30.602,7.636
34724,Norway,1976,33.332,8.279
34725,Norway,1977,33.309,8.238
34726,Norway,1978,32.625,8.038
34727,Norway,1979,34.625,8.502
34728,Norway,1980,31.777,7.778
34729,Norway,1981,31.805,7.758
34730,Norway,1982,30.912,7.513
34731,Norway,1983,31.947,7.739
34732,Norway,1984,33.81,8.167
34733,Norway,1985,32.286,7.775
34734,Norway,1986,34.785,8.347
34735,Norway,1987,33.207,7.931
34736,Norway,1988,35.592,8.455
34737,Norway,1989,34.148,8.079
34738,Norway,1990,35.003,8.253
34739,Norway,1991,33.458,7.851
34740,Norway,1992,34.394,8.024
34741,Norway,1993,35.938,8.335
34742,Norway,1994,37.853,8.729
34743,Norway,1995,38.458,8.823
34744,Norway,1996,41.524,9.478
34745,Norway,1997,41.625,9.45
34746,Norway,1998,41.818,9.437
34747,Norway,1999,42.591,9.546
34748,Norway,2000,42.11,9.377
34749,Norway,2001,43.498,9.637
34750,Norway,2002,42.553,9.377
34751,Norway,2003,43.9,9.617
34752,Norway,2004,44.236,9.634
34753,Norway,2005,43.263,9.358
34754,Norway,2006,43.842,9.407
34755,Norway,2007,45.588,9.681
34756,Norway,2008,44.675,9.37
34757,Norway,2009,43.081,8.922
34758,Norway,2010,45.621,9.331
34759,Norway,2011,44.747,9.034
34760,Norway,2012,44.228,8.813
34761,Norway,2013,44.516,8.763
34762,Norway,2014,44.958,8.751
34763,Norway,2015,45.494,8.766
34764,Norway,2016,44.678,8.533
34765,Norway,2017,44.165,8.37
34766,Norway,2018,44.405,8.36
34767,Norway,2019,42.793,8.002
34768,Norway,2020,41.231,7.665
34769,Norway,2021,41.028,7.586
34770,Norway,2022,40.808,7.478
34771,Norway,2023,38.901,7.048
35682,Oman,1964,0.011,0.019
35683,Oman,1965,0.026,0.044
35684,Oman,1966,0.029,0.049
35685,Oman,1967,0.136,0.221
35686,Oman,1968,0.161,0.256
35687,Oman,1969,0.234,0.363
35688,Oman,1970,0.234,0.354
35689,Oman,1971,2.092,3.072
35690,Oman,1972,2.088,2.981
35691,Oman,1973,2.11,2.926
35692,Oman,1974,2.334,3.124
35693,Oman,1975,7.251,9.31
35694,Oman,1976,8.321,10.213
35695,Oman,1977,8.5,9.938
35696,Oman,1978,7.79,8.652
35697,Oman,1979,7.716,8.13
35698,Oman,1980,6.042,6.034
35699,Oman,1981,6.013,5.687
35700,Oman,1982,5.73,5.127
35701,Oman,1983,7.526,6.37
35702,Oman,1984,8.053,6.455
35703,Oman,1985,8.619,6.502
35704,Oman,1986,9.825,6.951
35705,Oman,1987,9.402,6.264
35706,Oman,1988,10.517,6.62
35707,Oman,1989,9.986,5.957
35708,Oman,1990,11.222,6.362
35709,Oman,1991,11.595,6.262
35710,Oman,1992,11.893,6.136
35711,Oman,1993,13.225,6.541
35712,Oman,1994,17.384,8.35
35713,Oman,1995,18.735,8.835
35714,Oman,1996,18.108,8.395
35715,Oman,1997,18.054,8.241
35716,Oman,1998,18.445,8.299
35717,Oman,1999,21.985,9.759
35718,Oman,2000,23.89,10.468
35719,Oman,2001,22.404,9.698
35720,Oman,2002,26.842,11.485
35721,Oman,2003,34.356,14.534
35722,Oman,2004,29.024,12.069
35723,Oman,2005,31.601,12.847
35724,Oman,2006,40.167,15.972
35725,Oman,2007,45.071,17.536
35726,Oman,2008,47.19,17.967
35727,Oman,2009,44.278,16.493
35728,Oman,2010,51.178,18.56
35729,Oman,2011,57.011,18.53
35730,Oman,2012,62.728,17.684
35731,Oman,2013,65.272,17.025
35732,Oman,2014,65.911,16.468
35733,Oman,2015,67.59,16.151
35734,Oman,2016,65.925,15.014
35735,Oman,2017,66.242,14.599
35736,Oman,2018,70.376,15.306
35737,Oman,2019,71.725,15.622
35738,Oman,2020,68.625,15.174
35739,Oman,2021,75.116,16.691
35740,Oman,2022,76.606,16.195
35741,Oman,2023,78.511,15.549
35838,Pakistan,1946,0.634,0.018
35839,Pakistan,1947,0.655,0.018
35840,Pakistan,1948,0.722,0.02
35841,Pakistan,1949,1.025,0.028
35842,Pakistan,1950,5.355,0.149
35843,Pakistan,1951,6.613,0.181
35844,Pakistan,1952,6.983,0.187
35845,Pakistan,1953,7.107,0.186
35846,Pakistan,1954,7.218,0.184
35847,Pakistan,1955,7.437,0.185
35848,Pakistan,1956,8.812,0.214
35849,Pakistan,1957,9.105,0.216
35850,Pakistan,1958,10.224,0.236
35851,Pakistan,1959,9.921,0.223
35852,Pakistan,1960,11.926,0.261
35853,Pakistan,1961,12.35,0.263
35854,Pakistan,1962,13.57,0.282
35855,Pakistan,1963,15.6,0.315
35856,Pakistan,1964,16.039,0.316
35857,Pakistan,1965,16.83,0.322
35858,Pakistan,1966,17.126,0.319
35859,Pakistan,1967,18.176,0.329
35860,Pakistan,1968,20.842,0.367
35861,Pakistan,1969,20.213,0.346
35862,Pakistan,1970,20.504,0.341
35863,Pakistan,1971,19.441,0.314
35864,Pakistan,1972,18.903,0.297
35865,Pakistan,1973,20.008,0.306
35866,Pakistan,1974,21.387,0.317
35867,Pakistan,1975,23.188,0.334
35868,Pakistan,1976,22.789,0.318
35869,Pakistan,1977,24.32,0.329
35870,Pakistan,1978,26.051,0.341
35871,Pakistan,1979,28.134,0.356
35872,Pakistan,1980,31.932,0.388
35873,Pakistan,1981,34.233,0.399
35874,Pakistan,1982,37.19,0.417
35875,Pakistan,1983,40.022,0.434
35876,Pakistan,1984,42.557,0.447
35877,Pakistan,1985,46.814,0.477
35878,Pakistan,1986,49.059,0.483
35879,Pakistan,1987,52.989,0.504
35880,Pakistan,1988,57.607,0.53
35881,Pakistan,1989,60.317,0.537
35882,Pakistan,1990,67.827,0.584
35883,Pakistan,1991,67.477,0.562
35884,Pakistan,1992,72.015,0.583
35885,Pakistan,1993,77.176,0.608
35886,Pakistan,1994,84.018,0.643
35887,Pakistan,1995,83.614,0.621
35888,Pakistan,1996,93.539,0.675
35889,Pakistan,1997,93.788,0.658
35890,Pakistan,1998,96.741,0.66
35891,Pakistan,1999,99.389,0.66
35892,Pakistan,2000,103.94,0.671
35893,Pakistan,2001,105.401,0.662
35894,Pakistan,2002,112.9,0.692
35895,Pakistan,2003,117.462,0.703
35896,Pakistan,2004,129.796,0.758
35897,Pakistan,2005,133.645,0.762
35898,Pakistan,2006,144.053,0.802
35899,Pakistan,2007,157.678,0.855
35900,Pakistan,2008,155.149,0.819
35901,Pakistan,2009,155.521,0.8
35902,Pakistan,2010,154.202,0.774
35903,Pakistan,2011,154.801,0.76
35904,Pakistan,2012,154.768,0.745
35905,Pakistan,2013,151.847,0.719
35906,Pakistan,2014,156.705,0.731
35907,Pakistan,2015,150.59,0.693
35908,Pakistan,2016,178.032,0.809
35909,Pakistan,2017,218.361,0.978
35910,Pakistan,2018,210.348,0.927
35911,Pakistan,2019,207.622,0.9
35912,Pakistan,2020,230.754,0.982
35913,Pakistan,2021,247.901,1.035
35914,Pakistan,2022,223.834,0.918
35915,Pakistan,2023,200.667,0.811
36021,Palau,1955,0.011,1.303
36022,Palau,1956,0.011,1.276
36023,Palau,1957,0.015,1.671
36024,Palau,1958,0.015,1.642
36025,Palau,1959,0.015,1.606
36026,Palau,1960,0.015,1.568
36027,Palau,1961,0.051,5.354
36028,Palau,1962,0.051,5.226
36029,Palau,1963,0.055,5.463
36030,Palau,1964,0.059,5.685
36031,Palau,1965,0.066,6.242
36032,Palau,1966,0.066,6.093
36033,Palau,1967,0.073,6.655
36034,Palau,1968,0.077,6.93
36035,Palau,1969,0.132,11.796
36036,Palau,1970,0.136,11.899
36037,Palau,1971,0.165,13.993
36038,Palau,1972,0.172,14.097
36039,Palau,1973,0.176,13.984
36040,Palau,1974,0.194,15.277
36041,Palau,1975,0.194,15.321
36042,Palau,1976,0.114,8.999
36043,Palau,1977,0.183,14.6
36044,Palau,1978,0.11,8.818
36045,Palau,1979,0.125,10.08
36046,Palau,1980,0.158,12.813
36047,Palau,1981,0.158,12.683
36048,Palau,1982,0.158,12.385
36049,Palau,1983,0.158,12.093
36050,Palau,1984,0.158,11.794
36051,Palau,1985,0.161,11.757
36052,Palau,1986,0.161,11.479
36053,Palau,1987,0.161,11.229
36054,Palau,1988,0.183,12.493
36055,Palau,1989,0.227,15.176
36056,Palau,1990,0.234,15.345
36057,Palau,1991,0.234,14.998
36058,Palau,1992,0.198,12.353
36059,Palau,1993,0.198,12.067
36060,Palau,1994,0.198,11.78
36061,Palau,1995,0.198,11.493
36062,Palau,1996,0.198,11.189
36063,Palau,1997,0.198,10.916
36064,Palau,1998,0.198,10.667
36065,Palau,1999,0.198,10.454
36066,Palau,2000,0.209,10.874
36067,Palau,2001,0.216,11.155
36068,Palau,2002,0.213,10.883
36069,Palau,2003,0.213,10.797
36070,Palau,2004,0.216,10.896
36071,Palau,2005,0.22,11.083
36072,Palau,2006,0.227,11.581
36073,Palau,2007,0.253,13.084
36074,Palau,2008,0.205,10.783
36075,Palau,2009,0.198,10.562
36076,Palau,2010,0.209,11.339
36077,Palau,2011,0.216,11.945
36078,Palau,2012,0.224,12.563
36079,Palau,2013,0.227,12.857
36080,Palau,2014,0.22,12.393
36081,Palau,2015,0.205,11.533
36082,Palau,2016,0.213,11.924
36083,Palau,2017,0.216,12.12
36084,Palau,2018,0.213,11.911
36085,Palau,2019,0.22,12.337
36086,Palau,2020,0.213,11.927
36087,Palau,2021,0.213,11.933
36088,Palau,2022,0.218,12.236
36089,Palau,2023,0.222,12.526
36230,Palestine,1990,0.861,0.403
36231,Palestine,1991,0.883,0.396
36232,Palestine,1992,0.916,0.394
36233,Palestine,1993,0.934,0.385
36234,Palestine,1994,0.967,0.382
36235,Palestine,1995,0.945,0.359
36236,Palestine,1996,1.037,0.377
36237,Palestine,1997,0.865,0.302
36238,Palestine,1998,1.462,0.493
36239,Palestine,1999,1.367,0.447
36240,Palestine,2000,1.66,0.527
36241,Palestine,2001,1.348,0.416
36242,Palestine,2002,1.154,0.347
36243,Palestine,2003,1.279,0.376
36244,Palestine,2004,2.195,0.632
36245,Palestine,2005,2.741,0.77
36246,Palestine,2006,2.264,0.621
36247,Palestine,2007,2.323,0.622
36248,Palestine,2008,2.052,0.536
36249,Palestine,2009,2.088,0.533
36250,Palestine,2010,2.034,0.506
36251,Palestine,2011,2.246,0.546
36252,Palestine,2012,2.198,0.522
36253,Palestine,2013,2.437,0.565
36254,Palestine,2014,2.836,0.642
36255,Palestine,2015,3.004,0.664
36256,Palestine,2016,3.232,0.698
36257,Palestine,2017,3.268,0.689
36258,Palestine,2018,2.957,0.61
36259,Palestine,2019,3.265,0.658
36260,Palestine,2020,3.327,0.656
36261,Palestine,2021,3.635,0.701
36262,Palestine,2022,3.516,0.663
36263,Palestine,2023,3.497,0.646
36318,Panama,1904,0.002,0.008
36319,Panama,1905,0.003,0.01
36320,Panama,1906,0.005,0.017
36321,Panama,1907,0.009,0.03
36322,Panama,1908,0.011,0.035
36323,Panama,1909,0.012,0.04
36324,Panama,1910,0.015,0.046
36325,Panama,1911,0.015,0.045
36326,Panama,1912,0.014,0.042
36327,Panama,1913,0.013,0.035
36328,Panama,1914,0.011,0.029
36329,Panama,1915,0.012,0.031
36330,Panama,1916,0.015,0.037
36331,Panama,1917,0.017,0.04
36332,Panama,1918,0.015,0.034
36333,Panama,1919,0.003,0.006
36334,Panama,1920,0.005,0.011
36335,Panama,1921,0.007,0.015
36336,Panama,1922,0.004,0.007
36337,Panama,1923,0.001,0.001
36338,Panama,1924,0.008,0.017
36339,Panama,1925,0.011,0.024
36340,Panama,1926,0.017,0.035
36341,Panama,1927,0.013,0.027
36342,Panama,1928,0.012,0.025
36343,Panama,1929,0.015,0.031
36344,Panama,1930,0.011,0.022
36345,Panama,1931,0.009,0.017
36346,Panama,1932,0.007,0.013
36347,Panama,1933,0.005,0.01
36348,Panama,1934,0.004,0.008
36349,Panama,1935,0.003,0.006
36350,Panama,1936,0.003,0.004
36351,Panama,1937,0.002,0.003
36352,Panama,1938,0.002,0.003
36353,Panama,1939,0.001,0.002
36354,Panama,1940,0.001,0.001
36355,Panama,1941,0.001,0.001
36356,Panama,1942,0.001,0.001
36357,Panama,1943,0.0,0.001
36358,Panama,1944,0.0,0.001
36359,Panama,1945,0.0,0.001
36360,Panama,1946,0.0,0.0
36361,Panama,1947,0.0,0.0
36362,Panama,1948,0.022,0.027
36363,Panama,1949,0.026,0.031
36364,Panama,1950,0.711,0.826
36365,Panama,1951,0.751,0.851
36366,Panama,1952,0.908,1.004
36367,Panama,1953,0.817,0.88
36368,Panama,1954,0.718,0.753
36369,Panama,1955,0.791,0.808
36370,Panama,1956,0.74,0.736
36371,Panama,1957,0.916,0.886
36372,Panama,1958,1.121,1.054
36373,Panama,1959,1.3,1.189
36374,Panama,1960,1.264,1.122
36375,Panama,1961,1.344,1.159
36376,Panama,1962,1.461,1.223
36377,Panama,1963,1.74,1.412
36378,Panama,1964,2.033,1.601
36379,Panama,1965,2.124,1.623
36380,Panama,1966,2.106,1.562
36381,Panama,1967,2.15,1.548
36382,Panama,1968,2.601,1.819
36383,Panama,1969,2.384,1.621
36384,Panama,1970,2.677,1.77
36385,Panama,1971,3.08,1.98
36386,Panama,1972,3.505,2.191
36387,Panama,1973,3.966,2.413
36388,Panama,1974,3.849,2.28
36389,Panama,1975,4.773,2.755
36390,Panama,1976,4.625,2.603
36391,Panama,1977,4.588,2.519
36392,Panama,1978,3.923,2.102
36393,Panama,1979,4.207,2.201
36394,Panama,1980,3.108,1.588
36395,Panama,1981,3.323,1.658
36396,Panama,1982,3.279,1.598
36397,Panama,1983,3.48,1.656
36398,Panama,1984,2.867,1.333
36399,Panama,1985,2.727,1.239
36400,Panama,1986,2.735,1.215
36401,Panama,1987,3.18,1.381
36402,Panama,1988,2.915,1.239
36403,Panama,1989,2.51,1.044
36404,Panama,1990,2.632,1.072
36405,Panama,1991,3.104,1.238
36406,Panama,1992,4.112,1.606
36407,Panama,1993,3.785,1.447
36408,Panama,1994,4.177,1.565
36409,Panama,1995,3.653,1.341
36410,Panama,1996,4.447,1.599
36411,Panama,1997,4.63,1.632
36412,Panama,1998,5.901,2.039
36413,Panama,1999,5.622,1.905
36414,Panama,2000,5.728,1.903
36415,Panama,2001,6.953,2.265
36416,Panama,2002,5.821,1.86
36417,Panama,2003,6.09,1.909
36418,Panama,2004,5.711,1.757
36419,Panama,2005,6.971,2.104
36420,Panama,2006,7.524,2.229
36421,Panama,2007,7.35,2.138
36422,Panama,2008,7.335,2.095
36423,Panama,2009,8.461,2.374
36424,Panama,2010,9.072,2.5
36425,Panama,2011,9.953,2.695
36426,Panama,2012,9.768,2.598
36427,Panama,2013,10.513,2.748
36428,Panama,2014,10.855,2.789
36429,Panama,2015,10.788,2.724
36430,Panama,2016,10.439,2.591
36431,Panama,2017,9.816,2.395
36432,Panama,2018,9.503,2.28
36433,Panama,2019,13.128,3.1
36434,Panama,2020,7.25,1.689
36435,Panama,2021,10.541,2.426
36436,Panama,2022,11.356,2.58
36437,Panama,2023,14.018,3.144
36638,Papua New Guinea,1950,0.055,0.036
36639,Papua New Guinea,1951,0.062,0.04
36640,Papua New Guinea,1952,0.084,0.052
36641,Papua New Guinea,1953,0.095,0.058
36642,Papua New Guinea,1954,0.095,0.056
36643,Papua New Guinea,1955,0.128,0.074
36644,Papua New Guinea,1956,0.128,0.072
36645,Papua New Guinea,1957,0.147,0.08
36646,Papua New Guinea,1958,0.147,0.078
36647,Papua New Guinea,1959,0.161,0.083
36648,Papua New Guinea,1960,0.18,0.09
36649,Papua New Guinea,1961,0.202,0.098
36650,Papua New Guinea,1962,0.198,0.094
36651,Papua New Guinea,1963,0.256,0.12
36652,Papua New Guinea,1964,0.267,0.122
36653,Papua New Guinea,1965,0.304,0.136
36654,Papua New Guinea,1966,0.341,0.149
36655,Papua New Guinea,1967,0.436,0.187
36656,Papua New Guinea,1968,0.502,0.21
36657,Papua New Guinea,1969,0.557,0.228
36658,Papua New Guinea,1970,0.692,0.276
36659,Papua New Guinea,1971,0.824,0.321
36660,Papua New Guinea,1972,1.268,0.482
36661,Papua New Guinea,1973,1.345,0.5
36662,Papua New Guinea,1974,1.587,0.576
36663,Papua New Guinea,1975,1.532,0.544
36664,Papua New Guinea,1976,1.572,0.546
36665,Papua New Guinea,1977,1.579,0.537
36666,Papua New Guinea,1978,1.674,0.557
36667,Papua New Guinea,1979,1.795,0.585
36668,Papua New Guinea,1980,1.828,0.584
36669,Papua New Guinea,1981,1.931,0.604
36670,Papua New Guinea,1982,1.946,0.596
36671,Papua New Guinea,1983,2.008,0.602
36672,Papua New Guinea,1984,2.045,0.6
36673,Papua New Guinea,1985,2.125,0.611
36674,Papua New Guinea,1986,2.063,0.58
36675,Papua New Guinea,1987,2.334,0.643
36676,Papua New Guinea,1988,2.198,0.592
36677,Papua New Guinea,1989,2.034,0.536
36678,Papua New Guinea,1990,2.154,0.553
36679,Papua New Guinea,1991,2.169,0.539
36680,Papua New Guinea,1992,2.191,0.526
36681,Papua New Guinea,1993,2.191,0.507
36682,Papua New Guinea,1994,2.186,0.488
36683,Papua New Guinea,1995,2.059,0.443
36684,Papua New Guinea,1996,2.19,0.455
36685,Papua New Guinea,1997,2.615,0.524
36686,Papua New Guinea,1998,3.533,0.684
36687,Papua New Guinea,1999,2.552,0.477
36688,Papua New Guinea,2000,2.938,0.531
36689,Papua New Guinea,2001,3.336,0.582
36690,Papua New Guinea,2002,3.662,0.618
36691,Papua New Guinea,2003,4.057,0.662
36692,Papua New Guinea,2004,4.694,0.742
36693,Papua New Guinea,2005,4.98,0.762
36694,Papua New Guinea,2006,5.051,0.749
36695,Papua New Guinea,2007,6.581,0.945
36696,Papua New Guinea,2008,5.545,0.772
36697,Papua New Guinea,2009,5.265,0.711
36698,Papua New Guinea,2010,4.715,0.618
36699,Papua New Guinea,2011,5.298,0.674
36700,Papua New Guinea,2012,4.376,0.542
36701,Papua New Guinea,2013,4.532,0.546
36702,Papua New Guinea,2014,6.121,0.718
36703,Papua New Guinea,2015,6.323,0.723
36704,Papua New Guinea,2016,7.028,0.784
36705,Papua New Guinea,2017,6.546,0.713
36706,Papua New Guinea,2018,7.592,0.808
36707,Papua New Guinea,2019,7.986,0.831
36708,Papua New Guinea,2020,7.867,0.801
36709,Papua New Guinea,2021,8.13,0.812
36710,Papua New Guinea,2022,8.201,0.804
36711,Papua New Guinea,2023,8.322,0.801
36752,Paraguay,1890,0.0,0.0
36753,Paraguay,1891,0.0,0.0
36754,Paraguay,1892,0.0,0.0
36755,Paraguay,1893,0.0,0.0
36756,Paraguay,1894,0.0,0.0
36757,Paraguay,1895,0.0,0.0
36758,Paraguay,1896,0.0,0.0
36759,Paraguay,1897,0.0,0.0
36760,Paraguay,1898,0.0,0.0
36761,Paraguay,1899,0.0,0.0
36762,Paraguay,1900,0.0,0.0
36763,Paraguay,1901,0.0,0.0
36764,Paraguay,1902,0.0,0.0
36765,Paraguay,1903,0.0,0.0
36766,Paraguay,1904,0.0,0.0
36767,Paraguay,1905,0.0,0.0
36768,Paraguay,1906,0.0,0.0
36769,Paraguay,1907,0.0,0.0
36770,Paraguay,1908,0.0,0.0
36771,Paraguay,1909,0.0,0.0
36772,Paraguay,1910,0.0,0.0
36773,Paraguay,1911,0.0,0.001
36774,Paraguay,1912,0.0,0.0
36775,Paraguay,1913,0.0,0.0
36776,Paraguay,1914,0.0,0.0
36777,Paraguay,1915,0.0,0.0
36778,Paraguay,1916,0.0,0.0
36779,Paraguay,1917,0.0,0.0
36780,Paraguay,1918,0.0,0.0
36781,Paraguay,1919,0.0,0.0
36782,Paraguay,1920,0.018,0.025
36783,Paraguay,1921,0.0,0.0
36784,Paraguay,1922,0.0,0.0
36785,Paraguay,1923,0.0,0.0
36786,Paraguay,1924,0.0,0.0
36787,Paraguay,1925,0.0,0.0
36788,Paraguay,1926,0.0,0.0
36789,Paraguay,1927,0.0,0.0
36790,Paraguay,1928,0.0,0.0
36791,Paraguay,1929,0.0,0.0
36792,Paraguay,1930,0.0,0.0
36793,Paraguay,1931,0.002,0.002
36794,Paraguay,1932,0.004,0.005
36795,Paraguay,1933,0.007,0.007
36796,Paraguay,1934,0.008,0.008
36797,Paraguay,1935,0.007,0.007
36798,Paraguay,1936,0.012,0.011
36799,Paraguay,1937,0.011,0.01
36800,Paraguay,1938,0.011,0.011
36801,Paraguay,1939,0.01,0.009
36802,Paraguay,1940,0.003,0.002
36803,Paraguay,1941,0.002,0.002
36804,Paraguay,1942,0.0,0.0
36805,Paraguay,1943,0.001,0.001
36806,Paraguay,1944,0.0,0.0
36807,Paraguay,1945,0.0,0.0
36808,Paraguay,1946,0.0,0.0
36809,Paraguay,1947,0.0,0.0
36810,Paraguay,1948,0.0,0.0
36811,Paraguay,1949,0.001,0.001
36812,Paraguay,1950,0.063,0.042
36813,Paraguay,1951,0.048,0.031
36814,Paraguay,1952,0.103,0.065
36815,Paraguay,1953,0.121,0.075
36816,Paraguay,1954,0.183,0.111
36817,Paraguay,1955,0.19,0.113
36818,Paraguay,1956,0.198,0.115
36819,Paraguay,1957,0.212,0.121
36820,Paraguay,1958,0.242,0.134
36821,Paraguay,1959,0.304,0.165
36822,Paraguay,1960,0.304,0.161
36823,Paraguay,1961,0.363,0.188
36824,Paraguay,1962,0.392,0.199
36825,Paraguay,1963,0.41,0.203
36826,Paraguay,1964,0.432,0.209
36827,Paraguay,1965,0.549,0.259
36828,Paraguay,1966,0.513,0.236
36829,Paraguay,1967,0.487,0.218
36830,Paraguay,1968,0.59,0.258
36831,Paraguay,1969,0.52,0.223
36832,Paraguay,1970,0.743,0.311
36833,Paraguay,1971,0.633,0.259
36834,Paraguay,1972,0.714,0.286
36835,Paraguay,1973,0.867,0.339
36836,Paraguay,1974,0.951,0.362
36837,Paraguay,1975,0.836,0.311
36838,Paraguay,1976,1.03,0.373
36839,Paraguay,1977,1.153,0.408
36840,Paraguay,1978,1.454,0.501
36841,Paraguay,1979,1.325,0.446
36842,Paraguay,1980,1.485,0.487
36843,Paraguay,1981,1.383,0.441
36844,Paraguay,1982,1.362,0.422
36845,Paraguay,1983,1.408,0.424
36846,Paraguay,1984,1.49,0.437
36847,Paraguay,1985,1.548,0.441
36848,Paraguay,1986,1.655,0.458
36849,Paraguay,1987,1.877,0.505
36850,Paraguay,1988,2.144,0.561
36851,Paraguay,1989,2.223,0.566
36852,Paraguay,1990,2.136,0.529
36853,Paraguay,1991,2.103,0.508
36854,Paraguay,1992,2.58,0.607
36855,Paraguay,1993,2.914,0.668
36856,Paraguay,1994,3.404,0.761
36857,Paraguay,1995,3.937,0.86
36858,Paraguay,1996,3.719,0.793
36859,Paraguay,1997,4.128,0.861
36860,Paraguay,1998,4.384,0.895
36861,Paraguay,1999,4.376,0.875
36862,Paraguay,2000,3.606,0.707
36863,Paraguay,2001,3.696,0.712
36864,Paraguay,2002,3.857,0.733
36865,Paraguay,2003,4.031,0.757
36866,Paraguay,2004,4.061,0.754
36867,Paraguay,2005,3.78,0.694
36868,Paraguay,2006,3.909,0.71
36869,Paraguay,2007,4.042,0.727
36870,Paraguay,2008,4.278,0.762
36871,Paraguay,2009,4.531,0.799
36872,Paraguay,2010,5.022,0.875
36873,Paraguay,2011,5.199,0.894
36874,Paraguay,2012,5.173,0.877
36875,Paraguay,2013,5.172,0.865
36876,Paraguay,2014,5.458,0.899
36877,Paraguay,2015,6.051,0.982
36878,Paraguay,2016,7.193,1.151
36879,Paraguay,2017,7.932,1.251
36880,Paraguay,2018,8.401,1.307
36881,Paraguay,2019,8.133,1.248
36882,Paraguay,2020,7.377,1.117
36883,Paraguay,2021,8.133,1.217
36884,Paraguay,2022,8.107,1.199
36885,Paraguay,2023,8.139,1.189
36892,Peru,1856,0.051,0.018
36893,Peru,1857,0.062,0.023
36894,Peru,1858,0.045,0.017
36895,Peru,1859,0.033,0.013
36896,Peru,1860,0.058,0.023
36897,Peru,1861,0.08,0.032
36898,Peru,1862,0.071,0.028
36899,Peru,1863,0.071,0.028
36900,Peru,1864,0.129,0.051
36901,Peru,1865,0.138,0.054
36902,Peru,1866,0.163,0.064
36903,Peru,1867,0.091,0.035
36904,Peru,1868,0.195,0.075
36905,Peru,1869,0.132,0.051
36906,Peru,1870,0.244,0.093
36907,Peru,1871,0.288,0.109
36908,Peru,1872,0.507,0.19
36909,Peru,1873,0.474,0.175
36910,Peru,1874,0.329,0.12
36911,Peru,1875,0.317,0.114
36912,Peru,1876,0.237,0.085
36913,Peru,1877,0.21,0.074
36914,Peru,1878,0.208,0.072
36915,Peru,1879,0.234,0.08
36916,Peru,1880,0.123,0.042
36917,Peru,1881,0.124,0.041
36918,Peru,1882,0.179,0.059
36919,Peru,1883,0.171,0.056
36920,Peru,1884,0.233,0.075
36921,Peru,1885,0.152,0.048
36922,Peru,1886,0.143,0.045
36923,Peru,1887,0.208,0.065
36924,Peru,1888,0.47,0.144
36925,Peru,1889,0.165,0.05
36926,Peru,1890,0.184,0.055
36927,Peru,1891,0.172,0.051
36928,Peru,1892,0.219,0.064
36929,Peru,1893,0.162,0.047
36930,Peru,1894,0.152,0.044
36931,Peru,1895,0.14,0.04
36932,Peru,1896,0.131,0.037
36933,Peru,1897,0.105,0.03
36934,Peru,1898,0.177,0.049
36935,Peru,1899,0.244,0.068
36936,Peru,1900,0.283,0.078
36937,Peru,1901,0.299,0.081
36938,Peru,1902,0.295,0.079
36939,Peru,1903,0.328,0.087
36940,Peru,1904,0.461,0.12
36941,Peru,1905,0.421,0.108
36942,Peru,1906,0.507,0.129
36943,Peru,1907,0.94,0.236
36944,Peru,1908,1.504,0.373
36945,Peru,1909,1.548,0.379
36946,Peru,1910,1.436,0.347
36947,Peru,1911,1.616,0.386
36948,Peru,1912,1.546,0.364
36949,Peru,1913,1.712,0.399
36950,Peru,1914,1.636,0.376
36951,Peru,1915,1.921,0.436
36952,Peru,1916,2.173,0.487
36953,Peru,1917,2.241,0.496
36954,Peru,1918,2.028,0.443
36955,Peru,1919,2.171,0.468
36956,Peru,1920,2.255,0.48
36957,Peru,1921,2.547,0.534
36958,Peru,1922,3.074,0.635
36959,Peru,1923,3.058,0.622
36960,Peru,1924,3.702,0.742
36961,Peru,1925,4.862,0.959
36962,Peru,1926,4.801,0.932
36963,Peru,1927,4.785,0.915
36964,Peru,1928,5.408,1.018
36965,Peru,1929,7.144,1.324
36966,Peru,1930,5.659,1.032
36967,Peru,1931,4.593,0.824
36968,Peru,1932,4.152,0.733
36969,Peru,1933,6.707,1.166
36970,Peru,1934,6.81,1.165
36971,Peru,1935,7.242,1.219
36972,Peru,1936,7.457,1.235
36973,Peru,1937,8.835,1.44
36974,Peru,1938,8.037,1.289
36975,Peru,1939,5.867,0.926
36976,Peru,1940,5.307,0.823
36977,Peru,1941,5.252,0.801
36978,Peru,1942,6.036,0.906
36979,Peru,1943,6.51,0.96
36980,Peru,1944,6.429,0.932
36981,Peru,1945,6.193,0.883
36982,Peru,1946,5.625,0.789
36983,Peru,1947,5.812,0.801
36984,Peru,1948,6.338,0.859
36985,Peru,1949,6.593,0.877
36986,Peru,1950,4.545,0.592
36987,Peru,1951,4.773,0.605
36988,Peru,1952,5.187,0.639
36989,Peru,1953,5.513,0.661
36990,Peru,1954,6.234,0.727
36991,Peru,1955,6.124,0.694
36992,Peru,1956,6.311,0.696
36993,Peru,1957,6.674,0.715
36994,Peru,1958,7.373,0.768
36995,Peru,1959,7.216,0.73
36996,Peru,1960,8.165,0.802
36997,Peru,1961,8.634,0.824
36998,Peru,1962,9.96,0.924
36999,Peru,1963,10.223,0.921
37000,Peru,1964,12.253,1.072
37001,Peru,1965,11.952,1.016
37002,Peru,1966,13.241,1.094
37003,Peru,1967,13.64,1.096
37004,Peru,1968,14.487,1.131
37005,Peru,1969,15.285,1.161
37006,Peru,1970,17.766,1.316
37007,Peru,1971,18.591,1.343
37008,Peru,1972,18.148,1.277
37009,Peru,1973,19.723,1.352
37010,Peru,1974,21.325,1.426
37011,Peru,1975,21.927,1.43
37012,Peru,1976,22.4,1.425
37013,Peru,1977,23.296,1.446
37014,Peru,1978,22.413,1.357
37015,Peru,1979,22.217,1.312
37016,Peru,1980,24.065,1.386
37017,Peru,1981,24.027,1.35
37018,Peru,1982,23.6,1.293
37019,Peru,1983,20.393,1.09
37020,Peru,1984,20.632,1.076
37021,Peru,1985,19.455,0.99
37022,Peru,1986,21.775,1.082
37023,Peru,1987,25.694,1.248
37024,Peru,1988,25.018,1.188
37025,Peru,1989,21.762,1.011
37026,Peru,1990,21.401,0.972
37027,Peru,1991,20.758,0.923
37028,Peru,1992,20.986,0.915
37029,Peru,1993,23.885,1.02
37030,Peru,1994,24.177,1.012
37031,Peru,1995,25.143,1.033
37032,Peru,1996,24.717,0.996
37033,Peru,1997,27.747,1.098
37034,Peru,1998,28.062,1.09
37035,Peru,1999,29.562,1.129
37036,Peru,2000,28.678,1.078
37037,Peru,2001,25.416,0.943
37038,Peru,2002,25.439,0.932
37039,Peru,2003,24.676,0.895
37040,Peru,2004,28.334,1.017
37041,Peru,2005,30.321,1.079
37042,Peru,2006,28.197,0.996
37043,Peru,2007,34.306,1.202
37044,Peru,2008,35.299,1.229
37045,Peru,2009,39.511,1.367
37046,Peru,2010,42.505,1.461
37047,Peru,2011,42.173,1.439
37048,Peru,2012,45.509,1.54
37049,Peru,2013,43.024,1.443
37050,Peru,2014,49.388,1.64
37051,Peru,2015,49.228,1.616
37052,Peru,2016,52.733,1.708
37053,Peru,2017,54.859,1.751
37054,Peru,2018,55.848,1.751
37055,Peru,2019,58.365,1.799
37056,Peru,2020,46.925,1.429
37057,Peru,2021,52.017,1.569
37058,Peru,2022,54.793,1.637
37059,Peru,2023,55.864,1.651
37117,Philippines,1907,0.007,0.001
37118,Philippines,1908,0.018,0.002
37119,Philippines,1909,0.055,0.007
37120,Philippines,1910,0.051,0.007
37121,Philippines,1911,0.037,0.005
37122,Philippines,1912,0.004,0.0
37123,Philippines,1913,0.007,0.001
37124,Philippines,1914,0.018,0.002
37125,Philippines,1915,0.055,0.006
37126,Philippines,1916,0.051,0.006
37127,Philippines,1917,0.011,0.001
37128,Philippines,1918,0.029,0.003
37129,Philippines,1919,0.059,0.006
37130,Philippines,1920,0.103,0.011
37131,Philippines,1921,0.07,0.007
37132,Philippines,1922,0.077,0.008
37133,Philippines,1923,0.077,0.008
37134,Philippines,1924,0.084,0.008
37135,Philippines,1925,0.084,0.008
37136,Philippines,1926,0.051,0.005
37137,Philippines,1927,0.04,0.004
37138,Philippines,1928,0.08,0.007
37139,Philippines,1929,0.069,0.006
37140,Philippines,1930,0.088,0.008
37141,Philippines,1931,0.08,0.007
37142,Philippines,1932,0.087,0.007
37143,Philippines,1933,0.077,0.006
37144,Philippines,1934,0.088,0.007
37145,Philippines,1935,0.098,0.008
37146,Philippines,1936,0.12,0.009
37147,Philippines,1937,0.12,0.009
37148,Philippines,1938,0.157,0.011
37149,Philippines,1939,0.084,0.006
37150,Philippines,1940,0.114,0.008
37151,Philippines,1941,0.091,0.006
37155,Philippines,1945,0.015,0.001
37156,Philippines,1946,0.113,0.007
37157,Philippines,1947,0.197,0.012
37158,Philippines,1948,0.216,0.012
37159,Philippines,1949,0.318,0.018
37160,Philippines,1950,3.604,0.191
37161,Philippines,1951,3.553,0.182
37162,Philippines,1952,4.051,0.199
37163,Philippines,1953,4.033,0.191
37164,Philippines,1954,5.33,0.242
37165,Philippines,1955,6.616,0.289
37166,Philippines,1956,6.253,0.262
37167,Philippines,1957,6.729,0.271
37168,Philippines,1958,7.56,0.293
37169,Philippines,1959,7.226,0.269
37170,Philippines,1960,8.325,0.298
37171,Philippines,1961,8.713,0.303
37172,Philippines,1962,10.336,0.348
37173,Philippines,1963,11.472,0.374
37174,Philippines,1964,12.823,0.405
37175,Philippines,1965,13.965,0.428
37176,Philippines,1966,16.104,0.479
37177,Philippines,1967,18.209,0.526
37178,Philippines,1968,22.223,0.624
37179,Philippines,1969,22.829,0.623
37180,Philippines,1970,24.751,0.658
37181,Philippines,1971,27.552,0.715
37182,Philippines,1972,26.409,0.67
37183,Philippines,1973,31.501,0.782
37184,Philippines,1974,30.492,0.741
37185,Philippines,1975,32.482,0.771
37186,Philippines,1976,35.066,0.812
37187,Philippines,1977,36.676,0.827
37188,Philippines,1978,37.38,0.82
37189,Philippines,1979,38.031,0.813
37190,Philippines,1980,36.869,0.767
37191,Philippines,1981,34.528,0.7
37192,Philippines,1982,34.839,0.687
37193,Philippines,1983,35.239,0.675
37194,Philippines,1984,30.831,0.574
37195,Philippines,1985,27.899,0.505
37196,Philippines,1986,29.025,0.512
37197,Philippines,1987,32.496,0.559
37198,Philippines,1988,37.485,0.627
37199,Philippines,1989,38.907,0.635
37200,Philippines,1990,40.91,0.651
37201,Philippines,1991,43.032,0.668
37202,Philippines,1992,47.934,0.727
37203,Philippines,1993,48.548,0.719
37204,Philippines,1994,53.741,0.779
37205,Philippines,1995,59.525,0.844
37206,Philippines,1996,60.814,0.842
37207,Philippines,1997,69.615,0.942
37208,Philippines,1998,67.809,0.895
37209,Philippines,1999,67.734,0.871
37210,Philippines,2000,71.902,0.903
37211,Philippines,2001,70.143,0.862
37212,Philippines,2002,70.069,0.844
37213,Philippines,2003,70.107,0.827
37214,Philippines,2004,72.663,0.841
37215,Philippines,2005,73.16,0.831
37216,Philippines,2006,66.279,0.74
37217,Philippines,2007,70.444,0.773
37218,Philippines,2008,76.979,0.83
37219,Philippines,2009,75.91,0.804
37220,Philippines,2010,82.598,0.857
37221,Philippines,2011,83.41,0.849
37222,Philippines,2012,88.119,0.88
37223,Philippines,2013,95.519,0.936
37224,Philippines,2014,100.784,0.971
37225,Philippines,2015,111.852,1.062
37226,Philippines,2016,120.987,1.134
37227,Philippines,2017,134.447,1.243
37228,Philippines,2018,140.785,1.286
37229,Philippines,2019,143.526,1.295
37230,Philippines,2020,132.232,1.18
37231,Philippines,2021,141.174,1.248
37232,Philippines,2022,144.898,1.271
37233,Philippines,2023,154.579,1.345
37234,Poland,1800,0.407,0.045
37235,Poland,1801,0.443,0.049
37236,Poland,1802,0.451,0.049
37237,Poland,1803,0.462,0.05
37238,Poland,1804,0.458,0.049
37239,Poland,1805,0.572,0.061
37240,Poland,1806,0.52,0.055
37241,Poland,1807,0.377,0.04
37242,Poland,1808,0.502,0.053
37243,Poland,1809,0.473,0.049
37244,Poland,1810,0.568,0.059
37245,Poland,1811,0.59,0.06
37246,Poland,1812,0.454,0.046
37247,Poland,1813,0.381,0.038
37248,Poland,1814,0.502,0.05
37249,Poland,1815,0.59,0.059
37250,Poland,1816,0.678,0.067
37251,Poland,1817,0.744,0.073
37252,Poland,1818,0.923,0.09
37253,Poland,1819,0.758,0.073
37254,Poland,1820,0.747,0.072
37255,Poland,1821,0.828,0.079
37256,Poland,1822,0.909,0.086
37257,Poland,1823,1.22,0.114
37258,Poland,1824,1.275,0.119
37259,Poland,1825,1.326,0.123
37260,Poland,1826,1.22,0.112
37261,Poland,1827,1.308,0.119
37262,Poland,1828,1.209,0.109
37263,Poland,1829,1.066,0.096
37264,Poland,1830,0.989,0.088
37265,Poland,1831,0.81,0.072
37266,Poland,1832,1.033,0.091
37267,Poland,1833,1.074,0.094
37268,Poland,1834,1.129,0.098
37269,Poland,1835,1.209,0.104
37270,Poland,1836,1.37,0.117
37271,Poland,1837,1.473,0.125
37272,Poland,1838,1.587,0.133
37273,Poland,1839,1.682,0.14
37274,Poland,1840,1.968,0.163
37275,Poland,1841,2.14,0.176
37276,Poland,1842,2.283,0.186
37277,Poland,1843,2.246,0.182
37278,Poland,1844,2.393,0.192
37279,Poland,1845,2.792,0.223
37280,Poland,1846,2.95,0.234
37281,Poland,1847,3.023,0.238
37282,Poland,1848,3.045,0.238
37283,Poland,1849,3.004,0.233
37284,Poland,1850,3.202,0.245
37285,Poland,1851,3.459,0.262
37286,Poland,1852,4.129,0.31
37287,Poland,1853,4.316,0.32
37288,Poland,1854,4.778,0.349
37289,Poland,1855,5.621,0.406
37290,Poland,1856,6.317,0.45
37291,Poland,1857,6.716,0.473
37292,Poland,1858,7.705,0.536
37293,Poland,1859,7.112,0.488
37294,Poland,1860,7.486,0.507
37295,Poland,1861,7.669,0.513
37296,Poland,1862,8.805,0.582
37297,Poland,1863,10.054,0.656
37298,Poland,1864,11.219,0.723
37299,Poland,1865,12.421,0.79
37300,Poland,1866,12.153,0.763
37301,Poland,1867,13.293,0.824
37302,Poland,1868,15.118,0.926
37303,Poland,1869,15.612,0.943
37304,Poland,1870,16.664,0.993
37305,Poland,1871,18.972,1.115
37306,Poland,1872,20.632,1.196
37307,Poland,1873,22.35,1.276
37308,Poland,1874,24.498,1.378
37309,Poland,1875,24.058,1.333
37310,Poland,1876,24.589,1.343
37311,Poland,1877,23.134,1.245
37312,Poland,1878,24.333,1.29
37313,Poland,1879,26.487,1.383
37314,Poland,1880,26.348,1.356
37315,Poland,1881,26.231,1.33
37316,Poland,1882,27.246,1.361
37317,Poland,1883,29.928,1.473
37318,Poland,1884,31.203,1.513
37319,Poland,1885,32.599,1.558
37320,Poland,1886,33.43,1.574
37321,Poland,1887,33.676,1.562
37322,Poland,1888,37.501,1.714
37323,Poland,1889,40.517,1.827
37324,Poland,1890,41.865,1.865
37325,Poland,1891,45.342,1.999
37326,Poland,1892,43.096,1.883
37327,Poland,1893,45.335,1.966
37328,Poland,1894,46.093,1.984
37329,Poland,1895,48.991,2.093
37330,Poland,1896,52.725,2.235
37331,Poland,1897,55.092,2.318
37332,Poland,1898,59.844,2.498
37333,Poland,1899,61.918,2.566
37334,Poland,1900,63.307,2.604
37335,Poland,1901,66.897,2.732
37336,Poland,1902,65.49,2.655
37337,Poland,1903,68.487,2.757
37338,Poland,1904,69.382,2.774
37339,Poland,1905,74.885,2.973
37340,Poland,1906,78.692,3.102
37341,Poland,1907,87.196,3.413
37342,Poland,1908,93.022,3.616
37343,Poland,1909,95.535,3.701
37344,Poland,1910,94.546,3.663
37345,Poland,1911,99.602,3.874
37346,Poland,1912,110.935,4.346
37347,Poland,1913,116.207,4.602
37348,Poland,1914,97.004,3.884
37349,Poland,1915,94.744,3.835
37350,Poland,1916,108.777,4.452
37351,Poland,1917,120.883,5.002
37352,Poland,1918,101.526,4.246
37353,Poland,1919,2.73,0.115
37354,Poland,1920,76.38,3.21
37355,Poland,1921,74.947,3.132
37356,Poland,1922,71.77,2.967
37357,Poland,1923,52.549,2.137
37358,Poland,1924,47.837,1.914
37359,Poland,1925,48.075,1.893
37360,Poland,1926,48.13,1.864
37361,Poland,1927,60.669,2.312
37362,Poland,1928,62.888,2.358
37363,Poland,1929,72.69,2.687
37364,Poland,1930,56.565,2.066
37365,Poland,1931,54.826,1.982
37366,Poland,1932,41.977,1.505
37367,Poland,1933,43.204,1.539
37368,Poland,1934,45.215,1.601
37369,Poland,1935,46.148,1.624
37370,Poland,1936,49.896,1.745
37371,Poland,1937,56.336,1.958
37372,Poland,1938,59.936,2.07
37373,Poland,1939,51.901,1.79
37374,Poland,1940,167.247,5.79
37375,Poland,1941,164.803,5.756
37376,Poland,1942,181.613,6.431
37377,Poland,1943,197.786,7.139
37378,Poland,1944,189.04,6.954
37379,Poland,1945,59.458,2.229
37380,Poland,1946,104.594,3.997
37381,Poland,1947,91.546,3.565
37382,Poland,1948,88.925,3.53
37383,Poland,1949,105.426,4.234
37384,Poland,1950,112.123,4.525
37385,Poland,1951,122.132,4.842
37386,Poland,1952,128.042,4.988
37387,Poland,1953,139.193,5.328
37388,Poland,1954,147.568,5.55
37389,Poland,1955,154.202,5.698
37390,Poland,1956,166.417,6.044
37391,Poland,1957,178.682,6.364
37392,Poland,1958,176.735,6.17
37393,Poland,1959,189.66,6.51
37394,Poland,1960,199.577,6.748
37395,Poland,1961,207.235,6.913
37396,Poland,1962,216.607,7.14
37397,Poland,1963,230.999,7.531
37398,Poland,1964,242.88,7.837
37399,Poland,1965,246.981,7.894
37400,Poland,1966,252.431,7.996
37401,Poland,1967,259.025,8.138
37402,Poland,1968,275.801,8.598
37403,Poland,1969,293.365,9.076
37404,Poland,1970,304.143,9.346
37405,Poland,1971,312.881,9.547
37406,Poland,1972,329.506,9.972
37407,Poland,1973,335.59,10.068
37408,Poland,1974,346.237,10.292
37409,Poland,1975,374.78,11.034
37410,Poland,1976,398.119,11.608
37411,Poland,1977,417.955,12.07
37412,Poland,1978,430.87,12.334
37413,Poland,1979,441.309,12.52
37414,Poland,1980,463.329,13.023
37415,Poland,1981,408.997,11.392
37416,Poland,1982,420.97,11.618
37417,Poland,1983,421.024,11.512
37418,Poland,1984,432.467,11.718
37419,Poland,1985,444.508,11.949
37420,Poland,1986,451.849,12.065
37421,Poland,1987,463.733,12.312
37422,Poland,1988,444.23,11.747
37423,Poland,1989,422.175,11.128
37424,Poland,1990,376.641,9.897
37425,Poland,1991,373.623,9.793
37426,Poland,1992,364.511,9.534
37427,Poland,1993,365.175,9.536
37428,Poland,1994,360.218,9.394
37429,Poland,1995,362.615,9.452
37430,Poland,1996,377.285,9.836
37431,Poland,1997,367.236,9.576
37432,Poland,1998,339.076,8.847
37433,Poland,1999,329.266,8.6
37434,Poland,2000,317.452,8.298
37435,Poland,2001,313.501,8.197
37436,Poland,2002,306.123,8.008
37437,Poland,2003,318.951,8.349
37438,Poland,2004,323.796,8.484
37439,Poland,2005,322.768,8.466
37440,Poland,2006,336.577,8.841
37441,Poland,2007,335.924,8.835
37442,Poland,2008,329.566,8.674
37443,Poland,2009,316.043,8.316
37444,Poland,2010,334.222,8.773
37445,Poland,2011,333.601,8.731
37446,Poland,2012,325.956,8.522
37447,Poland,2013,321.927,8.414
37448,Poland,2014,309.596,8.091
37449,Poland,2015,312.756,8.173
37450,Poland,2016,323.555,8.456
37451,Poland,2017,336.767,8.803
37452,Poland,2018,336.069,8.788
37453,Poland,2019,317.725,8.312
37454,Poland,2020,302.433,7.923
37455,Poland,2021,330.979,8.701
37456,Poland,2022,315.042,8.207
37457,Poland,2023,289.282,7.463
37478,Portugal,1870,0.022,0.005
37479,Portugal,1871,0.037,0.008
37480,Portugal,1872,0.52,0.119
37481,Portugal,1873,0.725,0.165
37482,Portugal,1874,0.531,0.12
37483,Portugal,1875,1.169,0.262
37484,Portugal,1876,1.147,0.255
37485,Portugal,1877,0.671,0.148
37486,Portugal,1878,0.641,0.141
37487,Portugal,1879,0.707,0.154
37488,Portugal,1880,0.879,0.191
37489,Portugal,1881,0.89,0.191
37490,Portugal,1882,1.085,0.231
37491,Portugal,1883,1.14,0.241
37492,Portugal,1884,1.202,0.252
37493,Portugal,1885,1.114,0.232
37494,Portugal,1886,1.231,0.254
37495,Portugal,1887,1.268,0.259
37496,Portugal,1888,1.367,0.277
37497,Portugal,1889,1.572,0.316
37498,Portugal,1890,1.678,0.334
37499,Portugal,1891,1.74,0.344
37500,Portugal,1892,1.693,0.332
37501,Portugal,1893,1.513,0.295
37502,Portugal,1894,1.777,0.344
37503,Portugal,1895,1.696,0.326
37504,Portugal,1896,1.729,0.33
37505,Portugal,1897,1.817,0.344
37506,Portugal,1898,2.081,0.391
37507,Portugal,1899,2.143,0.4
37508,Portugal,1900,2.466,0.456
37509,Portugal,1901,2.389,0.439
37510,Portugal,1902,2.62,0.477
37511,Portugal,1903,2.521,0.455
37512,Portugal,1904,2.579,0.462
37513,Portugal,1905,2.521,0.448
37514,Portugal,1906,2.898,0.51
37515,Portugal,1907,3.162,0.552
37516,Portugal,1908,3.144,0.544
37517,Portugal,1909,3.195,0.549
37518,Portugal,1910,3.25,0.555
37519,Portugal,1911,3.144,0.534
37520,Portugal,1912,3.653,0.619
37521,Portugal,1913,3.858,0.652
37522,Portugal,1914,3.375,0.569
37523,Portugal,1915,3.085,0.519
37524,Portugal,1916,2.99,0.501
37525,Portugal,1917,1.656,0.277
37526,Portugal,1918,1.096,0.183
37527,Portugal,1919,2.158,0.359
37528,Portugal,1920,2.103,0.347
37529,Portugal,1921,2.147,0.352
37530,Portugal,1922,2.961,0.48
37531,Portugal,1923,2.678,0.429
37532,Portugal,1924,3.03,0.48
37533,Portugal,1925,3.122,0.489
37534,Portugal,1926,3.136,0.485
37535,Portugal,1927,3.631,0.555
37536,Portugal,1928,3.993,0.604
37537,Portugal,1929,3.968,0.593
37538,Portugal,1930,4.323,0.638
37539,Portugal,1931,3.92,0.571
37540,Portugal,1932,3.389,0.488
37541,Portugal,1933,3.997,0.568
37542,Portugal,1934,4.096,0.575
37543,Portugal,1935,4.378,0.607
37544,Portugal,1936,4.128,0.566
37545,Portugal,1937,4.931,0.668
37546,Portugal,1938,4.117,0.551
37547,Portugal,1939,4.751,0.628
37548,Portugal,1940,3.897,0.509
37549,Portugal,1941,3.78,0.489
37550,Portugal,1942,3.025,0.387
37551,Portugal,1943,2.941,0.373
37552,Portugal,1944,3.245,0.408
37553,Portugal,1945,3.337,0.415
37554,Portugal,1946,3.89,0.479
37555,Portugal,1947,5.542,0.676
37556,Portugal,1948,5.252,0.635
37557,Portugal,1949,5.52,0.661
37558,Portugal,1950,5.618,0.667
37559,Portugal,1951,5.394,0.637
37560,Portugal,1952,5.35,0.628
37561,Portugal,1953,5.929,0.692
37562,Portugal,1954,5.79,0.672
37563,Portugal,1955,6.46,0.746
37564,Portugal,1956,7.163,0.823
37565,Portugal,1957,7.782,0.89
37566,Portugal,1958,7.555,0.859
37567,Portugal,1959,7.98,0.903
37568,Portugal,1960,8.214,0.926
37569,Portugal,1961,9.078,1.021
37570,Portugal,1962,9.29,1.044
37571,Portugal,1963,10.012,1.125
37572,Portugal,1964,11.007,1.237
37573,Portugal,1965,11.582,1.303
37574,Portugal,1966,11.835,1.334
37575,Portugal,1967,12.392,1.401
37576,Portugal,1968,12.992,1.475
37577,Portugal,1969,14.593,1.667
37578,Portugal,1970,15.236,1.757
37579,Portugal,1971,16.376,1.885
37580,Portugal,1972,18.307,2.077
37581,Portugal,1973,19.945,2.231
37582,Portugal,1974,20.645,2.279
37583,Portugal,1975,21.275,2.317
37584,Portugal,1976,22.326,2.398
37585,Portugal,1977,22.605,2.395
37586,Portugal,1978,22.585,2.363
37587,Portugal,1979,24.856,2.572
37588,Portugal,1980,26.773,2.742
37589,Portugal,1981,27.0,2.745
37590,Portugal,1982,29.0,2.933
37591,Portugal,1983,29.902,3.013
37592,Portugal,1984,28.794,2.892
37593,Portugal,1985,27.13,2.719
37594,Portugal,1986,30.221,3.024
37595,Portugal,1987,31.198,3.119
37596,Portugal,1988,32.568,3.255
37597,Portugal,1989,40.822,4.082
37598,Portugal,1990,45.311,4.536
37599,Portugal,1991,47.131,4.728
37600,Portugal,1992,50.957,5.116
37601,Portugal,1993,49.469,4.961
37602,Portugal,1994,50.243,5.025
37603,Portugal,1995,54.503,5.433
37604,Portugal,1996,51.799,5.145
37605,Portugal,1997,54.669,5.407
37606,Portugal,1998,59.211,5.828
37607,Portugal,1999,66.878,6.547
37608,Portugal,2000,65.657,6.385
37609,Portugal,2001,65.187,6.296
37610,Portugal,2002,69.582,6.682
37611,Portugal,2003,64.482,6.168
37612,Portugal,2004,67.302,6.421
37613,Portugal,2005,69.64,6.63
37614,Portugal,2006,64.856,6.163
37615,Portugal,2007,62.38,5.915
37616,Portugal,2008,60.009,5.681
37617,Portugal,2009,57.147,5.403
37618,Portugal,2010,52.89,5.0
37619,Portugal,2011,51.784,4.905
37620,Portugal,2012,49.932,4.749
37621,Portugal,2013,48.146,4.604
37622,Portugal,2014,47.942,4.607
37623,Portugal,2015,52.233,5.037
37624,Portugal,2016,50.311,4.863
37625,Portugal,2017,55.165,5.34
37626,Portugal,2018,51.34,4.972
37627,Portugal,2019,47.583,4.6
37628,Portugal,2020,41.738,4.025
37629,Portugal,2021,40.284,3.877
37630,Portugal,2022,40.687,3.906
37631,Portugal,2023,37.228,3.569
37731,Qatar,1949,0.26,11.039
37732,Qatar,1950,0.352,14.473
37733,Qatar,1951,0.388,15.479
37734,Qatar,1952,0.194,7.495
37735,Qatar,1953,0.366,13.691
37736,Qatar,1954,0.608,22.004
37737,Qatar,1955,0.418,14.626
37738,Qatar,1956,0.506,17.112
37739,Qatar,1957,0.311,10.159
37740,Qatar,1958,0.169,5.268
37741,Qatar,1959,0.183,5.44
37742,Qatar,1960,0.176,4.882
37743,Qatar,1961,0.161,4.061
37744,Qatar,1962,0.191,4.267
37745,Qatar,1963,6.134,121.712
37746,Qatar,1964,6.269,110.209
37747,Qatar,1965,6.287,98.115
37748,Qatar,1966,6.273,86.872
37749,Qatar,1967,6.683,82.047
37750,Qatar,1968,7.075,77.102
37751,Qatar,1969,7.167,69.55
37752,Qatar,1970,7.561,64.978
37753,Qatar,1971,9.144,69.615
37754,Qatar,1972,10.775,73.543
37755,Qatar,1973,12.457,76.966
37756,Qatar,1974,10.479,59.077
37757,Qatar,1975,10.947,56.693
37758,Qatar,1976,10.375,49.625
37759,Qatar,1977,9.916,44.013
37760,Qatar,1978,10.519,43.499
37761,Qatar,1979,14.342,55.445
37762,Qatar,1980,13.082,47.411
37763,Qatar,1981,12.841,43.741
37764,Qatar,1982,12.335,39.593
37765,Qatar,1983,11.243,34.097
37766,Qatar,1984,12.298,35.35
37767,Qatar,1985,12.378,33.824
37768,Qatar,1986,13.267,34.692
37769,Qatar,1987,11.471,28.892
37770,Qatar,1988,11.898,28.929
37771,Qatar,1989,14.292,33.577
37772,Qatar,1990,11.411,25.924
37773,Qatar,1991,17.38,38.211
37774,Qatar,1992,26.78,57.021
37775,Qatar,1993,30.684,63.325
37776,Qatar,1994,32.343,64.756
37777,Qatar,1995,33.137,64.427
37778,Qatar,1996,34.424,65.07
37779,Qatar,1997,42.182,76.624
37780,Qatar,1998,36.888,63.54
37781,Qatar,1999,36.248,59.18
37782,Qatar,2000,40.314,62.504
37783,Qatar,2001,45.817,67.584
37784,Qatar,2002,45.067,63.366
37785,Qatar,2003,46.515,62.462
37786,Qatar,2004,47.32,61.19
37787,Qatar,2005,47.551,57.608
37788,Qatar,2006,59.63,61.295
37789,Qatar,2007,59.383,49.134
37790,Qatar,2008,61.637,43.195
37791,Qatar,2009,65.074,41.029
37792,Qatar,2010,73.422,42.956
37793,Qatar,2011,81.493,45.0
37794,Qatar,2012,93.321,48.933
37795,Qatar,2013,82.808,40.739
37796,Qatar,2014,91.178,41.101
37797,Qatar,2015,91.194,37.57
37798,Qatar,2016,87.385,33.618
37799,Qatar,2017,100.111,36.986
37800,Qatar,2018,95.467,34.575
37801,Qatar,2019,101.019,36.105
37802,Qatar,2020,102.501,36.564
37803,Qatar,2021,104.244,37.032
37804,Qatar,2022,106.152,36.699
37805,Qatar,2023,115.712,38.841
37814,Romania,1858,0.004,0.0
37815,Romania,1859,0.004,0.0
37816,Romania,1860,0.004,0.0
37817,Romania,1861,0.007,0.001
37818,Romania,1862,0.011,0.001
37819,Romania,1863,0.011,0.001
37820,Romania,1864,0.015,0.002
37821,Romania,1865,0.015,0.002
37822,Romania,1866,0.018,0.002
37823,Romania,1867,0.022,0.002
37824,Romania,1868,0.026,0.003
37825,Romania,1869,0.026,0.003
37826,Romania,1870,0.037,0.004
37827,Romania,1871,0.04,0.004
37828,Romania,1872,0.04,0.004
37829,Romania,1873,0.044,0.005
37830,Romania,1874,0.044,0.005
37831,Romania,1875,0.048,0.005
37832,Romania,1876,0.048,0.005
37833,Romania,1877,0.048,0.005
37834,Romania,1878,0.048,0.005
37835,Romania,1879,0.048,0.005
37836,Romania,1880,0.048,0.005
37837,Romania,1881,0.051,0.005
37838,Romania,1882,0.224,0.023
37839,Romania,1883,0.407,0.041
37840,Romania,1884,0.473,0.047
37841,Romania,1885,0.451,0.045
37842,Romania,1886,0.484,0.048
37843,Romania,1887,0.528,0.052
37844,Romania,1888,0.63,0.062
37845,Romania,1889,0.645,0.063
37846,Romania,1890,0.806,0.078
37847,Romania,1891,1.118,0.107
37848,Romania,1892,1.052,0.1
37849,Romania,1893,1.136,0.108
37850,Romania,1894,1.041,0.098
37851,Romania,1895,1.077,0.101
37852,Romania,1896,1.118,0.104
37853,Romania,1897,1.297,0.12
37854,Romania,1898,1.711,0.157
37855,Romania,1899,1.612,0.147
37856,Romania,1900,1.238,0.113
37857,Romania,1901,1.594,0.144
37858,Romania,1902,1.59,0.142
37859,Romania,1903,1.847,0.164
37860,Romania,1904,2.187,0.193
37861,Romania,1905,2.66,0.233
37862,Romania,1906,3.598,0.313
37863,Romania,1907,4.558,0.393
37864,Romania,1908,4.386,0.375
37865,Romania,1909,4.858,0.413
37866,Romania,1910,4.818,0.407
37867,Romania,1911,5.774,0.485
37868,Romania,1912,6.013,0.503
37869,Romania,1913,6.991,0.583
37870,Romania,1914,5.785,0.48
37871,Romania,1915,5.144,0.425
37872,Romania,1916,2.997,0.247
37873,Romania,1917,2.514,0.206
37874,Romania,1918,3.188,0.261
37875,Romania,1919,4.664,0.379
37876,Romania,1920,5.485,0.442
37877,Romania,1921,5.917,0.472
37878,Romania,1922,7.141,0.563
37879,Romania,1923,8.475,0.66
37880,Romania,1924,10.006,0.768
37881,Romania,1925,11.71,0.887
37882,Romania,1926,14.502,1.084
37883,Romania,1927,16.125,1.189
37884,Romania,1928,18.271,1.329
37885,Romania,1929,20.491,1.47
37886,Romania,1930,23.243,1.647
37887,Romania,1931,25.849,1.808
37888,Romania,1932,27.358,1.891
37889,Romania,1933,27.311,1.866
37890,Romania,1934,31.659,2.137
37891,Romania,1935,31.531,2.104
37892,Romania,1936,33.154,2.186
37893,Romania,1937,28.464,1.855
37894,Romania,1938,26.712,1.72
37895,Romania,1939,25.188,1.606
37896,Romania,1940,23.946,1.515
37897,Romania,1941,22.546,1.417
37898,Romania,1942,23.672,1.482
37899,Romania,1943,22.107,1.38
37900,Romania,1944,15.058,0.938
37901,Romania,1945,18.905,1.175
37902,Romania,1946,17.465,1.082
37903,Romania,1947,16.347,1.011
37904,Romania,1948,23.375,1.441
37905,Romania,1949,23.114,1.419
37906,Romania,1950,19.417,1.184
37907,Romania,1951,22.503,1.354
37908,Romania,1952,26.631,1.581
37909,Romania,1953,30.627,1.795
37910,Romania,1954,33.504,1.94
37911,Romania,1955,36.782,2.105
37912,Romania,1956,40.779,2.305
37913,Romania,1957,45.93,2.568
37914,Romania,1958,49.794,2.759
37915,Romania,1959,50.643,2.784
37916,Romania,1960,53.394,2.916
37917,Romania,1961,55.716,3.024
37918,Romania,1962,63.813,3.447
37919,Romania,1963,69.455,3.737
37920,Romania,1964,72.037,3.861
37921,Romania,1965,78.637,4.202
37922,Romania,1966,84.091,4.479
37923,Romania,1967,92.029,4.844
37924,Romania,1968,100.079,5.169
37925,Romania,1969,111.527,5.661
37926,Romania,1970,119.981,5.996
37927,Romania,1971,125.66,6.192
37928,Romania,1972,132.208,6.432
37929,Romania,1973,144.691,6.957
37930,Romania,1974,150.608,7.16
37931,Romania,1975,161.862,7.611
37932,Romania,1976,174.275,8.107
37933,Romania,1977,177.833,8.195
37934,Romania,1978,193.244,8.837
37935,Romania,1979,195.324,8.87
37936,Romania,1980,195.807,8.838
37937,Romania,1981,197.323,8.859
37938,Romania,1982,194.877,8.71
37939,Romania,1983,199.66,8.89
37940,Romania,1984,188.323,8.357
37941,Romania,1985,193.446,8.557
37942,Romania,1986,201.07,8.868
37943,Romania,1987,211.021,9.277
37944,Romania,1988,211.568,9.273
37945,Romania,1989,212.966,9.305
37946,Romania,1990,176.545,7.696
37947,Romania,1991,142.266,6.2
37948,Romania,1992,132.07,5.764
37949,Romania,1993,122.759,5.374
37950,Romania,1994,120.962,5.316
37951,Romania,1995,125.766,5.551
37952,Romania,1996,129.189,5.731
37953,Romania,1997,118.174,5.273
37954,Romania,1998,104.875,4.706
37955,Romania,1999,89.034,4.017
37956,Romania,2000,93.343,4.234
37957,Romania,2001,98.991,4.516
37958,Romania,2002,99.299,4.561
37959,Romania,2003,103.836,4.809
37960,Romania,2004,103.311,4.827
37961,Romania,2005,101.364,4.778
37962,Romania,2006,104.322,4.959
37963,Romania,2007,108.392,5.193
37964,Romania,2008,106.927,5.161
37965,Romania,2009,87.726,4.263
37966,Romania,2010,84.288,4.125
37967,Romania,2011,92.241,4.548
37968,Romania,2012,89.642,4.447
37969,Romania,2013,78.598,3.918
37970,Romania,2014,79.093,3.961
37971,Romania,2015,77.808,3.916
37972,Romania,2016,76.312,3.859
37973,Romania,2017,79.158,4.02
37974,Romania,2018,79.639,4.064
37975,Romania,2019,76.457,3.921
37976,Romania,2020,73.71,3.801
37977,Romania,2021,77.27,4.014
37978,Romania,2022,72.993,3.808
37979,Romania,2023,68.239,3.569
37980,Russia,1830,0.011,0.0
37981,Russia,1831,0.013,0.0
37982,Russia,1832,0.009,0.0
37983,Russia,1833,0.011,0.0
37984,Russia,1850,0.069,0.002
37989,Russia,1855,0.211,0.005
37992,Russia,1858,0.296,0.007
37993,Russia,1859,0.314,0.007
37994,Russia,1860,0.414,0.009
37995,Russia,1861,0.526,0.012
37996,Russia,1862,0.475,0.01
37997,Russia,1863,0.497,0.011
37998,Russia,1864,0.558,0.012
37999,Russia,1865,0.533,0.011
38000,Russia,1866,1.684,0.035
38001,Russia,1867,1.933,0.04
38002,Russia,1868,1.608,0.033
38003,Russia,1869,2.182,0.044
38004,Russia,1870,2.368,0.048
38005,Russia,1871,3.196,0.064
38006,Russia,1872,3.282,0.065
38007,Russia,1873,3.08,0.061
38008,Russia,1874,3.739,0.073
38009,Russia,1875,4.303,0.083
38010,Russia,1876,5.342,0.102
38011,Russia,1877,5.452,0.104
38012,Russia,1878,7.125,0.134
38013,Russia,1879,7.311,0.136
38014,Russia,1880,8.577,0.159
38015,Russia,1881,9.034,0.165
38016,Russia,1882,9.515,0.173
38017,Russia,1883,10.83,0.195
38018,Russia,1884,10.996,0.196
38019,Russia,1885,11.977,0.212
38020,Russia,1886,12.284,0.215
38021,Russia,1887,12.999,0.225
38022,Russia,1888,13.559,0.233
38023,Russia,1889,14.643,0.249
38024,Russia,1890,16.582,0.28
38025,Russia,1891,18.258,0.305
38026,Russia,1892,19.326,0.32
38027,Russia,1893,22.653,0.372
38028,Russia,1894,23.072,0.376
38029,Russia,1895,26.51,0.428
38030,Russia,1896,26.987,0.432
38031,Russia,1897,31.203,0.494
38032,Russia,1898,34.995,0.55
38033,Russia,1899,40.597,0.632
38034,Russia,1900,45.989,0.709
38035,Russia,1901,47.214,0.722
38036,Russia,1902,45.601,0.691
38037,Russia,1903,44.607,0.669
38038,Russia,1904,49.629,0.738
38039,Russia,1905,44.3,0.653
38040,Russia,1906,50.529,0.738
38041,Russia,1907,56.597,0.819
38042,Russia,1908,56.944,0.817
38043,Russia,1909,60.112,0.855
38044,Russia,1910,58.952,0.831
38045,Russia,1911,61.12,0.854
38046,Russia,1912,69.235,0.958
38047,Russia,1913,75.211,1.032
38048,Russia,1914,67.88,0.923
38049,Russia,1915,62.305,0.839
38050,Russia,1916,66.406,0.886
38051,Russia,1917,61.115,0.808
38052,Russia,1918,24.373,0.319
38053,Russia,1919,20.818,0.27
38054,Russia,1920,18.984,0.244
38055,Russia,1921,20.588,0.263
38056,Russia,1922,25.108,0.317
38057,Russia,1923,27.735,0.347
38058,Russia,1924,33.044,0.41
38059,Russia,1925,32.614,0.401
38060,Russia,1926,47.254,0.575
38061,Russia,1927,58.75,0.709
38062,Russia,1928,65.266,0.78
38063,Russia,1929,70.287,0.833
38064,Russia,1930,95.55,1.122
38065,Russia,1931,114.79,1.335
38066,Russia,1932,129.335,1.491
38067,Russia,1933,144.545,1.651
38068,Russia,1934,174.845,1.978
38069,Russia,1935,197.915,2.219
38070,Russia,1936,226.947,2.521
38071,Russia,1937,232.063,2.554
38072,Russia,1938,244.931,2.671
38073,Russia,1939,247.935,2.679
38074,Russia,1940,297.241,3.183
38075,Russia,1941,261.134,2.771
38076,Russia,1942,141.967,1.492
38077,Russia,1943,148.165,1.543
38078,Russia,1944,214.867,2.218
38079,Russia,1945,227.48,2.326
38080,Russia,1946,255.646,2.591
38081,Russia,1947,307.839,3.091
38082,Russia,1948,327.57,3.259
38083,Russia,1949,372.365,3.671
38084,Russia,1950,415.061,4.014
38085,Russia,1951,449.832,4.29
38086,Russia,1952,481.701,4.53
38087,Russia,1953,509.613,4.725
38088,Russia,1954,556.575,5.085
38089,Russia,1955,631.101,5.677
38090,Russia,1956,691.942,6.128
38091,Russia,1957,757.201,6.6
38092,Russia,1958,808.224,6.932
38093,Russia,1959,849.739,7.183
38094,Russia,1960,884.702,7.377
38095,Russia,1961,912.373,7.503
38096,Russia,1962,957.589,7.778
38097,Russia,1963,1026.974,8.252
38098,Russia,1964,1092.214,8.694
38099,Russia,1965,1158.639,9.149
38100,Russia,1966,1223.581,9.594
38101,Russia,1967,1279.439,9.969
38102,Russia,1968,1315.396,10.192
38103,Russia,1969,1369.898,10.557
38104,Russia,1970,1440.773,11.052
38105,Russia,1971,1528.955,11.673
38106,Russia,1972,1608.655,12.212
38107,Russia,1973,1676.593,12.656
38108,Russia,1974,1740.437,13.061
38109,Russia,1975,1829.452,13.639
38110,Russia,1976,1899.911,14.065
38111,Russia,1977,1964.534,14.441
38112,Russia,1978,2032.002,14.834
38113,Russia,1979,2048.855,14.867
38114,Russia,1980,2129.469,15.367
38115,Russia,1981,2088.923,14.99
38116,Russia,1982,2128.305,15.175
38117,Russia,1983,2158.492,15.273
38118,Russia,1984,2177.659,15.286
38119,Russia,1985,2348.536,16.358
38120,Russia,1986,2348.928,16.221
38121,Russia,1987,2357.92,16.134
38122,Russia,1988,2436.935,16.537
38123,Russia,1989,2404.825,16.218
38124,Russia,1990,2536.248,17.024
38125,Russia,1991,2406.756,16.104
38126,Russia,1992,1966.505,13.205
38127,Russia,1993,1866.729,12.602
38128,Russia,1994,1647.665,11.118
38129,Russia,1995,1619.727,10.923
38130,Russia,1996,1586.822,10.716
38131,Russia,1997,1482.245,10.025
38132,Russia,1998,1465.253,9.925
38133,Russia,1999,1494.179,10.148
38134,Russia,2000,1479.142,10.082
38135,Russia,2001,1515.647,10.373
38136,Russia,2002,1506.788,10.325
38137,Russia,2003,1537.018,10.542
38138,Russia,2004,1543.957,10.635
38139,Russia,2005,1562.577,10.806
38140,Russia,2006,1623.002,11.263
38141,Russia,2007,1623.781,11.287
38142,Russia,2008,1652.064,11.488
38143,Russia,2009,1545.034,10.739
38144,Russia,2010,1632.783,11.344
38145,Russia,2011,1685.91,11.704
38146,Russia,2012,1701.268,11.791
38147,Russia,2013,1640.437,11.344
38148,Russia,2014,1639.959,11.316
38149,Russia,2015,1638.675,11.277
38150,Russia,2016,1634.885,11.215
38151,Russia,2017,1666.121,11.397
38152,Russia,2018,1712.494,11.695
38153,Russia,2019,1705.031,11.636
38154,Russia,2020,1632.929,11.156
38155,Russia,2021,1711.993,11.739
38156,Russia,2022,1802.19,12.379
38157,Russia,2023,1815.925,12.486
38258,Rwanda,1950,0.017,0.008
38259,Rwanda,1951,0.017,0.008
38260,Rwanda,1952,0.031,0.014
38261,Rwanda,1953,0.029,0.012
38262,Rwanda,1954,0.012,0.005
38263,Rwanda,1955,0.014,0.006
38264,Rwanda,1956,0.017,0.006
38265,Rwanda,1957,0.019,0.007
38266,Rwanda,1958,0.019,0.007
38267,Rwanda,1959,0.075,0.025
38268,Rwanda,1960,0.07,0.023
38269,Rwanda,1961,0.091,0.029
38270,Rwanda,1962,0.084,0.026
38271,Rwanda,1963,0.084,0.026
38272,Rwanda,1964,0.037,0.011
38273,Rwanda,1965,0.048,0.014
38274,Rwanda,1966,0.044,0.012
38275,Rwanda,1967,0.04,0.011
38276,Rwanda,1968,0.055,0.015
38277,Rwanda,1969,0.059,0.015
38278,Rwanda,1970,0.059,0.015
38279,Rwanda,1971,0.062,0.015
38280,Rwanda,1972,0.066,0.016
38281,Rwanda,1973,0.07,0.016
38282,Rwanda,1974,0.073,0.016
38283,Rwanda,1975,0.176,0.038
38284,Rwanda,1976,0.267,0.056
38285,Rwanda,1977,0.267,0.055
38286,Rwanda,1978,0.289,0.057
38287,Rwanda,1979,0.297,0.057
38288,Rwanda,1980,0.495,0.092
38289,Rwanda,1981,0.601,0.109
38290,Rwanda,1982,0.608,0.106
38291,Rwanda,1983,0.696,0.118
38292,Rwanda,1984,0.634,0.104
38293,Rwanda,1985,0.616,0.097
38294,Rwanda,1986,0.597,0.091
38295,Rwanda,1987,0.611,0.091
38296,Rwanda,1988,0.692,0.099
38297,Rwanda,1989,0.684,0.095
38298,Rwanda,1990,0.524,0.071
38299,Rwanda,1991,0.472,0.063
38300,Rwanda,1992,0.479,0.062
38301,Rwanda,1993,0.483,0.061
38302,Rwanda,1994,0.462,0.068
38303,Rwanda,1995,0.455,0.08
38304,Rwanda,1996,0.464,0.069
38305,Rwanda,1997,0.483,0.062
38306,Rwanda,1998,0.482,0.06
38307,Rwanda,1999,0.503,0.062
38308,Rwanda,2000,0.515,0.063
38309,Rwanda,2001,0.522,0.063
38310,Rwanda,2002,0.519,0.062
38311,Rwanda,2003,0.509,0.059
38312,Rwanda,2004,0.516,0.058
38313,Rwanda,2005,0.514,0.057
38314,Rwanda,2006,0.514,0.055
38315,Rwanda,2007,0.542,0.057
38316,Rwanda,2008,0.528,0.054
38317,Rwanda,2009,0.558,0.055
38318,Rwanda,2010,0.581,0.056
38319,Rwanda,2011,0.644,0.061
38320,Rwanda,2012,0.718,0.066
38321,Rwanda,2013,0.782,0.071
38322,Rwanda,2014,0.83,0.073
38323,Rwanda,2015,0.97,0.083
38324,Rwanda,2016,1.048,0.088
38325,Rwanda,2017,1.155,0.095
38326,Rwanda,2018,1.287,0.103
38327,Rwanda,2019,1.373,0.107
38328,Rwanda,2020,1.372,0.105
38329,Rwanda,2021,1.659,0.124
38330,Rwanda,2022,1.541,0.113
38331,Rwanda,2023,1.54,0.11
38674,Saint Helena,1968,0.004,0.649
38687,Saint Helena,1981,0.007,1.133
38688,Saint Helena,1982,0.004,0.561
38689,Saint Helena,1983,0.004,0.555
38690,Saint Helena,1984,0.004,0.551
38691,Saint Helena,1985,0.004,0.549
38692,Saint Helena,1986,0.004,0.546
38693,Saint Helena,1987,0.004,0.545
38694,Saint Helena,1988,0.007,1.092
38695,Saint Helena,1989,0.007,1.097
38696,Saint Helena,1990,0.007,1.104
38697,Saint Helena,1991,0.007,1.11
38698,Saint Helena,1992,0.007,1.12
38699,Saint Helena,1993,0.011,1.692
38700,Saint Helena,1994,0.011,1.709
38701,Saint Helena,1995,0.011,1.725
38702,Saint Helena,1996,0.011,1.742
38703,Saint Helena,1997,0.011,1.759
38704,Saint Helena,1998,0.011,1.777
38705,Saint Helena,1999,0.011,1.798
38706,Saint Helena,2000,0.011,1.818
38707,Saint Helena,2001,0.011,1.843
38708,Saint Helena,2002,0.011,1.87
38709,Saint Helena,2003,0.011,1.903
38710,Saint Helena,2004,0.011,1.936
38711,Saint Helena,2005,0.011,1.973
38712,Saint Helena,2006,0.011,2.014
38713,Saint Helena,2007,0.011,2.056
38714,Saint Helena,2008,0.011,2.076
38715,Saint Helena,2009,0.011,2.066
38716,Saint Helena,2010,0.011,2.054
38717,Saint Helena,2011,0.011,2.041
38718,Saint Helena,2012,0.011,2.025
38719,Saint Helena,2013,0.011,2.012
38720,Saint Helena,2014,0.011,2.001
38721,Saint Helena,2015,0.011,1.988
38722,Saint Helena,2016,0.015,2.644
38723,Saint Helena,2017,0.011,1.988
38724,Saint Helena,2018,0.011,1.996
38725,Saint Helena,2019,0.015,2.672
38726,Saint Helena,2020,0.011,2.017
38727,Saint Helena,2021,0.011,2.03
38728,Saint Helena,2022,0.011,1.985
38729,Saint Helena,2023,0.011,2.091
38830,Saint Kitts and Nevis,1950,0.006,0.129
38831,Saint Kitts and Nevis,1951,0.01,0.202
38832,Saint Kitts and Nevis,1952,0.007,0.148
38833,Saint Kitts and Nevis,1953,0.009,0.169
38834,Saint Kitts and Nevis,1954,0.006,0.119
38835,Saint Kitts and Nevis,1955,0.011,0.211
38836,Saint Kitts and Nevis,1956,0.011,0.207
38837,Saint Kitts and Nevis,1957,0.011,0.204
38838,Saint Kitts and Nevis,1958,0.011,0.201
38839,Saint Kitts and Nevis,1959,0.015,0.264
38840,Saint Kitts and Nevis,1960,0.011,0.197
38841,Saint Kitts and Nevis,1961,0.022,0.397
38842,Saint Kitts and Nevis,1962,0.015,0.269
38843,Saint Kitts and Nevis,1963,0.018,0.343
38844,Saint Kitts and Nevis,1964,0.018,0.35
38845,Saint Kitts and Nevis,1965,0.022,0.43
38846,Saint Kitts and Nevis,1966,0.022,0.44
38847,Saint Kitts and Nevis,1967,0.022,0.452
38848,Saint Kitts and Nevis,1968,0.033,0.698
38849,Saint Kitts and Nevis,1969,0.026,0.561
38850,Saint Kitts and Nevis,1970,0.026,0.575
38851,Saint Kitts and Nevis,1971,0.029,0.663
38852,Saint Kitts and Nevis,1972,0.029,0.665
38853,Saint Kitts and Nevis,1973,0.029,0.668
38854,Saint Kitts and Nevis,1974,0.037,0.837
38855,Saint Kitts and Nevis,1975,0.033,0.756
38856,Saint Kitts and Nevis,1976,0.037,0.842
38857,Saint Kitts and Nevis,1977,0.037,0.845
38858,Saint Kitts and Nevis,1978,0.033,0.763
38859,Saint Kitts and Nevis,1979,0.037,0.851
38860,Saint Kitts and Nevis,1980,0.051,1.197
38861,Saint Kitts and Nevis,1981,0.055,1.287
38862,Saint Kitts and Nevis,1982,0.066,1.55
38863,Saint Kitts and Nevis,1983,0.051,1.211
38864,Saint Kitts and Nevis,1984,0.051,1.218
38865,Saint Kitts and Nevis,1985,0.051,1.224
38866,Saint Kitts and Nevis,1986,0.059,1.408
38867,Saint Kitts and Nevis,1987,0.055,1.329
38868,Saint Kitts and Nevis,1988,0.066,1.605
38869,Saint Kitts and Nevis,1989,0.066,1.617
38870,Saint Kitts and Nevis,1990,0.106,2.626
38871,Saint Kitts and Nevis,1991,0.106,2.631
38872,Saint Kitts and Nevis,1992,0.11,2.698
38873,Saint Kitts and Nevis,1993,0.114,2.752
38874,Saint Kitts and Nevis,1994,0.121,2.893
38875,Saint Kitts and Nevis,1995,0.128,3.028
38876,Saint Kitts and Nevis,1996,0.132,3.074
38877,Saint Kitts and Nevis,1997,0.143,3.289
38878,Saint Kitts and Nevis,1998,0.15,3.413
38879,Saint Kitts and Nevis,1999,0.161,3.613
38880,Saint Kitts and Nevis,2000,0.172,3.804
38881,Saint Kitts and Nevis,2001,0.176,3.841
38882,Saint Kitts and Nevis,2002,0.198,4.297
38883,Saint Kitts and Nevis,2003,0.198,4.283
38884,Saint Kitts and Nevis,2004,0.213,4.586
38885,Saint Kitts and Nevis,2005,0.198,4.259
38886,Saint Kitts and Nevis,2006,0.202,4.325
38887,Saint Kitts and Nevis,2007,0.216,4.626
38888,Saint Kitts and Nevis,2008,0.216,4.614
38889,Saint Kitts and Nevis,2009,0.224,4.761
38890,Saint Kitts and Nevis,2010,0.22,4.69
38891,Saint Kitts and Nevis,2011,0.231,4.92
38892,Saint Kitts and Nevis,2012,0.22,4.672
38893,Saint Kitts and Nevis,2013,0.224,4.746
38894,Saint Kitts and Nevis,2014,0.231,4.9
38895,Saint Kitts and Nevis,2015,0.234,4.978
38896,Saint Kitts and Nevis,2016,0.238,5.057
38897,Saint Kitts and Nevis,2017,0.242,5.137
38898,Saint Kitts and Nevis,2018,0.245,5.22
38899,Saint Kitts and Nevis,2019,0.253,5.382
38900,Saint Kitts and Nevis,2020,0.231,4.922
38901,Saint Kitts and Nevis,2021,0.231,4.934
38902,Saint Kitts and Nevis,2022,0.224,4.789
38903,Saint Kitts and Nevis,2023,0.233,4.991
39004,Saint Lucia,1950,0.004,0.039
39005,Saint Lucia,1951,0.011,0.117
39006,Saint Lucia,1952,0.007,0.078
39007,Saint Lucia,1953,0.011,0.117
39008,Saint Lucia,1954,0.007,0.078
39009,Saint Lucia,1955,0.011,0.117
39010,Saint Lucia,1956,0.011,0.118
39011,Saint Lucia,1957,0.011,0.118
39012,Saint Lucia,1958,0.011,0.119
39013,Saint Lucia,1959,0.011,0.119
39014,Saint Lucia,1960,0.015,0.158
39015,Saint Lucia,1961,0.018,0.196
39016,Saint Lucia,1962,0.018,0.194
39017,Saint Lucia,1963,0.022,0.23
39018,Saint Lucia,1964,0.022,0.228
39019,Saint Lucia,1965,0.026,0.263
39020,Saint Lucia,1966,0.029,0.298
39021,Saint Lucia,1967,0.033,0.331
39022,Saint Lucia,1968,0.037,0.364
39023,Saint Lucia,1969,0.062,0.611
39024,Saint Lucia,1970,0.066,0.639
39025,Saint Lucia,1971,0.07,0.666
39026,Saint Lucia,1972,0.077,0.726
39027,Saint Lucia,1973,0.081,0.75
39028,Saint Lucia,1974,0.073,0.672
39029,Saint Lucia,1975,0.077,0.695
39030,Saint Lucia,1976,0.084,0.749
39031,Saint Lucia,1977,0.07,0.61
39032,Saint Lucia,1978,0.099,0.854
39033,Saint Lucia,1979,0.15,1.278
39034,Saint Lucia,1980,0.114,0.952
39035,Saint Lucia,1981,0.095,0.786
39036,Saint Lucia,1982,0.114,0.923
39037,Saint Lucia,1983,0.103,0.82
39038,Saint Lucia,1984,0.114,0.894
39039,Saint Lucia,1985,0.128,0.993
39040,Saint Lucia,1986,0.132,1.005
39041,Saint Lucia,1987,0.147,1.1
39042,Saint Lucia,1988,0.165,1.221
39043,Saint Lucia,1989,0.165,1.208
39044,Saint Lucia,1990,0.18,1.302
39045,Saint Lucia,1991,0.191,1.365
39046,Saint Lucia,1992,0.213,1.5
39047,Saint Lucia,1993,0.234,1.631
39048,Saint Lucia,1994,0.26,1.783
39049,Saint Lucia,1995,0.275,1.854
39050,Saint Lucia,1996,0.293,1.948
39051,Saint Lucia,1997,0.297,1.945
39052,Saint Lucia,1998,0.326,2.108
39053,Saint Lucia,1999,0.337,2.151
39054,Saint Lucia,2000,0.348,2.194
39055,Saint Lucia,2001,0.359,2.241
39056,Saint Lucia,2002,0.359,2.221
39057,Saint Lucia,2003,0.377,2.316
39058,Saint Lucia,2004,0.403,2.454
39059,Saint Lucia,2005,0.388,2.347
39060,Saint Lucia,2006,0.41,2.462
39061,Saint Lucia,2007,0.425,2.533
39062,Saint Lucia,2008,0.425,2.518
39063,Saint Lucia,2009,0.425,2.502
39064,Saint Lucia,2010,0.487,2.851
39065,Saint Lucia,2011,0.487,2.836
39066,Saint Lucia,2012,0.491,2.845
39067,Saint Lucia,2013,0.487,2.811
39068,Saint Lucia,2014,0.484,2.777
39069,Saint Lucia,2015,0.48,2.744
39070,Saint Lucia,2016,0.476,2.712
39071,Saint Lucia,2017,0.491,2.784
39072,Saint Lucia,2018,0.509,2.877
39073,Saint Lucia,2019,0.502,2.825
39074,Saint Lucia,2020,0.484,2.713
39075,Saint Lucia,2021,0.506,2.832
39076,Saint Lucia,2022,0.49,2.742
39077,Saint Lucia,2023,0.511,2.852
39177,Saint Pierre and Miquelon,1950,0.015,3.252
39178,Saint Pierre and Miquelon,1951,0.022,4.826
39179,Saint Pierre and Miquelon,1952,0.033,7.161
39180,Saint Pierre and Miquelon,1953,0.029,6.291
39181,Saint Pierre and Miquelon,1954,0.033,6.988
39182,Saint Pierre and Miquelon,1955,0.037,7.659
39183,Saint Pierre and Miquelon,1956,0.033,6.823
39184,Saint Pierre and Miquelon,1957,0.04,8.286
39185,Saint Pierre and Miquelon,1958,0.04,8.194
39186,Saint Pierre and Miquelon,1959,0.033,6.614
39187,Saint Pierre and Miquelon,1960,0.037,7.305
39188,Saint Pierre and Miquelon,1961,0.048,9.521
39189,Saint Pierre and Miquelon,1962,0.033,6.564
39190,Saint Pierre and Miquelon,1963,0.037,7.204
39191,Saint Pierre and Miquelon,1964,0.048,9.199
39192,Saint Pierre and Miquelon,1965,0.04,7.67
39193,Saint Pierre and Miquelon,1966,0.044,8.245
39194,Saint Pierre and Miquelon,1967,0.051,9.476
39195,Saint Pierre and Miquelon,1968,0.04,7.341
39196,Saint Pierre and Miquelon,1969,0.033,5.919
39197,Saint Pierre and Miquelon,1970,0.037,6.476
39198,Saint Pierre and Miquelon,1971,0.048,8.292
39199,Saint Pierre and Miquelon,1972,0.07,11.941
39200,Saint Pierre and Miquelon,1973,0.04,6.802
39201,Saint Pierre and Miquelon,1974,0.044,7.323
39202,Saint Pierre and Miquelon,1975,0.033,5.45
39203,Saint Pierre and Miquelon,1976,0.048,7.821
39204,Saint Pierre and Miquelon,1977,0.037,5.982
39205,Saint Pierre and Miquelon,1978,0.033,5.352
39206,Saint Pierre and Miquelon,1979,0.037,5.927
39207,Saint Pierre and Miquelon,1980,0.037,5.917
39208,Saint Pierre and Miquelon,1981,0.04,6.53
39209,Saint Pierre and Miquelon,1982,0.04,6.54
39210,Saint Pierre and Miquelon,1983,0.033,5.312
39211,Saint Pierre and Miquelon,1984,0.037,5.854
39212,Saint Pierre and Miquelon,1985,0.033,5.233
39213,Saint Pierre and Miquelon,1986,0.048,7.515
39214,Saint Pierre and Miquelon,1987,0.051,8.055
39215,Saint Pierre and Miquelon,1988,0.066,10.336
39216,Saint Pierre and Miquelon,1989,0.103,16.1
39217,Saint Pierre and Miquelon,1990,0.092,14.364
39218,Saint Pierre and Miquelon,1991,0.103,16.03
39219,Saint Pierre and Miquelon,1992,0.095,14.82
39220,Saint Pierre and Miquelon,1993,0.073,11.379
39221,Saint Pierre and Miquelon,1994,0.07,10.785
39222,Saint Pierre and Miquelon,1995,0.07,10.778
39223,Saint Pierre and Miquelon,1996,0.07,10.792
39224,Saint Pierre and Miquelon,1997,0.048,7.399
39225,Saint Pierre and Miquelon,1998,0.055,8.598
39226,Saint Pierre and Miquelon,1999,0.055,8.672
39227,Saint Pierre and Miquelon,2000,0.055,8.7
39228,Saint Pierre and Miquelon,2001,0.055,8.725
39229,Saint Pierre and Miquelon,2002,0.059,9.345
39230,Saint Pierre and Miquelon,2003,0.062,9.992
39231,Saint Pierre and Miquelon,2004,0.059,9.469
39232,Saint Pierre and Miquelon,2005,0.062,10.146
39233,Saint Pierre and Miquelon,2006,0.066,10.822
39234,Saint Pierre and Miquelon,2007,0.066,10.858
39235,Saint Pierre and Miquelon,2008,0.066,10.878
39236,Saint Pierre and Miquelon,2009,0.066,10.894
39237,Saint Pierre and Miquelon,2010,0.066,10.907
39238,Saint Pierre and Miquelon,2011,0.066,10.926
39239,Saint Pierre and Miquelon,2012,0.066,10.957
39240,Saint Pierre and Miquelon,2013,0.066,10.994
39241,Saint Pierre and Miquelon,2014,0.066,11.021
39242,Saint Pierre and Miquelon,2015,0.066,11.045
39243,Saint Pierre and Miquelon,2016,0.066,11.071
39244,Saint Pierre and Miquelon,2017,0.066,11.092
39245,Saint Pierre and Miquelon,2018,0.059,9.883
39246,Saint Pierre and Miquelon,2019,0.066,11.18
39247,Saint Pierre and Miquelon,2020,0.062,10.644
39248,Saint Pierre and Miquelon,2021,0.055,9.473
39249,Saint Pierre and Miquelon,2022,0.053,9.251
39250,Saint Pierre and Miquelon,2023,0.056,9.74
39351,Saint Vincent and the Grenadines,1950,0.004,0.059
39352,Saint Vincent and the Grenadines,1951,0.004,0.058
39353,Saint Vincent and the Grenadines,1952,0.011,0.169
39354,Saint Vincent and the Grenadines,1953,0.007,0.109
39355,Saint Vincent and the Grenadines,1954,0.007,0.106
39356,Saint Vincent and the Grenadines,1955,0.007,0.102
39357,Saint Vincent and the Grenadines,1956,0.007,0.099
39358,Saint Vincent and the Grenadines,1957,0.007,0.096
39359,Saint Vincent and the Grenadines,1958,0.011,0.139
39360,Saint Vincent and the Grenadines,1959,0.011,0.134
39361,Saint Vincent and the Grenadines,1960,0.011,0.13
39362,Saint Vincent and the Grenadines,1961,0.011,0.128
39363,Saint Vincent and the Grenadines,1962,0.011,0.126
39364,Saint Vincent and the Grenadines,1963,0.015,0.166
39365,Saint Vincent and the Grenadines,1964,0.018,0.204
39366,Saint Vincent and the Grenadines,1965,0.015,0.161
39367,Saint Vincent and the Grenadines,1966,0.018,0.199
39368,Saint Vincent and the Grenadines,1967,0.018,0.197
39369,Saint Vincent and the Grenadines,1968,0.022,0.234
39370,Saint Vincent and the Grenadines,1969,0.029,0.308
39371,Saint Vincent and the Grenadines,1970,0.029,0.305
39372,Saint Vincent and the Grenadines,1971,0.029,0.303
39373,Saint Vincent and the Grenadines,1972,0.037,0.375
39374,Saint Vincent and the Grenadines,1973,0.04,0.408
39375,Saint Vincent and the Grenadines,1974,0.033,0.331
39376,Saint Vincent and the Grenadines,1975,0.033,0.328
39377,Saint Vincent and the Grenadines,1976,0.033,0.326
39378,Saint Vincent and the Grenadines,1977,0.033,0.323
39379,Saint Vincent and the Grenadines,1978,0.037,0.356
39380,Saint Vincent and the Grenadines,1979,0.029,0.283
39381,Saint Vincent and the Grenadines,1980,0.037,0.352
39382,Saint Vincent and the Grenadines,1981,0.037,0.349
39383,Saint Vincent and the Grenadines,1982,0.04,0.38
39384,Saint Vincent and the Grenadines,1983,0.048,0.446
39385,Saint Vincent and the Grenadines,1984,0.066,0.612
39386,Saint Vincent and the Grenadines,1985,0.066,0.608
39387,Saint Vincent and the Grenadines,1986,0.066,0.603
39388,Saint Vincent and the Grenadines,1987,0.077,0.699
39389,Saint Vincent and the Grenadines,1988,0.066,0.596
39390,Saint Vincent and the Grenadines,1989,0.077,0.691
39391,Saint Vincent and the Grenadines,1990,0.081,0.721
39392,Saint Vincent and the Grenadines,1991,0.084,0.751
39393,Saint Vincent and the Grenadines,1992,0.084,0.749
39394,Saint Vincent and the Grenadines,1993,0.103,0.91
39395,Saint Vincent and the Grenadines,1994,0.121,1.071
39396,Saint Vincent and the Grenadines,1995,0.128,1.134
39397,Saint Vincent and the Grenadines,1996,0.132,1.166
39398,Saint Vincent and the Grenadines,1997,0.132,1.166
39399,Saint Vincent and the Grenadines,1998,0.161,1.424
39400,Saint Vincent and the Grenadines,1999,0.165,1.454
39401,Saint Vincent and the Grenadines,2000,0.147,1.291
39402,Saint Vincent and the Grenadines,2001,0.18,1.582
39403,Saint Vincent and the Grenadines,2002,0.187,1.648
39404,Saint Vincent and the Grenadines,2003,0.198,1.749
39405,Saint Vincent and the Grenadines,2004,0.22,1.948
39406,Saint Vincent and the Grenadines,2005,0.22,1.955
39407,Saint Vincent and the Grenadines,2006,0.216,1.93
39408,Saint Vincent and the Grenadines,2007,0.234,2.102
39409,Saint Vincent and the Grenadines,2008,0.22,1.98
39410,Saint Vincent and the Grenadines,2009,0.278,2.52
39411,Saint Vincent and the Grenadines,2010,0.22,1.999
39412,Saint Vincent and the Grenadines,2011,0.216,1.977
39413,Saint Vincent and the Grenadines,2012,0.231,2.123
39414,Saint Vincent and the Grenadines,2013,0.22,2.033
39415,Saint Vincent and the Grenadines,2014,0.253,2.351
39416,Saint Vincent and the Grenadines,2015,0.234,2.192
39417,Saint Vincent and the Grenadines,2016,0.242,2.274
39418,Saint Vincent and the Grenadines,2017,0.216,2.046
39419,Saint Vincent and the Grenadines,2018,0.242,2.304
39420,Saint Vincent and the Grenadines,2019,0.224,2.145
39421,Saint Vincent and the Grenadines,2020,0.238,2.3
39422,Saint Vincent and the Grenadines,2021,0.234,2.28
39423,Saint Vincent and the Grenadines,2022,0.227,2.228
39424,Saint Vincent and the Grenadines,2023,0.237,2.341
39525,Samoa,1950,0.004,0.041
39526,Samoa,1951,0.004,0.04
39527,Samoa,1952,0.007,0.079
39528,Samoa,1953,0.007,0.077
39529,Samoa,1954,0.011,0.113
39530,Samoa,1955,0.011,0.111
39531,Samoa,1956,0.011,0.108
39532,Samoa,1957,0.015,0.141
39533,Samoa,1958,0.011,0.103
39534,Samoa,1959,0.015,0.134
39535,Samoa,1960,0.015,0.13
39536,Samoa,1961,0.018,0.159
39537,Samoa,1962,0.018,0.154
39538,Samoa,1963,0.022,0.181
39539,Samoa,1964,0.026,0.205
39540,Samoa,1965,0.029,0.229
39541,Samoa,1966,0.026,0.196
39542,Samoa,1967,0.026,0.192
39543,Samoa,1968,0.029,0.215
39544,Samoa,1969,0.029,0.212
39545,Samoa,1970,0.029,0.209
39546,Samoa,1971,0.037,0.257
39547,Samoa,1972,0.037,0.253
39548,Samoa,1973,0.037,0.25
39549,Samoa,1974,0.044,0.294
39550,Samoa,1975,0.059,0.382
39551,Samoa,1976,0.044,0.28
39552,Samoa,1977,0.073,0.459
39553,Samoa,1978,0.099,0.613
39554,Samoa,1979,0.084,0.517
39555,Samoa,1980,0.077,0.468
39556,Samoa,1981,0.077,0.464
39557,Samoa,1982,0.066,0.396
39558,Samoa,1983,0.066,0.396
39559,Samoa,1984,0.066,0.395
39560,Samoa,1985,0.077,0.461
39561,Samoa,1986,0.081,0.482
39562,Samoa,1987,0.081,0.481
39563,Samoa,1988,0.084,0.501
39564,Samoa,1989,0.084,0.499
39565,Samoa,1990,0.088,0.52
39566,Samoa,1991,0.095,0.562
39567,Samoa,1992,0.099,0.581
39568,Samoa,1993,0.103,0.597
39569,Samoa,1994,0.095,0.55
39570,Samoa,1995,0.114,0.651
39571,Samoa,1996,0.125,0.707
39572,Samoa,1997,0.125,0.702
39573,Samoa,1998,0.143,0.799
39574,Samoa,1999,0.136,0.752
39575,Samoa,2000,0.143,0.786
39576,Samoa,2001,0.154,0.84
39577,Samoa,2002,0.161,0.874
39578,Samoa,2003,0.158,0.85
39579,Samoa,2004,0.165,0.885
39580,Samoa,2005,0.169,0.901
39581,Samoa,2006,0.172,0.917
39582,Samoa,2007,0.18,0.951
39583,Samoa,2008,0.161,0.848
39584,Samoa,2009,0.169,0.88
39585,Samoa,2010,0.183,0.949
39586,Samoa,2011,0.191,0.978
39587,Samoa,2012,0.187,0.951
39588,Samoa,2013,0.194,0.979
39589,Samoa,2014,0.202,1.007
39590,Samoa,2015,0.227,1.126
39591,Samoa,2016,0.238,1.17
39592,Samoa,2017,0.245,1.195
39593,Samoa,2018,0.238,1.147
39594,Samoa,2019,0.271,1.292
39595,Samoa,2020,0.242,1.141
39596,Samoa,2021,0.245,1.148
39597,Samoa,2022,0.251,1.168
39598,Samoa,2023,0.257,1.185
39874,Sao Tome and Principe,1951,0.004,0.059
39875,Sao Tome and Principe,1952,0.004,0.059
39876,Sao Tome and Principe,1953,0.004,0.058
39877,Sao Tome and Principe,1954,0.004,0.057
39878,Sao Tome and Principe,1955,0.004,0.057
39879,Sao Tome and Principe,1956,0.007,0.112
39880,Sao Tome and Principe,1957,0.011,0.167
39881,Sao Tome and Principe,1958,0.007,0.11
39882,Sao Tome and Principe,1959,0.007,0.109
39883,Sao Tome and Principe,1960,0.011,0.162
39884,Sao Tome and Principe,1961,0.011,0.16
39885,Sao Tome and Principe,1962,0.011,0.158
39886,Sao Tome and Principe,1963,0.007,0.104
39887,Sao Tome and Principe,1964,0.011,0.155
39888,Sao Tome and Principe,1965,0.011,0.153
39889,Sao Tome and Principe,1966,0.011,0.151
39890,Sao Tome and Principe,1967,0.011,0.149
39891,Sao Tome and Principe,1968,0.015,0.196
39892,Sao Tome and Principe,1969,0.015,0.193
39893,Sao Tome and Principe,1970,0.015,0.189
39894,Sao Tome and Principe,1971,0.011,0.139
39895,Sao Tome and Principe,1972,0.011,0.136
39896,Sao Tome and Principe,1973,0.015,0.177
39897,Sao Tome and Principe,1974,0.018,0.216
39898,Sao Tome and Principe,1975,0.018,0.211
39899,Sao Tome and Principe,1976,0.029,0.33
39900,Sao Tome and Principe,1977,0.029,0.321
39901,Sao Tome and Principe,1978,0.033,0.352
39902,Sao Tome and Principe,1979,0.033,0.343
39903,Sao Tome and Principe,1980,0.04,0.409
39904,Sao Tome and Principe,1981,0.044,0.437
39905,Sao Tome and Principe,1982,0.048,0.465
39906,Sao Tome and Principe,1983,0.055,0.526
39907,Sao Tome and Principe,1984,0.051,0.482
39908,Sao Tome and Principe,1985,0.055,0.506
39909,Sao Tome and Principe,1986,0.051,0.461
39910,Sao Tome and Principe,1987,0.051,0.45
39911,Sao Tome and Principe,1988,0.048,0.407
39912,Sao Tome and Principe,1989,0.048,0.397
39913,Sao Tome and Principe,1990,0.048,0.387
39914,Sao Tome and Principe,1991,0.048,0.379
39915,Sao Tome and Principe,1992,0.048,0.372
39916,Sao Tome and Principe,1993,0.048,0.365
39917,Sao Tome and Principe,1994,0.048,0.359
39918,Sao Tome and Principe,1995,0.048,0.353
39919,Sao Tome and Principe,1996,0.048,0.348
39920,Sao Tome and Principe,1997,0.048,0.343
39921,Sao Tome and Principe,1998,0.048,0.338
39922,Sao Tome and Principe,1999,0.048,0.334
39923,Sao Tome and Principe,2000,0.048,0.331
39924,Sao Tome and Principe,2001,0.051,0.35
39925,Sao Tome and Principe,2002,0.059,0.391
39926,Sao Tome and Principe,2003,0.066,0.429
39927,Sao Tome and Principe,2004,0.073,0.465
39928,Sao Tome and Principe,2005,0.077,0.476
39929,Sao Tome and Principe,2006,0.084,0.509
39930,Sao Tome and Principe,2007,0.084,0.497
39931,Sao Tome and Principe,2008,0.084,0.485
39932,Sao Tome and Principe,2009,0.092,0.515
39933,Sao Tome and Principe,2010,0.103,0.564
39934,Sao Tome and Principe,2011,0.099,0.533
39935,Sao Tome and Principe,2012,0.11,0.58
39936,Sao Tome and Principe,2013,0.11,0.569
39937,Sao Tome and Principe,2014,0.128,0.652
39938,Sao Tome and Principe,2015,0.136,0.677
39939,Sao Tome and Principe,2016,0.15,0.737
39940,Sao Tome and Principe,2017,0.139,0.673
39941,Sao Tome and Principe,2018,0.139,0.662
39942,Sao Tome and Principe,2019,0.143,0.67
39943,Sao Tome and Principe,2020,0.139,0.64
39944,Sao Tome and Principe,2021,0.143,0.644
39945,Sao Tome and Principe,2022,0.16,0.706
39946,Sao Tome and Principe,2023,0.166,0.72
40033,Saudi Arabia,1936,0.007,0.003
40034,Saudi Arabia,1937,0.026,0.009
40035,Saudi Arabia,1938,0.205,0.075
40036,Saudi Arabia,1939,1.652,0.595
40037,Saudi Arabia,1940,2.147,0.767
40038,Saudi Arabia,1941,1.81,0.64
40039,Saudi Arabia,1942,1.902,0.667
40040,Saudi Arabia,1943,1.993,0.692
40041,Saudi Arabia,1944,3.261,1.123
40042,Saudi Arabia,1945,8.812,3.006
40043,Saudi Arabia,1946,25.153,8.502
40044,Saudi Arabia,1947,37.732,12.637
40045,Saudi Arabia,1948,17.943,5.954
40046,Saudi Arabia,1949,18.386,6.032
40047,Saudi Arabia,1950,5.141,3.018
40048,Saudi Arabia,1951,0.0,0.0
40049,Saudi Arabia,1952,0.0,0.0
40050,Saudi Arabia,1953,0.476,0.252
40051,Saudi Arabia,1954,1.238,0.632
40052,Saudi Arabia,1955,2.114,1.04
40053,Saudi Arabia,1956,1.63,0.774
40054,Saudi Arabia,1957,2.099,0.961
40055,Saudi Arabia,1958,1.997,0.882
40056,Saudi Arabia,1959,1.854,0.789
40057,Saudi Arabia,1960,2.674,1.098
40058,Saudi Arabia,1961,3.568,1.412
40059,Saudi Arabia,1962,6.25,2.385
40060,Saudi Arabia,1963,6.939,2.552
40061,Saudi Arabia,1964,7.041,2.495
40062,Saudi Arabia,1965,4.216,1.44
40063,Saudi Arabia,1966,6.407,2.108
40064,Saudi Arabia,1967,25.485,8.072
40065,Saudi Arabia,1968,29.079,8.858
40066,Saudi Arabia,1969,35.271,10.322
40067,Saudi Arabia,1970,45.251,12.702
40068,Saudi Arabia,1971,59.757,16.046
40069,Saudi Arabia,1972,70.282,17.995
40070,Saudi Arabia,1973,95.054,23.148
40071,Saudi Arabia,1974,98.702,22.828
40072,Saudi Arabia,1975,83.261,18.274
40073,Saudi Arabia,1976,101.46,21.103
40074,Saudi Arabia,1977,118.07,23.228
40075,Saudi Arabia,1978,115.025,21.372
40076,Saudi Arabia,1979,138.005,24.196
40077,Saudi Arabia,1980,169.24,27.983
40078,Saudi Arabia,1981,175.305,27.304
40079,Saudi Arabia,1982,157.893,23.136
40080,Saudi Arabia,1983,160.837,22.175
40081,Saudi Arabia,1984,155.512,20.203
40082,Saudi Arabia,1985,172.421,21.151
40083,Saudi Arabia,1986,204.604,23.712
40084,Saudi Arabia,1987,190.447,20.859
40085,Saudi Arabia,1988,202.252,21.004
40086,Saudi Arabia,1989,203.424,20.085
40087,Saudi Arabia,1990,182.025,17.106
40088,Saudi Arabia,1991,244.587,21.915
40089,Saudi Arabia,1992,276.086,23.624
40090,Saudi Arabia,1993,297.833,24.381
40091,Saudi Arabia,1994,291.289,22.846
40092,Saudi Arabia,1995,274.692,20.67
40093,Saudi Arabia,1996,269.594,19.492
40094,Saudi Arabia,1997,227.241,15.808
40095,Saudi Arabia,1998,219.013,14.677
40096,Saudi Arabia,1999,237.822,15.371
40097,Saudi Arabia,2000,309.76,19.147
40098,Saudi Arabia,2001,324.516,19.043
40099,Saudi Arabia,2002,347.097,19.379
40100,Saudi Arabia,2003,351.405,18.705
40101,Saudi Arabia,2004,407.882,20.737
40102,Saudi Arabia,2005,412.411,20.059
40103,Saudi Arabia,2006,445.168,20.745
40104,Saudi Arabia,2007,423.532,18.934
40105,Saudi Arabia,2008,469.713,20.17
40106,Saudi Arabia,2009,504.28,20.823
40107,Saudi Arabia,2010,555.962,22.1
40108,Saudi Arabia,2011,540.579,20.707
40109,Saudi Arabia,2012,606.102,22.396
40110,Saudi Arabia,2013,583.611,20.823
40111,Saudi Arabia,2014,585.568,20.193
40112,Saudi Arabia,2015,624.999,20.851
40113,Saudi Arabia,2016,641.662,20.889
40114,Saudi Arabia,2017,613.685,19.936
40115,Saudi Arabia,2018,637.487,20.994
40116,Saudi Arabia,2019,657.588,21.579
40117,Saudi Arabia,2020,616.086,19.879
40118,Saudi Arabia,2021,695.842,22.211
40119,Saudi Arabia,2022,723.331,22.481
40120,Saudi Arabia,2023,736.205,22.132
40220,Senegal,1949,0.0,0.0
40221,Senegal,1950,0.362,0.142
40222,Senegal,1951,0.302,0.115
40223,Senegal,1952,0.327,0.122
40224,Senegal,1953,0.274,0.099
40225,Senegal,1954,0.317,0.112
40226,Senegal,1955,0.292,0.1
40227,Senegal,1956,0.341,0.114
40228,Senegal,1957,0.347,0.113
40229,Senegal,1958,0.355,0.112
40230,Senegal,1959,0.388,0.119
40231,Senegal,1960,0.827,0.248
40232,Senegal,1961,0.813,0.236
40233,Senegal,1962,0.813,0.23
40234,Senegal,1963,0.86,0.237
40235,Senegal,1964,0.922,0.247
40236,Senegal,1965,1.692,0.44
40237,Senegal,1966,1.718,0.433
40238,Senegal,1967,0.699,0.171
40239,Senegal,1968,0.098,0.023
40240,Senegal,1969,0.49,0.113
40241,Senegal,1970,1.307,0.293
40242,Senegal,1971,1.351,0.294
40243,Senegal,1972,1.453,0.306
40244,Senegal,1973,1.549,0.317
40245,Senegal,1974,1.849,0.368
40246,Senegal,1975,2.578,0.499
40247,Senegal,1976,1.77,0.333
40248,Senegal,1977,2.237,0.411
40249,Senegal,1978,2.62,0.47
40250,Senegal,1979,2.888,0.506
40251,Senegal,1980,3.336,0.571
40252,Senegal,1981,3.28,0.547
40253,Senegal,1982,3.037,0.493
40254,Senegal,1983,2.611,0.413
40255,Senegal,1984,3.284,0.505
40256,Senegal,1985,2.651,0.397
40257,Senegal,1986,2.636,0.383
40258,Senegal,1987,2.425,0.342
40259,Senegal,1988,2.711,0.372
40260,Senegal,1989,3.662,0.488
40261,Senegal,1990,3.139,0.407
40262,Senegal,1991,3.379,0.425
40263,Senegal,1992,3.423,0.419
40264,Senegal,1993,3.539,0.421
40265,Senegal,1994,3.837,0.445
40266,Senegal,1995,3.43,0.388
40267,Senegal,1996,3.664,0.404
40268,Senegal,1997,3.182,0.343
40269,Senegal,1998,3.334,0.351
40270,Senegal,1999,3.604,0.37
40271,Senegal,2000,3.902,0.391
40272,Senegal,2001,4.258,0.417
40273,Senegal,2002,4.437,0.424
40274,Senegal,2003,4.928,0.46
40275,Senegal,2004,5.238,0.477
40276,Senegal,2005,5.539,0.493
40277,Senegal,2006,4.422,0.385
40278,Senegal,2007,4.863,0.413
40279,Senegal,2008,4.74,0.393
40280,Senegal,2009,5.258,0.426
40281,Senegal,2010,6.862,0.543
40282,Senegal,2011,7.819,0.603
40283,Senegal,2012,7.362,0.553
40284,Senegal,2013,7.853,0.573
40285,Senegal,2014,8.724,0.616
40286,Senegal,2015,9.845,0.675
40287,Senegal,2016,10.016,0.666
40288,Senegal,2017,10.76,0.695
40289,Senegal,2018,11.33,0.712
40290,Senegal,2019,12.713,0.777
40291,Senegal,2020,10.821,0.645
40292,Senegal,2021,12.309,0.715
40293,Senegal,2022,12.275,0.695
40294,Senegal,2023,11.901,0.658
40330,Serbia,1885,0.013,0.007
40335,Serbia,1890,0.039,0.019
40336,Serbia,1891,0.046,0.022
40337,Serbia,1892,0.051,0.024
40338,Serbia,1893,0.09,0.043
40339,Serbia,1894,0.172,0.08
40340,Serbia,1895,0.172,0.079
40341,Serbia,1896,0.192,0.087
40342,Serbia,1897,0.149,0.067
40343,Serbia,1898,0.226,0.1
40344,Serbia,1899,0.264,0.115
40345,Serbia,1900,0.357,0.154
40346,Serbia,1901,0.39,0.166
40347,Serbia,1902,0.365,0.154
40348,Serbia,1903,0.396,0.164
40349,Serbia,1904,0.423,0.173
40350,Serbia,1905,0.459,0.185
40351,Serbia,1906,0.549,0.218
40352,Serbia,1907,0.559,0.219
40353,Serbia,1908,0.601,0.233
40354,Serbia,1909,0.618,0.235
40355,Serbia,1910,0.611,0.229
40356,Serbia,1911,0.662,0.244
40357,Serbia,1912,0.678,0.246
40358,Serbia,1913,1.863,0.661
40364,Serbia,1919,1.335,0.421
40365,Serbia,1920,1.772,0.547
40366,Serbia,1921,1.887,0.571
40367,Serbia,1922,2.742,0.812
40368,Serbia,1923,2.991,0.868
40369,Serbia,1924,3.067,0.871
40370,Serbia,1925,3.366,0.937
40371,Serbia,1926,3.278,0.893
40372,Serbia,1927,3.704,0.988
40373,Serbia,1928,4.216,1.102
40374,Serbia,1929,4.588,1.175
40375,Serbia,1930,4.318,1.082
40376,Serbia,1931,4.0,0.982
40377,Serbia,1932,3.646,0.877
40378,Serbia,1933,3.374,0.794
40379,Serbia,1934,3.511,0.81
40380,Serbia,1935,3.676,0.83
40381,Serbia,1936,3.624,0.802
40382,Serbia,1937,4.037,0.874
40383,Serbia,1938,3.825,0.811
40384,Serbia,1939,4.012,0.834
40385,Serbia,1940,4.606,0.937
40388,Serbia,1943,0.164,0.031
40389,Serbia,1944,0.041,0.008
40390,Serbia,1945,2.329,0.427
40391,Serbia,1946,4.606,0.827
40392,Serbia,1947,6.414,1.128
40393,Serbia,1948,7.227,1.244
40394,Serbia,1949,8.256,1.395
40395,Serbia,1950,7.931,1.32
40396,Serbia,1951,7.508,1.237
40397,Serbia,1952,7.54,1.231
40398,Serbia,1953,7.488,1.209
40399,Serbia,1954,8.93,1.425
40400,Serbia,1955,10.227,1.611
40401,Serbia,1956,11.689,1.82
40402,Serbia,1957,12.697,1.954
40403,Serbia,1958,12.513,1.905
40404,Serbia,1959,14.344,2.162
40405,Serbia,1960,15.668,2.338
40406,Serbia,1961,16.421,2.425
40407,Serbia,1962,16.852,2.464
40408,Serbia,1963,18.748,2.715
40409,Serbia,1964,21.239,3.048
40410,Serbia,1965,21.853,3.108
40411,Serbia,1966,21.656,3.053
40412,Serbia,1967,21.876,3.058
40413,Serbia,1968,23.4,3.244
40414,Serbia,1969,24.263,3.337
40415,Serbia,1970,31.698,4.328
40416,Serbia,1971,34.156,4.631
40417,Serbia,1972,32.014,4.312
40418,Serbia,1973,38.229,5.115
40419,Serbia,1974,38.386,5.103
40420,Serbia,1975,40.042,5.288
40421,Serbia,1976,41.315,5.42
40422,Serbia,1977,40.163,5.235
40423,Serbia,1978,44.863,5.814
40424,Serbia,1979,48.779,6.287
40425,Serbia,1980,47.945,6.15
40426,Serbia,1981,52.179,6.666
40427,Serbia,1982,47.909,6.103
40428,Serbia,1983,51.586,6.559
40429,Serbia,1984,54.397,6.908
40430,Serbia,1985,55.48,7.039
40431,Serbia,1986,57.928,7.347
40432,Serbia,1987,56.54,7.17
40433,Serbia,1988,58.332,7.398
40434,Serbia,1989,58.146,7.378
40435,Serbia,1990,57.784,7.338
40436,Serbia,1991,40.928,5.202
40437,Serbia,1992,43.684,5.558
40438,Serbia,1993,38.096,4.853
40439,Serbia,1994,37.04,4.726
40440,Serbia,1995,39.141,5.003
40441,Serbia,1996,45.825,5.869
40442,Serbia,1997,49.265,6.325
40443,Serbia,1998,51.882,6.681
40444,Serbia,1999,35.791,4.627
40445,Serbia,2000,44.95,5.842
40446,Serbia,2001,49.308,6.444
40447,Serbia,2002,52.23,6.857
40448,Serbia,2003,55.824,7.354
40449,Serbia,2004,60.167,7.952
40450,Serbia,2005,51.634,6.849
40451,Serbia,2006,60.838,8.099
40452,Serbia,2007,59.554,7.959
40453,Serbia,2008,51.778,6.946
40454,Serbia,2009,45.895,6.181
40455,Serbia,2010,45.696,6.179
40456,Serbia,2011,48.957,6.647
40457,Serbia,2012,43.744,5.972
40458,Serbia,2013,44.569,6.125
40459,Serbia,2014,37.208,5.148
40460,Serbia,2015,43.777,6.099
40461,Serbia,2016,45.043,6.321
40462,Serbia,2017,45.53,6.437
40463,Serbia,2018,44.32,6.313
40464,Serbia,2019,44.278,6.356
40465,Serbia,2020,45.17,6.539
40466,Serbia,2021,43.684,6.391
40467,Serbia,2022,43.517,6.408
40468,Serbia,2023,42.358,6.254
40582,Seychelles,1963,0.007,0.159
40583,Seychelles,1964,0.007,0.155
40584,Seychelles,1965,0.007,0.152
40585,Seychelles,1966,0.007,0.148
40586,Seychelles,1967,0.007,0.145
40587,Seychelles,1968,0.007,0.141
40588,Seychelles,1969,0.007,0.138
40589,Seychelles,1970,0.029,0.54
40590,Seychelles,1971,0.033,0.594
40591,Seychelles,1972,0.044,0.773
40592,Seychelles,1973,0.048,0.817
40593,Seychelles,1974,0.055,0.92
40594,Seychelles,1975,0.059,0.957
40595,Seychelles,1976,0.081,1.284
40596,Seychelles,1977,0.084,1.314
40597,Seychelles,1978,0.077,1.184
40598,Seychelles,1979,0.121,1.842
40599,Seychelles,1980,0.095,1.437
40600,Seychelles,1981,0.099,1.477
40601,Seychelles,1982,0.084,1.245
40602,Seychelles,1983,0.099,1.447
40603,Seychelles,1984,0.099,1.432
40604,Seychelles,1985,0.15,2.151
40605,Seychelles,1986,0.165,2.336
40606,Seychelles,1987,0.202,2.824
40607,Seychelles,1988,0.198,2.739
40608,Seychelles,1989,0.234,3.206
40609,Seychelles,1990,0.15,2.03
40610,Seychelles,1991,0.172,2.301
40611,Seychelles,1992,0.172,2.277
40612,Seychelles,1993,0.183,2.397
40613,Seychelles,1994,0.202,2.608
40614,Seychelles,1995,0.198,2.532
40615,Seychelles,1996,0.234,2.972
40616,Seychelles,1997,0.275,3.449
40617,Seychelles,1998,0.289,3.585
40618,Seychelles,1999,0.304,3.707
40619,Seychelles,2000,0.315,3.781
40620,Seychelles,2001,0.344,4.07
40621,Seychelles,2002,0.348,4.053
40622,Seychelles,2003,0.341,3.914
40623,Seychelles,2004,0.37,4.197
40624,Seychelles,2005,0.381,4.268
40625,Seychelles,2006,0.385,4.256
40626,Seychelles,2007,0.403,4.406
40627,Seychelles,2008,0.414,4.473
40628,Seychelles,2009,0.44,4.695
40629,Seychelles,2010,0.443,4.667
40630,Seychelles,2011,0.407,4.191
40631,Seychelles,2012,0.425,4.269
40632,Seychelles,2013,0.414,4.055
40633,Seychelles,2014,0.458,4.376
40634,Seychelles,2015,0.498,4.646
40635,Seychelles,2016,0.553,5.037
40636,Seychelles,2017,0.575,5.116
40637,Seychelles,2018,0.601,5.223
40638,Seychelles,2019,0.594,5.045
40639,Seychelles,2020,0.597,4.965
40640,Seychelles,2021,0.612,4.975
40641,Seychelles,2022,0.554,4.411
40642,Seychelles,2023,0.551,4.306
40843,Sierra Leone,1950,0.158,0.079
40844,Sierra Leone,1951,0.095,0.047
40845,Sierra Leone,1952,0.18,0.088
40846,Sierra Leone,1953,0.169,0.081
40847,Sierra Leone,1954,0.125,0.059
40848,Sierra Leone,1955,0.183,0.086
40849,Sierra Leone,1956,0.18,0.084
40850,Sierra Leone,1957,0.388,0.178
40851,Sierra Leone,1958,0.209,0.095
40852,Sierra Leone,1959,0.234,0.105
40853,Sierra Leone,1960,0.714,0.315
40854,Sierra Leone,1961,0.289,0.126
40855,Sierra Leone,1962,0.326,0.139
40856,Sierra Leone,1963,0.37,0.155
40857,Sierra Leone,1964,0.304,0.125
40858,Sierra Leone,1965,0.282,0.114
40859,Sierra Leone,1966,0.3,0.119
40860,Sierra Leone,1967,0.253,0.099
40861,Sierra Leone,1968,0.363,0.139
40862,Sierra Leone,1969,1.085,0.408
40863,Sierra Leone,1970,0.857,0.316
40864,Sierra Leone,1971,0.802,0.29
40865,Sierra Leone,1972,0.678,0.241
40866,Sierra Leone,1973,0.539,0.188
40867,Sierra Leone,1974,0.52,0.178
40868,Sierra Leone,1975,0.524,0.176
40869,Sierra Leone,1976,0.451,0.149
40870,Sierra Leone,1977,0.513,0.166
40871,Sierra Leone,1978,0.711,0.226
40872,Sierra Leone,1979,0.678,0.211
40873,Sierra Leone,1980,0.608,0.186
40874,Sierra Leone,1981,0.692,0.207
40875,Sierra Leone,1982,0.553,0.162
40876,Sierra Leone,1983,0.689,0.198
40877,Sierra Leone,1984,0.616,0.173
40878,Sierra Leone,1985,0.663,0.182
40879,Sierra Leone,1986,0.674,0.181
40880,Sierra Leone,1987,0.498,0.13
40881,Sierra Leone,1988,0.458,0.116
40882,Sierra Leone,1989,0.374,0.093
40883,Sierra Leone,1990,0.498,0.119
40884,Sierra Leone,1991,0.557,0.131
40885,Sierra Leone,1992,0.282,0.068
40886,Sierra Leone,1993,0.264,0.063
40887,Sierra Leone,1994,0.275,0.066
40888,Sierra Leone,1995,0.224,0.053
40889,Sierra Leone,1996,0.231,0.055
40890,Sierra Leone,1997,0.205,0.048
40891,Sierra Leone,1998,0.22,0.051
40892,Sierra Leone,1999,0.176,0.041
40893,Sierra Leone,2000,0.271,0.061
40894,Sierra Leone,2001,0.37,0.079
40895,Sierra Leone,2002,0.502,0.101
40896,Sierra Leone,2003,0.535,0.103
40897,Sierra Leone,2004,0.52,0.097
40898,Sierra Leone,2005,0.425,0.077
40899,Sierra Leone,2006,0.579,0.103
40900,Sierra Leone,2007,0.487,0.085
40901,Sierra Leone,2008,0.506,0.086
40902,Sierra Leone,2009,0.502,0.083
40903,Sierra Leone,2010,0.542,0.087
40904,Sierra Leone,2011,0.711,0.111
40905,Sierra Leone,2012,0.832,0.127
40906,Sierra Leone,2013,1.048,0.156
40907,Sierra Leone,2014,1.129,0.164
40908,Sierra Leone,2015,1.085,0.154
40909,Sierra Leone,2016,1.143,0.159
40910,Sierra Leone,2017,1.088,0.147
40911,Sierra Leone,2018,1.026,0.136
40912,Sierra Leone,2019,1.004,0.13
40913,Sierra Leone,2020,1.026,0.13
40914,Sierra Leone,2021,1.257,0.155
40915,Sierra Leone,2022,1.278,0.154
40916,Sierra Leone,2023,1.232,0.146
41117,Singapore,1950,1.914,1.889
41118,Singapore,1951,2.826,2.646
41119,Singapore,1952,3.441,3.056
41120,Singapore,1953,3.482,2.932
41121,Singapore,1954,3.771,3.012
41122,Singapore,1955,4.053,3.07
41123,Singapore,1956,4.096,2.945
41124,Singapore,1957,1.729,1.186
41125,Singapore,1958,2.297,1.516
41126,Singapore,1959,1.799,1.148
41127,Singapore,1960,1.392,0.86
41128,Singapore,1961,2.092,1.252
41129,Singapore,1962,2.513,1.46
41130,Singapore,1963,3.301,1.864
41131,Singapore,1964,3.602,1.977
41132,Singapore,1965,2.426,1.297
41133,Singapore,1966,0.479,0.25
41134,Singapore,1967,2.821,1.435
41135,Singapore,1968,5.133,2.554
41136,Singapore,1969,6.888,3.357
41137,Singapore,1970,17.833,8.526
41138,Singapore,1971,16.275,7.647
41139,Singapore,1972,21.72,10.035
41140,Singapore,1973,20.691,9.404
41141,Singapore,1974,21.427,9.587
41142,Singapore,1975,23.864,10.519
41143,Singapore,1976,29.338,12.751
41144,Singapore,1977,27.612,11.843
41145,Singapore,1978,32.463,13.752
41146,Singapore,1979,35.42,14.831
41147,Singapore,1980,30.433,12.485
41148,Singapore,1981,25.707,10.153
41149,Singapore,1982,28.382,10.802
41150,Singapore,1983,33.397,12.434
41151,Singapore,1984,31.969,11.749
41152,Singapore,1985,32.397,11.845
41153,Singapore,1986,34.101,12.424
41154,Singapore,1987,31.811,11.436
41155,Singapore,1988,35.281,12.383
41156,Singapore,1989,41.004,13.953
41157,Singapore,1990,43.536,14.323
41158,Singapore,1991,44.235,14.104
41159,Singapore,1992,47.441,14.704
41160,Singapore,1993,49.662,14.968
41161,Singapore,1994,60.086,17.58
41162,Singapore,1995,40.546,11.474
41163,Singapore,1996,48.013,13.102
41164,Singapore,1997,56.737,14.944
41165,Singapore,1998,47.412,12.153
41166,Singapore,1999,49.2,12.404
41167,Singapore,2000,37.369,9.261
41168,Singapore,2001,38.525,9.359
41169,Singapore,2002,40.208,9.696
41170,Singapore,2003,39.534,9.553
41171,Singapore,2004,41.0,9.826
41172,Singapore,2005,39.6,9.278
41173,Singapore,2006,40.6,9.212
41174,Singapore,2007,41.1,8.942
41175,Singapore,2008,40.2,8.363
41176,Singapore,2009,40.8,8.212
41177,Singapore,2010,44.4,8.745
41178,Singapore,2011,47.0,9.069
41179,Singapore,2012,46.1,8.709
41180,Singapore,2013,47.0,8.727
41181,Singapore,2014,47.6,8.721
41182,Singapore,2015,49.4,8.941
41183,Singapore,2016,49.1,8.803
41184,Singapore,2017,50.1,8.94
41185,Singapore,2018,50.3,8.927
41186,Singapore,2019,49.0,8.643
41187,Singapore,2020,46.7,8.309
41188,Singapore,2021,50.1,9.033
41189,Singapore,2022,47.873,8.473
41190,Singapore,2023,49.253,8.508
41290,Sint Maarten (Dutch part),1950,0.683,463.671
41291,Sint Maarten (Dutch part),1951,1.076,682.15
41292,Sint Maarten (Dutch part),1952,0.622,371.728
41293,Sint Maarten (Dutch part),1953,0.719,408.707
41294,Sint Maarten (Dutch part),1954,1.455,782.682
41295,Sint Maarten (Dutch part),1955,1.204,610.62
41296,Sint Maarten (Dutch part),1956,1.557,741.214
41297,Sint Maarten (Dutch part),1957,1.063,475.253
41298,Sint Maarten (Dutch part),1958,0.931,390.143
41299,Sint Maarten (Dutch part),1959,1.199,471.211
41300,Sint Maarten (Dutch part),1960,1.031,376.469
41301,Sint Maarten (Dutch part),1961,1.076,359.662
41302,Sint Maarten (Dutch part),1962,1.181,359.849
41303,Sint Maarten (Dutch part),1963,1.132,313.907
41304,Sint Maarten (Dutch part),1964,1.1,278.906
41305,Sint Maarten (Dutch part),1965,0.987,229.358
41306,Sint Maarten (Dutch part),1966,0.923,197.116
41307,Sint Maarten (Dutch part),1967,1.137,223.396
41308,Sint Maarten (Dutch part),1968,1.057,191.41
41309,Sint Maarten (Dutch part),1969,1.384,231.79
41310,Sint Maarten (Dutch part),1970,1.548,240.437
41311,Sint Maarten (Dutch part),1971,1.347,194.961
41312,Sint Maarten (Dutch part),1972,1.306,176.452
41313,Sint Maarten (Dutch part),1973,1.449,182.501
41314,Sint Maarten (Dutch part),1974,1.313,154.246
41315,Sint Maarten (Dutch part),1975,0.951,104.349
41316,Sint Maarten (Dutch part),1976,2.032,208.621
41317,Sint Maarten (Dutch part),1977,1.061,102.186
41318,Sint Maarten (Dutch part),1978,0.904,81.721
41319,Sint Maarten (Dutch part),1979,0.948,80.713
41320,Sint Maarten (Dutch part),1980,0.976,78.472
41321,Sint Maarten (Dutch part),1981,0.929,69.73
41322,Sint Maarten (Dutch part),1982,1.039,71.059
41323,Sint Maarten (Dutch part),1983,0.534,33.054
41324,Sint Maarten (Dutch part),1984,1.333,75.271
41325,Sint Maarten (Dutch part),1985,1.561,80.804
41326,Sint Maarten (Dutch part),1986,0.299,14.282
41327,Sint Maarten (Dutch part),1987,0.266,11.747
41328,Sint Maarten (Dutch part),1988,0.262,10.746
41329,Sint Maarten (Dutch part),1989,0.499,19.044
41330,Sint Maarten (Dutch part),1990,0.534,19.022
41331,Sint Maarten (Dutch part),1991,0.426,14.177
41332,Sint Maarten (Dutch part),1992,0.351,11.116
41333,Sint Maarten (Dutch part),1993,0.542,16.913
41334,Sint Maarten (Dutch part),1994,0.52,16.27
41335,Sint Maarten (Dutch part),1995,0.514,16.174
41336,Sint Maarten (Dutch part),1996,0.481,15.213
41337,Sint Maarten (Dutch part),1997,0.503,16.023
41338,Sint Maarten (Dutch part),1998,0.028,0.89
41339,Sint Maarten (Dutch part),1999,0.208,6.718
41340,Sint Maarten (Dutch part),2000,0.553,17.941
41341,Sint Maarten (Dutch part),2001,0.563,18.296
41342,Sint Maarten (Dutch part),2002,0.542,17.505
41343,Sint Maarten (Dutch part),2003,0.543,17.316
41344,Sint Maarten (Dutch part),2004,0.569,17.958
41345,Sint Maarten (Dutch part),2005,0.564,17.594
41346,Sint Maarten (Dutch part),2006,0.588,18.13
41347,Sint Maarten (Dutch part),2007,0.662,20.185
41348,Sint Maarten (Dutch part),2008,0.637,19.207
41349,Sint Maarten (Dutch part),2009,0.652,19.448
41350,Sint Maarten (Dutch part),2010,0.449,13.278
41351,Sint Maarten (Dutch part),2011,0.573,16.704
41352,Sint Maarten (Dutch part),2012,0.696,19.869
41353,Sint Maarten (Dutch part),2013,0.714,19.92
41354,Sint Maarten (Dutch part),2014,0.725,19.771
41355,Sint Maarten (Dutch part),2015,0.744,19.841
41356,Sint Maarten (Dutch part),2016,0.744,19.434
41357,Sint Maarten (Dutch part),2017,0.707,18.127
41358,Sint Maarten (Dutch part),2018,0.689,17.336
41359,Sint Maarten (Dutch part),2019,0.689,17.046
41360,Sint Maarten (Dutch part),2020,0.652,15.897
41361,Sint Maarten (Dutch part),2021,0.685,16.474
41362,Sint Maarten (Dutch part),2022,0.664,15.755
41363,Sint Maarten (Dutch part),2023,0.693,16.201
41374,Slovakia,1860,0.065,0.026
41375,Slovakia,1861,0.214,0.086
41376,Slovakia,1862,0.364,0.146
41377,Slovakia,1863,0.514,0.205
41378,Slovakia,1864,0.663,0.264
41379,Slovakia,1865,0.813,0.322
41380,Slovakia,1866,0.963,0.38
41381,Slovakia,1867,1.112,0.437
41382,Slovakia,1868,1.262,0.494
41383,Slovakia,1869,1.411,0.551
41384,Slovakia,1870,1.561,0.607
41385,Slovakia,1871,1.711,0.663
41386,Slovakia,1872,1.86,0.718
41387,Slovakia,1873,2.01,0.773
41388,Slovakia,1874,2.159,0.828
41389,Slovakia,1875,2.309,0.882
41390,Slovakia,1876,3.992,1.519
41391,Slovakia,1877,4.194,1.59
41392,Slovakia,1878,4.396,1.661
41393,Slovakia,1879,4.724,1.779
41394,Slovakia,1880,5.005,1.877
41395,Slovakia,1881,5.286,1.976
41396,Slovakia,1882,5.406,2.013
41397,Slovakia,1883,5.774,2.142
41398,Slovakia,1884,5.964,2.205
41399,Slovakia,1885,6.262,2.307
41400,Slovakia,1886,6.583,2.416
41401,Slovakia,1887,6.914,2.529
41402,Slovakia,1888,7.411,2.7
41403,Slovakia,1889,7.846,2.849
41404,Slovakia,1890,8.391,3.035
41405,Slovakia,1891,8.699,3.136
41406,Slovakia,1892,8.831,3.172
41407,Slovakia,1893,9.027,3.231
41408,Slovakia,1894,9.254,3.3
41409,Slovakia,1895,9.604,3.412
41410,Slovakia,1896,9.84,3.484
41411,Slovakia,1897,10.415,3.674
41412,Slovakia,1898,10.647,3.742
41413,Slovakia,1899,10.924,3.825
41414,Slovakia,1900,10.844,3.784
41415,Slovakia,1901,11.331,3.939
41416,Slovakia,1902,11.483,3.978
41417,Slovakia,1903,11.698,4.038
41418,Slovakia,1904,11.813,4.063
41419,Slovakia,1905,12.16,4.167
41420,Slovakia,1906,12.699,4.336
41421,Slovakia,1907,13.346,4.54
41422,Slovakia,1908,13.592,4.607
41423,Slovakia,1909,13.509,4.563
41424,Slovakia,1910,13.368,4.499
41425,Slovakia,1911,13.538,4.54
41426,Slovakia,1912,14.404,4.813
41427,Slovakia,1913,15.067,5.016
41428,Slovakia,1914,13.736,4.556
41429,Slovakia,1915,13.705,4.53
41430,Slovakia,1916,14.587,4.804
41431,Slovakia,1917,13.717,4.501
41432,Slovakia,1918,11.695,3.823
41433,Slovakia,1919,11.048,3.599
41434,Slovakia,1920,10.958,3.556
41435,Slovakia,1921,10.523,3.402
41436,Slovakia,1922,9.392,3.025
41437,Slovakia,1923,9.927,3.186
41438,Slovakia,1924,12.184,3.896
41439,Slovakia,1925,11.467,3.653
41440,Slovakia,1926,11.626,3.69
41441,Slovakia,1927,12.477,3.945
41442,Slovakia,1928,13.137,4.139
41443,Slovakia,1929,14.695,4.612
41444,Slovakia,1930,12.909,4.037
41445,Slovakia,1931,12.075,3.762
41446,Slovakia,1932,10.523,3.266
41447,Slovakia,1933,9.629,2.978
41448,Slovakia,1934,9.617,2.963
41449,Slovakia,1935,9.899,3.039
41450,Slovakia,1936,10.755,3.289
41451,Slovakia,1937,13.024,3.969
41452,Slovakia,1938,14.983,4.549
41453,Slovakia,1939,16.45,4.976
41454,Slovakia,1940,18.545,5.588
41455,Slovakia,1941,18.662,5.603
41456,Slovakia,1942,20.128,6.021
41457,Slovakia,1943,22.223,6.623
41458,Slovakia,1944,21.202,6.295
41459,Slovakia,1945,11.252,3.329
41460,Slovakia,1946,13.969,4.117
41461,Slovakia,1947,15.839,4.651
41462,Slovakia,1948,17.113,5.007
41463,Slovakia,1949,17.99,5.233
41464,Slovakia,1950,18.52,5.344
41465,Slovakia,1951,19.732,5.597
41466,Slovakia,1952,21.098,5.874
41467,Slovakia,1953,21.866,5.974
41468,Slovakia,1954,23.349,6.263
41469,Slovakia,1955,24.228,6.38
41470,Slovakia,1956,25.997,6.721
41471,Slovakia,1957,27.141,6.894
41472,Slovakia,1958,29.652,7.408
41473,Slovakia,1959,29.661,7.297
41474,Slovakia,1960,31.633,7.67
41475,Slovakia,1961,34.339,8.204
41476,Slovakia,1962,36.593,8.639
41477,Slovakia,1963,38.521,9.004
41478,Slovakia,1964,40.087,9.272
41479,Slovakia,1965,39.049,8.946
41480,Slovakia,1966,38.814,8.817
41481,Slovakia,1967,38.725,8.729
41482,Slovakia,1968,40.525,9.073
41483,Slovakia,1969,43.029,9.573
41484,Slovakia,1970,49.345,10.903
41485,Slovakia,1971,51.764,11.351
41486,Slovakia,1972,52.246,11.358
41487,Slovakia,1973,52.457,11.297
41488,Slovakia,1974,53.058,11.311
41489,Slovakia,1975,55.525,11.716
41490,Slovakia,1976,57.698,12.049
41491,Slovakia,1977,59.437,12.286
41492,Slovakia,1978,59.973,12.275
41493,Slovakia,1979,58.41,11.84
41494,Slovakia,1980,59.101,11.876
41495,Slovakia,1981,58.455,11.656
41496,Slovakia,1982,57.896,11.461
41497,Slovakia,1983,57.978,11.398
41498,Slovakia,1984,59.952,11.711
41499,Slovakia,1985,59.145,11.482
41500,Slovakia,1986,59.562,11.498
41501,Slovakia,1987,58.863,11.307
41502,Slovakia,1988,57.893,11.07
41503,Slovakia,1989,55.25,10.524
41504,Slovakia,1990,61.526,11.684
41505,Slovakia,1991,53.332,10.091
41506,Slovakia,1992,48.928,9.22
41507,Slovakia,1993,46.396,8.711
41508,Slovakia,1994,43.805,8.198
41509,Slovakia,1995,44.196,8.254
41510,Slovakia,1996,44.077,8.22
41511,Slovakia,1997,44.149,8.222
41512,Slovakia,1998,43.879,8.164
41513,Slovakia,1999,43.092,8.012
41514,Slovakia,2000,41.192,7.656
41515,Slovakia,2001,43.279,8.045
41516,Slovakia,2002,42.095,7.828
41517,Slovakia,2003,42.425,7.891
41518,Slovakia,2004,42.92,7.984
41519,Slovakia,2005,42.926,7.984
41520,Slovakia,2006,42.751,7.951
41521,Slovakia,2007,41.154,7.654
41522,Slovakia,2008,41.551,7.724
41523,Slovakia,2009,37.8,7.019
41524,Slovakia,2010,38.462,7.133
41525,Slovakia,2011,38.046,7.048
41526,Slovakia,2012,35.963,6.654
41527,Slovakia,2013,35.623,6.584
41528,Slovakia,2014,33.708,6.225
41529,Slovakia,2015,34.528,6.37
41530,Slovakia,2016,34.963,6.442
41531,Slovakia,2017,36.167,6.654
41532,Slovakia,2018,36.16,6.643
41533,Slovakia,2019,33.831,6.207
41534,Slovakia,2020,31.154,5.711
41535,Slovakia,2021,35.216,6.47
41536,Slovakia,2022,31.55,5.765
41537,Slovakia,2023,30.739,5.571
41573,Slovenia,1885,0.004,0.005
41578,Slovenia,1890,0.011,0.013
41579,Slovenia,1891,0.013,0.015
41580,Slovenia,1892,0.014,0.017
41581,Slovenia,1893,0.026,0.029
41582,Slovenia,1894,0.049,0.055
41583,Slovenia,1895,0.049,0.055
41584,Slovenia,1896,0.055,0.06
41585,Slovenia,1897,0.043,0.047
41586,Slovenia,1898,0.064,0.07
41587,Slovenia,1899,0.075,0.081
41588,Slovenia,1900,0.102,0.109
41589,Slovenia,1901,0.111,0.118
41590,Slovenia,1902,0.104,0.109
41591,Slovenia,1903,0.113,0.118
41592,Slovenia,1904,0.121,0.124
41593,Slovenia,1905,0.131,0.134
41594,Slovenia,1906,0.157,0.159
41595,Slovenia,1907,0.159,0.16
41596,Slovenia,1908,0.171,0.171
41597,Slovenia,1909,0.176,0.174
41598,Slovenia,1910,0.174,0.171
41599,Slovenia,1911,0.189,0.183
41600,Slovenia,1912,0.193,0.186
41601,Slovenia,1913,0.531,0.507
41607,Slovenia,1919,0.381,0.345
41608,Slovenia,1920,0.506,0.454
41609,Slovenia,1921,0.538,0.479
41610,Slovenia,1922,0.782,0.691
41611,Slovenia,1923,0.853,0.747
41612,Slovenia,1924,0.875,0.759
41613,Slovenia,1925,0.96,0.826
41614,Slovenia,1926,0.935,0.797
41615,Slovenia,1927,1.056,0.893
41616,Slovenia,1928,1.194,1.0
41617,Slovenia,1929,1.309,1.087
41618,Slovenia,1930,1.232,1.014
41619,Slovenia,1931,1.132,0.924
41620,Slovenia,1932,1.033,0.836
41621,Slovenia,1933,0.955,0.766
41622,Slovenia,1934,0.995,0.791
41623,Slovenia,1935,1.04,0.82
41624,Slovenia,1936,1.027,0.802
41625,Slovenia,1937,1.145,0.886
41626,Slovenia,1938,1.083,0.832
41627,Slovenia,1939,1.138,0.865
41628,Slovenia,1940,1.314,0.991
41631,Slovenia,1943,0.047,0.034
41632,Slovenia,1944,0.012,0.009
41633,Slovenia,1945,0.663,0.479
41634,Slovenia,1946,1.308,0.936
41635,Slovenia,1947,1.817,1.288
41636,Slovenia,1948,2.049,1.441
41637,Slovenia,1949,2.341,1.633
41638,Slovenia,1950,2.249,1.555
41639,Slovenia,1951,2.129,1.456
41640,Slovenia,1952,2.137,1.444
41641,Slovenia,1953,2.122,1.417
41642,Slovenia,1954,2.532,1.671
41643,Slovenia,1955,2.9,1.892
41644,Slovenia,1956,3.318,2.142
41645,Slovenia,1957,3.6,2.302
41646,Slovenia,1958,3.548,2.248
41647,Slovenia,1959,4.068,2.555
41648,Slovenia,1960,4.444,2.768
41649,Slovenia,1961,4.659,2.878
41650,Slovenia,1962,4.78,2.927
41651,Slovenia,1963,5.317,3.228
41652,Slovenia,1964,6.026,3.627
41653,Slovenia,1965,6.2,3.701
41654,Slovenia,1966,6.142,3.635
41655,Slovenia,1967,6.204,3.641
41656,Slovenia,1968,6.635,3.864
41657,Slovenia,1969,6.879,3.979
41658,Slovenia,1970,8.994,5.17
41659,Slovenia,1971,9.687,5.527
41660,Slovenia,1972,9.065,5.127
41661,Slovenia,1973,10.83,6.068
41662,Slovenia,1974,10.868,6.034
41663,Slovenia,1975,11.332,6.235
41664,Slovenia,1976,11.686,6.371
41665,Slovenia,1977,11.35,6.131
41666,Slovenia,1978,12.682,6.787
41667,Slovenia,1979,13.792,7.313
41668,Slovenia,1980,13.548,7.119
41669,Slovenia,1981,14.73,7.693
41670,Slovenia,1982,13.513,7.046
41671,Slovenia,1983,14.555,7.568
41672,Slovenia,1984,15.353,7.944
41673,Slovenia,1985,15.661,8.067
41674,Slovenia,1986,16.767,8.534
41675,Slovenia,1987,16.001,8.049
41676,Slovenia,1988,15.547,7.799
41677,Slovenia,1989,15.34,7.688
41678,Slovenia,1990,15.095,7.555
41679,Slovenia,1991,13.973,6.99
41680,Slovenia,1992,13.883,6.956
41681,Slovenia,1993,14.251,7.158
41682,Slovenia,1994,14.636,7.361
41683,Slovenia,1995,15.354,7.723
41684,Slovenia,1996,15.999,8.053
41685,Slovenia,1997,16.507,8.318
41686,Slovenia,1998,16.039,8.1
41687,Slovenia,1999,15.412,7.779
41688,Slovenia,2000,15.054,7.577
41689,Slovenia,2001,16.303,8.194
41690,Slovenia,2002,16.565,8.317
41691,Slovenia,2003,16.272,8.166
41692,Slovenia,2004,16.705,8.379
41693,Slovenia,2005,16.936,8.481
41694,Slovenia,2006,17.178,8.576
41695,Slovenia,2007,17.343,8.611
41696,Slovenia,2008,18.278,9.026
41697,Slovenia,2009,16.204,7.96
41698,Slovenia,2010,16.46,8.05
41699,Slovenia,2011,16.359,7.985
41700,Slovenia,2012,15.76,7.675
41701,Slovenia,2013,15.128,7.356
41702,Slovenia,2014,13.561,6.588
41703,Slovenia,2015,13.645,6.624
41704,Slovenia,2016,14.458,7.014
41705,Slovenia,2017,14.617,7.087
41706,Slovenia,2018,14.52,7.016
41707,Slovenia,2019,14.039,6.739
41708,Slovenia,2020,12.855,6.114
41709,Slovenia,2021,13.059,6.179
41710,Slovenia,2022,12.701,6.005
41711,Slovenia,2023,11.328,5.348
41814,Solomon Islands,1952,0.004,0.032
41815,Solomon Islands,1953,0.004,0.032
41816,Solomon Islands,1954,0.004,0.031
41817,Solomon Islands,1955,0.011,0.09
41818,Solomon Islands,1956,0.011,0.088
41819,Solomon Islands,1957,0.011,0.085
41820,Solomon Islands,1958,0.011,0.083
41821,Solomon Islands,1959,0.011,0.081
41822,Solomon Islands,1960,0.011,0.079
41823,Solomon Islands,1961,0.015,0.103
41824,Solomon Islands,1962,0.015,0.1
41825,Solomon Islands,1963,0.015,0.098
41826,Solomon Islands,1964,0.018,0.12
41827,Solomon Islands,1965,0.026,0.164
41828,Solomon Islands,1966,0.026,0.16
41829,Solomon Islands,1967,0.033,0.201
41830,Solomon Islands,1968,0.037,0.218
41831,Solomon Islands,1969,0.037,0.212
41832,Solomon Islands,1970,0.04,0.228
41833,Solomon Islands,1971,0.048,0.264
41834,Solomon Islands,1972,0.055,0.297
41835,Solomon Islands,1973,0.066,0.348
41836,Solomon Islands,1974,0.066,0.338
41837,Solomon Islands,1975,0.059,0.292
41838,Solomon Islands,1976,0.062,0.301
41839,Solomon Islands,1977,0.081,0.376
41840,Solomon Islands,1978,0.062,0.281
41841,Solomon Islands,1979,0.11,0.478
41842,Solomon Islands,1980,0.103,0.431
41843,Solomon Islands,1981,0.136,0.55
41844,Solomon Islands,1982,0.121,0.474
41845,Solomon Islands,1983,0.143,0.541
41846,Solomon Islands,1984,0.143,0.523
41847,Solomon Islands,1985,0.15,0.532
41848,Solomon Islands,1986,0.154,0.527
41849,Solomon Islands,1987,0.161,0.535
41850,Solomon Islands,1988,0.158,0.506
41851,Solomon Islands,1989,0.161,0.502
41852,Solomon Islands,1990,0.147,0.442
41853,Solomon Islands,1991,0.158,0.461
41854,Solomon Islands,1992,0.161,0.458
41855,Solomon Islands,1993,0.172,0.475
41856,Solomon Islands,1994,0.183,0.49
41857,Solomon Islands,1995,0.191,0.495
41858,Solomon Islands,1996,0.198,0.5
41859,Solomon Islands,1997,0.205,0.504
41860,Solomon Islands,1998,0.216,0.516
41861,Solomon Islands,1999,0.216,0.502
41862,Solomon Islands,2000,0.224,0.507
41863,Solomon Islands,2001,0.234,0.522
41864,Solomon Islands,2002,0.245,0.536
41865,Solomon Islands,2003,0.256,0.55
41866,Solomon Islands,2004,0.275,0.579
41867,Solomon Islands,2005,0.282,0.584
41868,Solomon Islands,2006,0.289,0.589
41869,Solomon Islands,2007,0.3,0.601
41870,Solomon Islands,2008,0.308,0.605
41871,Solomon Islands,2009,0.319,0.615
41872,Solomon Islands,2010,0.33,0.619
41873,Solomon Islands,2011,0.344,0.623
41874,Solomon Islands,2012,0.348,0.607
41875,Solomon Islands,2013,0.374,0.628
41876,Solomon Islands,2014,0.33,0.535
41877,Solomon Islands,2015,0.293,0.458
41878,Solomon Islands,2016,0.289,0.437
41879,Solomon Islands,2017,0.286,0.417
41880,Solomon Islands,2018,0.289,0.408
41881,Solomon Islands,2019,0.293,0.403
41882,Solomon Islands,2020,0.289,0.389
41883,Solomon Islands,2021,0.289,0.38
41884,Solomon Islands,2022,0.296,0.379
41885,Solomon Islands,2023,0.303,0.379
41986,Somalia,1950,0.048,0.022
41987,Somalia,1951,0.048,0.021
41988,Somalia,1952,0.048,0.02
41989,Somalia,1953,0.048,0.02
41990,Somalia,1954,0.048,0.019
41991,Somalia,1955,0.066,0.026
41992,Somalia,1956,0.07,0.027
41993,Somalia,1957,0.073,0.027
41994,Somalia,1958,0.084,0.031
41995,Somalia,1959,0.088,0.031
41996,Somalia,1960,0.084,0.029
41997,Somalia,1961,0.088,0.03
41998,Somalia,1962,0.106,0.035
41999,Somalia,1963,0.103,0.033
42000,Somalia,1964,0.136,0.042
42001,Somalia,1965,0.132,0.04
42002,Somalia,1966,0.139,0.041
42003,Somalia,1967,0.227,0.066
42004,Somalia,1968,0.154,0.043
42005,Somalia,1969,0.161,0.044
42006,Somalia,1970,0.216,0.058
42007,Somalia,1971,0.187,0.049
42008,Somalia,1972,0.234,0.06
42009,Somalia,1973,0.264,0.065
42010,Somalia,1974,0.33,0.079
42011,Somalia,1975,0.502,0.118
42012,Somalia,1976,0.48,0.11
42013,Somalia,1977,0.799,0.178
42014,Somalia,1978,0.557,0.116
42015,Somalia,1979,0.487,0.089
42016,Somalia,1980,0.813,0.137
42017,Somalia,1981,0.275,0.046
42018,Somalia,1982,0.718,0.12
42019,Somalia,1983,0.934,0.151
42020,Somalia,1984,0.714,0.111
42021,Somalia,1985,0.857,0.128
42022,Somalia,1986,0.923,0.132
42023,Somalia,1987,0.993,0.137
42024,Somalia,1988,1.004,0.139
42025,Somalia,1989,0.952,0.134
42026,Somalia,1990,0.782,0.11
42027,Somalia,1991,0.704,0.103
42028,Somalia,1992,0.666,0.103
42029,Somalia,1993,0.626,0.094
42030,Somalia,1994,0.618,0.088
42031,Somalia,1995,0.585,0.08
42032,Somalia,1996,0.575,0.076
42033,Somalia,1997,0.535,0.068
42034,Somalia,1998,0.506,0.062
42035,Somalia,1999,0.487,0.057
42036,Somalia,2000,0.476,0.054
42037,Somalia,2001,0.498,0.054
42038,Somalia,2002,0.557,0.058
42039,Somalia,2003,0.561,0.057
42040,Somalia,2004,0.561,0.055
42041,Somalia,2005,0.564,0.053
42042,Somalia,2006,0.564,0.051
42043,Somalia,2007,0.608,0.054
42044,Somalia,2008,0.601,0.052
42045,Somalia,2009,0.597,0.05
42046,Somalia,2010,0.612,0.05
42047,Somalia,2011,0.612,0.05
42048,Somalia,2012,0.608,0.049
42049,Somalia,2013,0.63,0.049
42050,Somalia,2014,0.63,0.047
42051,Somalia,2015,0.63,0.046
42052,Somalia,2016,0.638,0.044
42053,Somalia,2017,0.638,0.043
42054,Somalia,2018,0.638,0.041
42055,Somalia,2019,0.638,0.04
42056,Somalia,2020,0.597,0.036
42057,Somalia,2021,0.619,0.036
42058,Somalia,2022,0.56,0.031
42059,Somalia,2023,0.558,0.03
42094,South Africa,1884,0.022,0.005
42095,South Africa,1885,0.037,0.008
42096,South Africa,1886,0.048,0.011
42097,South Africa,1887,0.048,0.011
42098,South Africa,1888,0.081,0.018
42099,South Africa,1889,0.132,0.029
42100,South Africa,1890,0.297,0.064
42101,South Africa,1891,0.297,0.064
42102,South Africa,1892,0.48,0.102
42103,South Africa,1893,1.799,0.377
42104,South Africa,1894,2.433,0.504
42105,South Africa,1895,3.338,0.685
42106,South Africa,1896,4.258,0.864
42107,South Africa,1897,4.778,0.959
42108,South Africa,1898,6.049,1.201
42109,South Africa,1899,5.518,1.083
42110,South Africa,1900,2.33,0.451
42111,South Africa,1901,3.909,0.746
42112,South Africa,1902,5.826,1.095
42113,South Africa,1903,7.782,1.437
42114,South Africa,1904,8.768,1.592
42115,South Africa,1905,10.028,1.79
42116,South Africa,1906,11.465,2.012
42117,South Africa,1907,12.652,2.183
42118,South Africa,1908,13.007,2.207
42119,South Africa,1909,14.975,2.499
42120,South Africa,1910,16.979,2.786
42121,South Africa,1911,16.341,2.638
42122,South Africa,1912,17.349,2.756
42123,South Africa,1913,18.983,2.967
42124,South Africa,1914,18.401,2.83
42125,South Africa,1915,18.511,2.802
42126,South Africa,1916,21.812,3.249
42127,South Africa,1917,23.34,3.421
42128,South Africa,1918,22.222,3.208
42129,South Africa,1919,23.138,3.285
42130,South Africa,1920,25.666,3.581
42131,South Africa,1921,25.414,3.48
42132,South Africa,1922,21.786,2.925
42133,South Africa,1923,26.443,3.477
42134,South Africa,1924,27.777,3.577
42135,South Africa,1925,28.953,3.652
42136,South Africa,1926,30.43,3.759
42137,South Africa,1927,29.561,3.576
42138,South Africa,1928,29.623,3.51
42139,South Africa,1929,30.769,3.572
42140,South Africa,1930,28.722,3.266
42141,South Africa,1931,25.567,2.849
42142,South Africa,1932,23.456,2.562
42143,South Africa,1933,25.332,2.712
42144,South Africa,1934,28.871,3.03
42145,South Africa,1935,32.157,3.308
42146,South Africa,1936,35.252,3.554
42147,South Africa,1937,36.816,3.639
42148,South Africa,1938,38.699,3.749
42149,South Africa,1939,40.157,3.814
42150,South Africa,1940,41.517,3.867
42151,South Africa,1941,44.327,4.049
42152,South Africa,1942,48.423,4.339
42153,South Africa,1943,48.764,4.288
42154,South Africa,1944,54.567,4.707
42155,South Africa,1945,55.868,4.729
42156,South Africa,1946,56.043,4.654
42157,South Africa,1947,55.834,4.55
42158,South Africa,1948,57.098,4.565
42159,South Africa,1949,60.586,4.747
42160,South Africa,1950,61.031,4.681
42161,South Africa,1951,65.142,4.895
42162,South Africa,1952,70.883,5.214
42163,South Africa,1953,70.996,5.11
42164,South Africa,1954,73.898,5.203
42165,South Africa,1955,82.936,5.707
42166,South Africa,1956,87.263,5.864
42167,South Africa,1957,89.652,5.881
42168,South Africa,1958,96.253,6.162
42169,South Africa,1959,94.473,5.899
42170,South Africa,1960,97.844,5.951
42171,South Africa,1961,102.12,6.04
42172,South Africa,1962,105.67,6.067
42173,South Africa,1963,109.725,6.111
42174,South Africa,1964,119.546,6.458
42175,South Africa,1965,128.14,6.713
42176,South Africa,1966,128.235,6.513
42177,South Africa,1967,133.76,6.585
42178,South Africa,1968,137.954,6.583
42179,South Africa,1969,143.143,6.622
42180,South Africa,1970,149.618,6.715
42181,South Africa,1971,168.403,7.34
42182,South Africa,1972,171.554,7.266
42183,South Africa,1973,173.352,7.136
42184,South Africa,1974,176.544,7.065
42185,South Africa,1975,185.001,7.201
42186,South Africa,1976,192.905,7.308
42187,South Africa,1977,199.735,7.365
42188,South Africa,1978,201.876,7.244
42189,South Africa,1979,218.667,7.637
42190,South Africa,1980,228.198,7.731
42191,South Africa,1981,257.075,8.417
42192,South Africa,1982,280.433,8.87
42193,South Africa,1983,291.902,8.916
42194,South Africa,1984,315.593,9.312
42195,South Africa,1985,323.861,9.242
42196,South Africa,1986,330.497,9.135
42197,South Africa,1987,328.665,8.805
42198,South Africa,1988,342.655,8.905
42199,South Africa,1989,340.711,8.598
42200,South Africa,1990,312.93,7.68
42201,South Africa,1991,326.027,7.821
42202,South Africa,1992,301.325,7.099
42203,South Africa,1993,320.345,7.399
42204,South Africa,1994,338.698,7.697
42205,South Africa,1995,361.694,8.12
42206,South Africa,1996,363.732,8.061
42207,South Africa,1997,385.223,8.436
42208,South Africa,1998,377.262,8.162
42209,South Africa,1999,374.891,8.022
42210,South Africa,2000,378.307,8.022
42211,South Africa,2001,371.624,7.813
42212,South Africa,2002,356.523,7.425
42213,South Africa,2003,404.41,8.338
42214,South Africa,2004,449.307,9.171
42215,South Africa,2005,416.201,8.41
42216,South Africa,2006,446.77,8.936
42217,South Africa,2007,465.045,9.204
42218,South Africa,2008,494.698,9.678
42219,South Africa,2009,474.523,9.173
42220,South Africa,2010,463.0,8.845
42221,South Africa,2011,465.908,8.792
42222,South Africa,2012,458.965,8.534
42223,South Africa,2013,458.647,8.388
42224,South Africa,2014,471.965,8.489
42225,South Africa,2015,446.349,7.869
42226,South Africa,2016,457.09,7.983
42227,South Africa,2017,439.996,7.634
42228,South Africa,2018,434.581,7.414
42229,South Africa,2019,464.114,7.789
42230,South Africa,2020,434.067,7.167
42231,South Africa,2021,425.918,6.925
42232,South Africa,2022,405.312,6.498
42233,South Africa,2023,401.893,6.358
42737,South Korea,1905,0.001,0.0
42741,South Korea,1909,0.008,0.001
42742,South Korea,1910,0.01,0.001
42743,South Korea,1911,0.012,0.001
42744,South Korea,1912,0.015,0.002
42745,South Korea,1913,0.018,0.002
42746,South Korea,1914,0.026,0.002
42747,South Korea,1915,0.032,0.003
42748,South Korea,1916,0.027,0.002
42750,South Korea,1918,0.026,0.002
42751,South Korea,1919,0.031,0.003
42752,South Korea,1920,0.04,0.004
42753,South Korea,1921,0.043,0.004
42754,South Korea,1922,0.044,0.004
42755,South Korea,1923,0.053,0.004
42756,South Korea,1924,0.056,0.005
42757,South Korea,1925,0.089,0.007
42758,South Korea,1926,0.095,0.008
42759,South Korea,1927,0.099,0.008
42760,South Korea,1928,0.114,0.009
42761,South Korea,1929,0.131,0.01
42762,South Korea,1930,0.123,0.009
42763,South Korea,1931,0.131,0.01
42764,South Korea,1932,0.154,0.011
42765,South Korea,1933,0.182,0.013
42766,South Korea,1934,0.242,0.017
42767,South Korea,1935,0.284,0.02
42768,South Korea,1936,0.333,0.023
42769,South Korea,1937,0.357,0.024
42770,South Korea,1938,0.477,0.032
42771,South Korea,1939,0.623,0.041
42772,South Korea,1940,0.802,0.052
42773,South Korea,1941,0.894,0.057
42774,South Korea,1942,0.987,0.061
42775,South Korea,1943,0.956,0.058
42776,South Korea,1944,1.01,0.059
42777,South Korea,1945,0.004,0.0
42778,South Korea,1946,0.487,0.027
42779,South Korea,1947,0.898,0.048
42780,South Korea,1948,1.671,0.087
42781,South Korea,1949,2.176,0.111
42782,South Korea,1950,2.184,0.111
42783,South Korea,1951,2.924,0.147
42784,South Korea,1952,3.462,0.171
42785,South Korea,1953,4.693,0.226
42786,South Korea,1954,5.159,0.241
42787,South Korea,1955,6.445,0.291
42788,South Korea,1956,7.555,0.33
42789,South Korea,1957,8.214,0.347
42790,South Korea,1958,9.009,0.368
42791,South Korea,1959,11.221,0.444
42792,South Korea,1960,12.54,0.48
42793,South Korea,1961,14.449,0.538
42794,South Korea,1962,17.262,0.627
42795,South Korea,1963,21.083,0.749
42796,South Korea,1964,22.195,0.772
42797,South Korea,1965,24.978,0.853
42798,South Korea,1966,29.982,1.005
42799,South Korea,1967,35.113,1.151
42800,South Korea,1968,37.197,1.193
42801,South Korea,1969,42.468,1.333
42802,South Korea,1970,53.716,1.651
42803,South Korea,1971,58.534,1.761
42804,South Korea,1972,60.247,1.775
42805,South Korea,1973,72.975,2.108
42806,South Korea,1974,75.551,2.141
42807,South Korea,1975,81.666,2.276
42808,South Korea,1976,93.105,2.559
42809,South Korea,1977,105.46,2.862
42810,South Korea,1978,113.119,3.034
42811,South Korea,1979,132.874,3.523
42812,South Korea,1980,134.524,3.527
42813,South Korea,1981,139.59,3.608
42814,South Korea,1982,140.782,3.577
42815,South Korea,1983,149.134,3.728
42816,South Korea,1984,160.7,3.958
42817,South Korea,1985,168.758,4.101
42818,South Korea,1986,176.297,4.226
42819,South Korea,1987,185.358,4.38
42820,South Korea,1988,210.953,4.915
42821,South Korea,1989,223.51,5.135
42822,South Korea,1990,250.511,5.683
42823,South Korea,1991,275.688,6.204
42824,South Korea,1992,299.905,6.716
42825,South Korea,1993,330.174,7.356
42826,South Korea,1994,355.695,7.881
42827,South Korea,1995,383.665,8.457
42828,South Korea,1996,420.996,9.225
42829,South Korea,1997,444.968,9.686
42830,South Korea,1998,378.038,8.177
42831,South Korea,1999,410.519,8.828
42832,South Korea,2000,439.981,9.408
42833,South Korea,2001,455.631,9.685
42834,South Korea,2002,476.065,10.065
42835,South Korea,2003,485.213,10.212
42836,South Korea,2004,491.389,10.302
42837,South Korea,2005,498.688,10.422
42838,South Korea,2006,503.478,10.488
42839,South Korea,2007,521.709,10.829
42840,South Korea,2008,532.651,11.015
42841,South Korea,2009,537.82,11.078
42842,South Korea,2010,594.339,12.187
42843,South Korea,2011,623.443,12.69
42844,South Korea,2012,627.943,12.66
42845,South Korea,2013,634.581,12.674
42846,South Korea,2014,629.366,12.453
42847,South Korea,2015,634.177,12.439
42848,South Korea,2016,637.914,12.435
42849,South Korea,2017,654.537,12.713
42850,South Korea,2018,670.169,12.977
42851,South Korea,2019,646.102,12.481
42852,South Korea,2020,597.634,11.524
42853,South Korea,2021,616.075,11.882
42854,South Korea,2022,602.092,11.627
42855,South Korea,2023,577.417,11.158
42956,South Sudan,1950,0.044,0.018
42957,South Sudan,1951,0.058,0.023
42958,South Sudan,1952,0.061,0.024
42959,South Sudan,1953,0.067,0.026
42960,South Sudan,1954,0.066,0.025
42961,South Sudan,1955,0.075,0.028
42962,South Sudan,1956,0.072,0.026
42963,South Sudan,1957,0.093,0.033
42964,South Sudan,1958,0.104,0.036
42965,South Sudan,1959,0.11,0.038
42966,South Sudan,1960,0.109,0.037
42967,South Sudan,1961,0.112,0.037
42968,South Sudan,1962,0.119,0.04
42969,South Sudan,1963,0.135,0.044
42970,South Sudan,1964,0.15,0.048
42971,South Sudan,1965,0.195,0.061
42972,South Sudan,1966,0.213,0.066
42973,South Sudan,1967,0.256,0.078
42974,South Sudan,1968,0.25,0.075
42975,South Sudan,1969,0.337,0.1
42976,South Sudan,1970,0.391,0.115
42977,South Sudan,1971,0.401,0.116
42978,South Sudan,1972,0.433,0.122
42979,South Sudan,1973,0.437,0.12
42980,South Sudan,1974,0.457,0.123
42981,South Sudan,1975,0.341,0.089
42982,South Sudan,1976,0.302,0.077
42983,South Sudan,1977,0.306,0.076
42984,South Sudan,1978,0.277,0.067
42985,South Sudan,1979,0.287,0.068
42986,South Sudan,1980,0.302,0.069
42987,South Sudan,1981,0.293,0.066
42988,South Sudan,1982,0.308,0.068
42989,South Sudan,1983,0.315,0.067
42990,South Sudan,1984,0.282,0.059
42991,South Sudan,1985,0.328,0.068
42992,South Sudan,1986,0.342,0.069
42993,South Sudan,1987,0.27,0.054
42994,South Sudan,1988,0.39,0.08
42995,South Sudan,1989,0.302,0.064
42996,South Sudan,1990,0.42,0.089
42997,South Sudan,1991,0.393,0.081
42998,South Sudan,1992,0.351,0.072
42999,South Sudan,1993,0.242,0.049
43000,South Sudan,1994,0.333,0.066
43001,South Sudan,1995,0.344,0.066
43002,South Sudan,1996,0.355,0.066
43003,South Sudan,1997,0.435,0.079
43004,South Sudan,1998,0.377,0.067
43005,South Sudan,1999,0.409,0.071
43006,South Sudan,2000,0.445,0.074
43007,South Sudan,2001,0.512,0.081
43008,South Sudan,2002,0.652,0.099
43009,South Sudan,2003,0.728,0.106
43010,South Sudan,2004,0.921,0.127
43011,South Sudan,2005,0.882,0.116
43012,South Sudan,2006,0.966,0.121
43013,South Sudan,2007,1.134,0.135
43014,South Sudan,2008,1.198,0.136
43015,South Sudan,2009,1.248,0.135
43016,South Sudan,2010,1.27,0.13
43017,South Sudan,2011,1.239,0.12
43018,South Sudan,2012,1.33,0.124
43019,South Sudan,2013,1.444,0.129
43020,South Sudan,2014,1.499,0.133
43021,South Sudan,2015,1.913,0.172
43022,South Sudan,2016,1.704,0.157
43023,South Sudan,2017,1.455,0.142
43024,South Sudan,2018,1.737,0.172
43025,South Sudan,2019,1.781,0.171
43026,South Sudan,2020,1.693,0.158
43027,South Sudan,2021,1.755,0.162
43028,South Sudan,2022,1.588,0.144
43029,South Sudan,2023,1.58,0.138
43030,Spain,1830,0.004,0.0
43031,Spain,1831,0.004,0.0
43032,Spain,1832,0.004,0.0
43033,Spain,1833,0.004,0.0
43034,Spain,1834,0.004,0.0
43035,Spain,1835,0.004,0.0
43036,Spain,1836,0.022,0.002
43037,Spain,1837,0.037,0.003
43038,Spain,1838,0.026,0.002
43039,Spain,1839,0.048,0.003
43040,Spain,1840,0.037,0.003
43041,Spain,1841,0.103,0.007
43042,Spain,1842,0.143,0.01
43043,Spain,1843,0.172,0.012
43044,Spain,1844,0.202,0.014
43045,Spain,1845,0.275,0.019
43046,Spain,1846,0.282,0.019
43047,Spain,1847,0.26,0.018
43048,Spain,1848,0.293,0.02
43049,Spain,1849,0.326,0.022
43050,Spain,1850,0.495,0.033
43051,Spain,1851,0.509,0.034
43052,Spain,1852,0.535,0.036
43053,Spain,1853,0.652,0.043
43054,Spain,1854,0.55,0.036
43055,Spain,1855,0.553,0.036
43056,Spain,1856,0.755,0.049
43057,Spain,1857,0.85,0.055
43058,Spain,1858,1.15,0.074
43059,Spain,1859,1.63,0.105
43060,Spain,1860,1.931,0.124
43061,Spain,1861,2.004,0.128
43062,Spain,1862,2.187,0.139
43063,Spain,1863,2.433,0.154
43064,Spain,1864,2.334,0.147
43065,Spain,1865,2.305,0.145
43066,Spain,1866,2.29,0.143
43067,Spain,1867,2.557,0.16
43068,Spain,1868,2.66,0.165
43069,Spain,1869,2.638,0.163
43070,Spain,1870,3.074,0.19
43071,Spain,1871,2.939,0.181
43072,Spain,1872,3.261,0.2
43073,Spain,1873,3.136,0.191
43074,Spain,1874,3.118,0.189
43075,Spain,1875,3.29,0.199
43076,Spain,1876,3.569,0.215
43077,Spain,1877,3.781,0.227
43078,Spain,1878,3.756,0.225
43079,Spain,1879,3.972,0.236
43080,Spain,1880,4.415,0.262
43081,Spain,1881,4.932,0.291
43082,Spain,1882,5.382,0.316
43083,Spain,1883,5.903,0.345
43084,Spain,1884,5.87,0.341
43085,Spain,1885,5.76,0.333
43086,Spain,1886,6.093,0.35
43087,Spain,1887,6.141,0.351
43088,Spain,1888,6.434,0.366
43089,Spain,1889,6.822,0.386
43090,Spain,1890,7.339,0.413
43091,Spain,1891,7.94,0.445
43092,Spain,1892,8.299,0.463
43093,Spain,1893,8.119,0.451
43094,Spain,1894,8.735,0.483
43095,Spain,1895,8.603,0.474
43096,Spain,1896,9.303,0.51
43097,Spain,1897,9.545,0.521
43098,Spain,1898,9.373,0.509
43099,Spain,1899,10.626,0.575
43100,Spain,1900,11.219,0.603
43101,Spain,1901,11.805,0.631
43102,Spain,1902,12.337,0.656
43103,Spain,1903,12.175,0.643
43104,Spain,1904,12.993,0.681
43105,Spain,1905,13.571,0.707
43106,Spain,1906,13.861,0.717
43107,Spain,1907,14.095,0.724
43108,Spain,1908,14.784,0.755
43109,Spain,1909,15.165,0.769
43110,Spain,1910,14.894,0.75
43111,Spain,1911,14.729,0.737
43112,Spain,1912,15.982,0.794
43113,Spain,1913,17.419,0.86
43114,Spain,1914,17.301,0.848
43115,Spain,1915,15.312,0.746
43116,Spain,1916,17.866,0.864
43117,Spain,1917,15.85,0.762
43118,Spain,1918,16.733,0.799
43119,Spain,1919,15.927,0.755
43120,Spain,1920,14.055,0.661
43121,Spain,1921,14.847,0.692
43122,Spain,1922,14.942,0.69
43123,Spain,1923,17.213,0.787
43124,Spain,1924,18.39,0.832
43125,Spain,1925,19.053,0.854
43126,Spain,1926,18.379,0.816
43127,Spain,1927,21.445,0.942
43128,Spain,1928,21.509,0.936
43129,Spain,1929,23.97,1.033
43130,Spain,1930,23.636,1.008
43131,Spain,1931,22.531,0.952
43132,Spain,1932,21.176,0.886
43133,Spain,1933,18.706,0.776
43134,Spain,1934,20.245,0.832
43135,Spain,1935,22.455,0.914
43136,Spain,1936,8.055,0.325
43137,Spain,1937,5.245,0.209
43138,Spain,1938,13.221,0.523
43139,Spain,1939,15.714,0.616
43140,Spain,1940,21.619,0.84
43141,Spain,1941,21.508,0.828
43142,Spain,1942,23.058,0.88
43143,Spain,1943,23.849,0.902
43144,Spain,1944,25.791,0.967
43145,Spain,1945,28.267,1.051
43146,Spain,1946,28.087,1.036
43147,Spain,1947,31.172,1.14
43148,Spain,1948,32.714,1.186
43149,Spain,1949,35.755,1.285
43150,Spain,1950,33.035,1.177
43151,Spain,1951,33.115,1.174
43152,Spain,1952,37.603,1.324
43153,Spain,1953,38.931,1.36
43154,Spain,1954,39.724,1.377
43155,Spain,1955,40.272,1.384
43156,Spain,1956,42.333,1.444
43157,Spain,1957,50.213,1.698
43158,Spain,1958,55.873,1.872
43159,Spain,1959,52.079,1.728
43160,Spain,1960,48.866,1.607
43161,Spain,1961,53.607,1.746
43162,Spain,1962,59.976,1.932
43163,Spain,1963,58.743,1.872
43164,Spain,1964,64.324,2.026
43165,Spain,1965,71.02,2.212
43166,Spain,1966,77.617,2.391
43167,Spain,1967,86.394,2.632
43168,Spain,1968,97.017,2.925
43169,Spain,1969,96.737,2.888
43170,Spain,1970,116.766,3.453
43171,Spain,1971,128.459,3.761
43172,Spain,1972,144.716,4.19
43173,Spain,1973,154.957,4.437
43174,Spain,1974,172.666,4.883
43175,Spain,1975,181.054,5.058
43176,Spain,1976,197.746,5.466
43177,Spain,1977,194.829,5.33
43178,Spain,1978,199.514,5.406
43179,Spain,1979,202.747,5.446
43180,Spain,1980,213.912,5.699
43181,Spain,1981,206.096,5.45
43182,Spain,1982,208.599,5.483
43183,Spain,1983,203.435,5.318
43184,Spain,1984,197.667,5.143
43185,Spain,1985,199.931,5.179
43186,Spain,1986,189.113,4.882
43187,Spain,1987,189.508,4.878
43188,Spain,1988,197.458,5.069
43189,Spain,1989,224.885,5.762
43190,Spain,1990,230.174,5.889
43191,Spain,1991,240.009,6.122
43192,Spain,1992,248.412,6.302
43193,Spain,1993,239.809,6.048
43194,Spain,1994,252.047,6.324
43195,Spain,1995,265.779,6.636
43196,Spain,1996,253.237,6.294
43197,Spain,1997,265.567,6.57
43198,Spain,1998,274.318,6.754
43199,Spain,1999,297.773,7.296
43200,Spain,2000,310.072,7.559
43201,Spain,2001,311.809,7.56
43202,Spain,2002,331.95,7.95
43203,Spain,2003,336.333,7.912
43204,Spain,2004,353.011,8.165
43205,Spain,2005,368.339,8.379
43206,Spain,2006,359.654,8.047
43207,Spain,2007,367.401,8.072
43208,Spain,2008,335.889,7.265
43209,Spain,2009,296.501,6.358
43210,Spain,2010,282.938,6.04
43211,Spain,2011,283.801,6.039
43212,Spain,2012,278.061,5.914
43213,Spain,2013,251.942,5.376
43214,Spain,2014,254.181,5.441
43215,Spain,2015,270.74,5.799
43216,Spain,2016,259.625,5.556
43217,Spain,2017,273.58,5.837
43218,Spain,2018,268.59,5.703
43219,Spain,2019,250.596,5.283
43220,Spain,2020,211.843,4.443
43221,Spain,2021,229.069,4.799
43222,Spain,2022,234.657,4.906
43223,Spain,2023,221.616,4.626
43324,Sri Lanka,1950,1.627,0.208
43325,Sri Lanka,1951,1.546,0.194
43326,Sri Lanka,1952,1.938,0.239
43327,Sri Lanka,1953,2.066,0.25
43328,Sri Lanka,1954,1.784,0.211
43329,Sri Lanka,1955,1.663,0.193
43330,Sri Lanka,1956,1.418,0.161
43331,Sri Lanka,1957,2.319,0.258
43332,Sri Lanka,1958,1.949,0.212
43333,Sri Lanka,1959,2.055,0.218
43334,Sri Lanka,1960,2.257,0.234
43335,Sri Lanka,1961,2.334,0.236
43336,Sri Lanka,1962,2.561,0.252
43337,Sri Lanka,1963,2.532,0.244
43338,Sri Lanka,1964,2.271,0.213
43339,Sri Lanka,1965,2.656,0.243
43340,Sri Lanka,1966,2.66,0.238
43341,Sri Lanka,1967,2.945,0.257
43342,Sri Lanka,1968,3.238,0.276
43343,Sri Lanka,1969,4.315,0.359
43344,Sri Lanka,1970,3.593,0.292
43345,Sri Lanka,1971,3.193,0.254
43346,Sri Lanka,1972,3.538,0.276
43347,Sri Lanka,1973,3.684,0.282
43348,Sri Lanka,1974,2.929,0.22
43349,Sri Lanka,1975,2.893,0.214
43350,Sri Lanka,1976,2.799,0.203
43351,Sri Lanka,1977,2.911,0.207
43352,Sri Lanka,1978,3.436,0.24
43353,Sri Lanka,1979,3.809,0.261
43354,Sri Lanka,1980,3.389,0.228
43355,Sri Lanka,1981,4.006,0.265
43356,Sri Lanka,1982,4.467,0.292
43357,Sri Lanka,1983,4.855,0.315
43358,Sri Lanka,1984,3.852,0.249
43359,Sri Lanka,1985,3.917,0.252
43360,Sri Lanka,1986,3.66,0.233
43361,Sri Lanka,1987,4.027,0.253
43362,Sri Lanka,1988,3.457,0.215
43363,Sri Lanka,1989,3.447,0.212
43364,Sri Lanka,1990,3.831,0.234
43365,Sri Lanka,1991,4.138,0.251
43366,Sri Lanka,1992,5.106,0.305
43367,Sri Lanka,1993,4.975,0.292
43368,Sri Lanka,1994,5.435,0.315
43369,Sri Lanka,1995,5.814,0.331
43370,Sri Lanka,1996,6.971,0.389
43371,Sri Lanka,1997,7.52,0.412
43372,Sri Lanka,1998,7.736,0.416
43373,Sri Lanka,1999,8.517,0.45
43374,Sri Lanka,2000,10.134,0.525
43375,Sri Lanka,2001,10.326,0.527
43376,Sri Lanka,2002,10.948,0.553
43377,Sri Lanka,2003,10.953,0.549
43378,Sri Lanka,2004,12.147,0.605
43379,Sri Lanka,2005,11.935,0.59
43380,Sri Lanka,2006,11.793,0.579
43381,Sri Lanka,2007,12.152,0.593
43382,Sri Lanka,2008,11.987,0.581
43383,Sri Lanka,2009,12.945,0.624
43384,Sri Lanka,2010,13.051,0.625
43385,Sri Lanka,2011,14.886,0.709
43386,Sri Lanka,2012,15.798,0.746
43387,Sri Lanka,2013,14.511,0.679
43388,Sri Lanka,2014,17.42,0.808
43389,Sri Lanka,2015,19.687,0.906
43390,Sri Lanka,2016,22.987,1.049
43391,Sri Lanka,2017,22.873,1.036
43392,Sri Lanka,2018,20.097,0.903
43393,Sri Lanka,2019,21.236,0.948
43394,Sri Lanka,2020,20.625,0.914
43395,Sri Lanka,2021,23.015,1.014
43396,Sri Lanka,2022,19.903,0.872
43397,Sri Lanka,2023,20.318,0.884
43498,Sudan,1950,0.505,0.082
43499,Sudan,1951,0.664,0.104
43500,Sudan,1952,0.697,0.106
43501,Sudan,1953,0.765,0.113
43502,Sudan,1954,0.751,0.108
43503,Sudan,1955,0.852,0.119
43504,Sudan,1956,0.825,0.111
43505,Sudan,1957,1.061,0.139
43506,Sudan,1958,1.186,0.151
43507,Sudan,1959,1.256,0.155
43508,Sudan,1960,1.25,0.149
43509,Sudan,1961,1.273,0.147
43510,Sudan,1962,1.364,0.153
43511,Sudan,1963,1.543,0.167
43512,Sudan,1964,1.708,0.179
43513,Sudan,1965,2.23,0.226
43514,Sudan,1966,2.429,0.238
43515,Sudan,1967,2.927,0.277
43516,Sudan,1968,2.853,0.261
43517,Sudan,1969,3.844,0.34
43518,Sudan,1970,4.46,0.381
43519,Sudan,1971,4.578,0.378
43520,Sudan,1972,4.942,0.394
43521,Sudan,1973,4.986,0.382
43522,Sudan,1974,5.221,0.384
43523,Sudan,1975,3.894,0.277
43524,Sudan,1976,3.449,0.237
43525,Sudan,1977,3.495,0.232
43526,Sudan,1978,3.156,0.201
43527,Sudan,1979,3.277,0.2
43528,Sudan,1980,3.437,0.202
43529,Sudan,1981,3.34,0.188
43530,Sudan,1982,3.509,0.19
43531,Sudan,1983,3.582,0.187
43532,Sudan,1984,3.211,0.164
43533,Sudan,1985,3.732,0.187
43534,Sudan,1986,3.895,0.192
43535,Sudan,1987,3.07,0.148
43536,Sudan,1988,4.443,0.21
43537,Sudan,1989,3.441,0.159
43538,Sudan,1990,4.783,0.217
43539,Sudan,1991,4.48,0.199
43540,Sudan,1992,4.001,0.175
43541,Sudan,1993,2.755,0.117
43542,Sudan,1994,3.838,0.16
43543,Sudan,1995,3.962,0.161
43544,Sudan,1996,4.096,0.162
43545,Sudan,1997,5.023,0.195
43546,Sudan,1998,4.372,0.165
43547,Sudan,1999,4.753,0.175
43548,Sudan,2000,5.292,0.19
43549,Sudan,2001,6.017,0.211
43550,Sudan,2002,7.633,0.261
43551,Sudan,2003,8.515,0.285
43552,Sudan,2004,10.866,0.356
43553,Sudan,2005,10.558,0.338
43554,Sudan,2006,11.545,0.361
43555,Sudan,2007,13.564,0.414
43556,Sudan,2008,14.179,0.422
43557,Sudan,2009,14.805,0.428
43558,Sudan,2010,15.07,0.426
43559,Sudan,2011,14.711,0.407
43560,Sudan,2012,15.759,0.427
43561,Sudan,2013,17.374,0.46
43562,Sudan,2014,13.095,0.337
43563,Sudan,2015,14.247,0.356
43564,Sudan,2016,19.733,0.478
43565,Sudan,2017,20.31,0.475
43566,Sudan,2018,20.516,0.464
43567,Sudan,2019,21.641,0.475
43568,Sudan,2020,21.165,0.452
43569,Sudan,2021,22.218,0.462
43570,Sudan,2022,20.24,0.41
43571,Sudan,2023,20.001,0.4
43672,Suriname,1950,0.213,1.087
43673,Suriname,1951,0.234,1.169
43674,Suriname,1952,0.267,1.296
43675,Suriname,1953,0.311,1.466
43676,Suriname,1954,0.337,1.542
43677,Suriname,1955,0.311,1.383
43678,Suriname,1956,0.341,1.468
43679,Suriname,1957,0.374,1.561
43680,Suriname,1958,0.319,1.289
43681,Suriname,1959,0.366,1.435
43682,Suriname,1960,0.432,1.638
43683,Suriname,1961,0.429,1.571
43684,Suriname,1962,0.495,1.742
43685,Suriname,1963,0.531,1.789
43686,Suriname,1964,0.605,1.956
43687,Suriname,1965,0.795,2.485
43688,Suriname,1966,1.096,3.308
43689,Suriname,1967,1.334,3.892
43690,Suriname,1968,1.451,4.092
43691,Suriname,1969,1.521,4.144
43692,Suriname,1970,1.608,4.239
43693,Suriname,1971,1.715,4.374
43694,Suriname,1972,1.744,4.388
43695,Suriname,1973,2.107,5.323
43696,Suriname,1974,1.601,4.067
43697,Suriname,1975,2.019,5.161
43698,Suriname,1976,1.997,5.142
43699,Suriname,1977,1.898,4.928
43700,Suriname,1978,2.392,6.269
43701,Suriname,1979,2.293,6.072
43702,Suriname,1980,2.369,6.312
43703,Suriname,1981,2.028,5.402
43704,Suriname,1982,1.871,4.967
43705,Suriname,1983,1.372,3.622
43706,Suriname,1984,1.552,4.061
43707,Suriname,1985,1.596,4.124
43708,Suriname,1986,1.757,4.478
43709,Suriname,1987,1.757,4.426
43710,Suriname,1988,1.874,4.659
43711,Suriname,1989,1.852,4.534
43712,Suriname,1990,1.737,4.212
43713,Suriname,1991,2.023,4.875
43714,Suriname,1992,2.03,4.862
43715,Suriname,1993,2.038,4.859
43716,Suriname,1994,2.042,4.835
43717,Suriname,1995,2.061,4.796
43718,Suriname,1996,2.083,4.746
43719,Suriname,1997,2.104,4.697
43720,Suriname,1998,2.104,4.601
43721,Suriname,1999,2.123,4.546
43722,Suriname,2000,2.192,4.599
43723,Suriname,2001,2.363,4.856
43724,Suriname,2002,1.56,3.142
43725,Suriname,2003,1.538,3.037
43726,Suriname,2004,1.556,3.027
43727,Suriname,2005,1.589,3.059
43728,Suriname,2006,1.739,3.312
43729,Suriname,2007,1.756,3.308
43730,Suriname,2008,1.932,3.595
43731,Suriname,2009,1.991,3.662
43732,Suriname,2010,2.37,4.31
43733,Suriname,2011,2.755,4.953
43734,Suriname,2012,2.492,4.429
43735,Suriname,2013,3.147,5.531
43736,Suriname,2014,3.201,5.563
43737,Suriname,2015,2.713,4.665
43738,Suriname,2016,2.921,4.969
43739,Suriname,2017,2.426,4.087
43740,Suriname,2018,2.089,3.485
43741,Suriname,2019,2.636,4.351
43742,Suriname,2020,2.918,4.765
43743,Suriname,2021,2.643,4.278
43744,Suriname,2022,2.64,4.236
43745,Suriname,2023,2.647,4.21
43746,Sweden,1834,0.033,0.011
43747,Sweden,1839,0.044,0.014
43748,Sweden,1840,0.04,0.013
43749,Sweden,1841,0.04,0.013
43750,Sweden,1842,0.081,0.025
43751,Sweden,1843,0.059,0.018
43752,Sweden,1844,0.099,0.03
43753,Sweden,1845,0.088,0.027
43754,Sweden,1846,0.081,0.024
43755,Sweden,1847,0.081,0.024
43756,Sweden,1848,0.139,0.041
43757,Sweden,1849,0.194,0.057
43758,Sweden,1850,0.202,0.058
43759,Sweden,1851,0.216,0.062
43760,Sweden,1852,0.216,0.061
43761,Sweden,1853,0.227,0.064
43762,Sweden,1854,0.337,0.094
43763,Sweden,1855,0.315,0.087
43764,Sweden,1856,0.476,0.13
43765,Sweden,1857,0.612,0.165
43766,Sweden,1858,0.513,0.137
43767,Sweden,1859,0.755,0.199
43768,Sweden,1860,0.751,0.197
43769,Sweden,1861,0.967,0.251
43770,Sweden,1862,0.986,0.253
43771,Sweden,1863,0.986,0.251
43772,Sweden,1864,1.037,0.262
43773,Sweden,1865,1.081,0.271
43774,Sweden,1866,1.114,0.277
43775,Sweden,1867,1.037,0.255
43776,Sweden,1868,1.224,0.299
43777,Sweden,1869,1.088,0.263
43778,Sweden,1870,1.341,0.322
43779,Sweden,1871,1.433,0.341
43780,Sweden,1872,1.711,0.403
43781,Sweden,1873,1.737,0.405
43782,Sweden,1874,1.872,0.433
43783,Sweden,1875,2.275,0.521
43784,Sweden,1876,2.429,0.551
43785,Sweden,1877,2.572,0.578
43786,Sweden,1878,2.18,0.485
43787,Sweden,1879,2.213,0.489
43788,Sweden,1880,2.829,0.62
43789,Sweden,1881,2.752,0.599
43790,Sweden,1882,3.147,0.682
43791,Sweden,1883,3.217,0.694
43792,Sweden,1884,3.55,0.762
43793,Sweden,1885,3.829,0.818
43794,Sweden,1886,3.752,0.798
43795,Sweden,1887,3.803,0.805
43796,Sweden,1888,4.247,0.895
43797,Sweden,1889,4.957,1.04
43798,Sweden,1890,4.946,1.032
43799,Sweden,1891,5.28,1.095
43800,Sweden,1892,5.251,1.082
43801,Sweden,1893,5.28,1.081
43802,Sweden,1894,5.892,1.198
43803,Sweden,1895,5.954,1.202
43804,Sweden,1896,6.156,1.234
43805,Sweden,1897,6.855,1.365
43806,Sweden,1898,7.299,1.444
43807,Sweden,1899,9.134,1.795
43808,Sweden,1900,9.171,1.79
43809,Sweden,1901,8.522,1.653
43810,Sweden,1902,8.926,1.72
43811,Sweden,1903,9.805,1.877
43812,Sweden,1904,10.325,1.964
43813,Sweden,1905,10.164,1.922
43814,Sweden,1906,11.292,2.121
43815,Sweden,1907,12.773,2.384
43816,Sweden,1908,13.755,2.552
43817,Sweden,1909,12.67,2.335
43818,Sweden,1910,13.117,2.401
43819,Sweden,1911,12.793,2.325
43820,Sweden,1912,14.188,2.56
43821,Sweden,1913,15.953,2.857
43822,Sweden,1914,14.985,2.663
43823,Sweden,1915,15.102,2.663
43824,Sweden,1916,15.932,2.789
43825,Sweden,1917,6.904,1.199
43826,Sweden,1918,8.115,1.399
43827,Sweden,1919,7.797,1.335
43828,Sweden,1920,10.542,1.794
43829,Sweden,1921,6.133,1.038
43830,Sweden,1922,10.127,1.705
43831,Sweden,1923,12.294,2.061
43832,Sweden,1924,14.642,2.445
43833,Sweden,1925,13.12,2.181
43834,Sweden,1926,12.769,2.114
43835,Sweden,1927,17.875,2.947
43836,Sweden,1928,16.245,2.667
43837,Sweden,1929,19.37,3.167
43838,Sweden,1930,18.932,3.083
43839,Sweden,1931,18.944,3.073
43840,Sweden,1932,18.737,3.028
43841,Sweden,1933,19.517,3.143
43842,Sweden,1934,21.733,3.487
43843,Sweden,1935,22.864,3.655
43844,Sweden,1936,25.048,3.99
43845,Sweden,1937,28.942,4.593
43846,Sweden,1938,26.135,4.133
43847,Sweden,1939,29.3,4.611
43848,Sweden,1940,18.475,2.89
43849,Sweden,1941,15.042,2.335
43850,Sweden,1942,13.022,2.004
43851,Sweden,1943,15.836,2.414
43852,Sweden,1944,12.442,1.878
43853,Sweden,1945,4.549,0.68
43854,Sweden,1946,17.376,2.571
43855,Sweden,1947,25.092,3.677
43856,Sweden,1948,30.801,4.469
43857,Sweden,1949,26.832,3.858
43858,Sweden,1950,28.656,4.084
43859,Sweden,1951,33.437,4.727
43860,Sweden,1952,34.521,4.845
43861,Sweden,1953,32.549,4.539
43862,Sweden,1954,34.494,4.782
43863,Sweden,1955,39.096,5.383
43864,Sweden,1956,43.375,5.929
43865,Sweden,1957,38.843,5.273
43866,Sweden,1958,42.071,5.674
43867,Sweden,1959,42.388,5.687
43868,Sweden,1960,49.171,6.57
43869,Sweden,1961,48.8,6.489
43870,Sweden,1962,51.273,6.781
43871,Sweden,1963,55.313,7.274
43872,Sweden,1964,60.368,7.88
43873,Sweden,1965,62.562,8.09
43874,Sweden,1966,72.517,9.29
43875,Sweden,1967,68.93,8.763
43876,Sweden,1968,77.606,9.808
43877,Sweden,1969,86.381,10.841
43878,Sweden,1970,92.287,11.475
43879,Sweden,1971,84.509,10.436
43880,Sweden,1972,84.703,10.428
43881,Sweden,1973,87.29,10.727
43882,Sweden,1974,79.823,9.781
43883,Sweden,1975,80.76,9.858
43884,Sweden,1976,88.241,10.732
43885,Sweden,1977,85.74,10.391
43886,Sweden,1978,79.476,9.603
43887,Sweden,1979,84.869,10.233
43888,Sweden,1980,71.714,8.629
43889,Sweden,1981,69.389,8.34
43890,Sweden,1982,62.257,7.478
43891,Sweden,1983,58.268,6.996
43892,Sweden,1984,57.308,6.874
43893,Sweden,1985,62.364,7.469
43894,Sweden,1986,62.01,7.409
43895,Sweden,1987,59.695,7.109
43896,Sweden,1988,57.425,6.807
43897,Sweden,1989,55.521,6.537
43898,Sweden,1990,57.52,6.721
43899,Sweden,1991,57.751,6.702
43900,Sweden,1992,57.578,6.643
43901,Sweden,1993,57.572,6.604
43902,Sweden,1994,60.026,6.836
43903,Sweden,1995,59.512,6.743
43904,Sweden,1996,63.381,7.17
43905,Sweden,1997,58.383,6.6
43906,Sweden,1998,58.802,6.644
43907,Sweden,1999,55.982,6.32
43908,Sweden,2000,54.93,6.191
43909,Sweden,2001,55.838,6.277
43910,Sweden,2002,56.685,6.351
43911,Sweden,2003,57.292,6.395
43912,Sweden,2004,56.517,6.284
43913,Sweden,2005,53.875,5.966
43914,Sweden,2006,53.738,5.918
43915,Sweden,2007,52.994,5.793
43916,Sweden,2008,50.866,5.517
43917,Sweden,2009,47.238,5.08
43918,Sweden,2010,53.12,5.664
43919,Sweden,2011,49.211,5.208
43920,Sweden,2012,46.712,4.907
43921,Sweden,2013,45.202,4.708
43922,Sweden,2014,43.473,4.483
43923,Sweden,2015,43.418,4.431
43924,Sweden,2016,43.414,4.375
43925,Sweden,2017,42.438,4.219
43926,Sweden,2018,42.058,4.133
43927,Sweden,2019,40.834,3.972
43928,Sweden,2020,36.703,3.545
43929,Sweden,2021,38.634,3.709
43930,Sweden,2022,37.474,3.573
43931,Sweden,2023,36.556,3.465
43940,Switzerland,1858,0.147,0.059
43941,Switzerland,1859,0.205,0.082
43942,Switzerland,1860,0.304,0.121
43943,Switzerland,1861,0.425,0.168
43944,Switzerland,1862,0.469,0.185
43945,Switzerland,1863,0.469,0.184
43946,Switzerland,1864,0.572,0.223
43947,Switzerland,1865,0.696,0.27
43948,Switzerland,1866,0.689,0.265
43949,Switzerland,1867,0.674,0.258
43950,Switzerland,1868,0.769,0.293
43951,Switzerland,1869,0.744,0.282
43952,Switzerland,1870,0.898,0.338
43953,Switzerland,1871,1.11,0.416
43954,Switzerland,1872,1.275,0.474
43955,Switzerland,1873,1.238,0.457
43956,Switzerland,1874,1.169,0.429
43957,Switzerland,1875,1.279,0.466
43958,Switzerland,1876,1.495,0.541
43959,Switzerland,1877,1.418,0.51
43960,Switzerland,1878,1.356,0.484
43961,Switzerland,1879,1.447,0.514
43962,Switzerland,1880,1.671,0.59
43963,Switzerland,1881,1.565,0.55
43964,Switzerland,1882,1.729,0.605
43965,Switzerland,1883,1.913,0.667
43966,Switzerland,1884,1.964,0.682
43967,Switzerland,1885,2.045,0.707
43968,Switzerland,1886,2.085,0.718
43969,Switzerland,1887,2.257,0.775
43970,Switzerland,1888,2.305,0.788
43971,Switzerland,1889,2.543,0.865
43972,Switzerland,1890,2.876,0.972
43973,Switzerland,1891,3.521,1.18
43974,Switzerland,1892,3.47,1.151
43975,Switzerland,1893,2.876,0.944
43976,Switzerland,1894,3.583,1.163
43977,Switzerland,1895,3.847,1.234
43978,Switzerland,1896,4.21,1.336
43979,Switzerland,1897,4.441,1.393
43980,Switzerland,1898,4.749,1.474
43981,Switzerland,1899,5.122,1.571
43982,Switzerland,1900,5.676,1.721
43983,Switzerland,1901,5.185,1.554
43984,Switzerland,1902,5.236,1.55
43985,Switzerland,1903,5.672,1.659
43986,Switzerland,1904,5.961,1.722
43987,Switzerland,1905,6.24,1.78
43988,Switzerland,1906,6.896,1.943
43989,Switzerland,1907,7.999,2.226
43990,Switzerland,1908,8.006,2.201
43991,Switzerland,1909,8.068,2.195
43992,Switzerland,1910,7.79,2.1
43993,Switzerland,1911,8.61,2.305
43994,Switzerland,1912,8.761,2.333
43995,Switzerland,1913,9.252,2.454
43996,Switzerland,1914,8.427,2.227
43997,Switzerland,1915,8.926,2.35
43998,Switzerland,1916,8.482,2.225
43999,Switzerland,1917,6.108,1.596
44000,Switzerland,1918,5.745,1.496
44001,Switzerland,1919,4.606,1.195
44002,Switzerland,1920,7.233,1.869
44003,Switzerland,1921,4.466,1.149
44004,Switzerland,1922,6.152,1.576
44005,Switzerland,1923,7.665,1.955
44006,Switzerland,1924,7.233,1.837
44007,Switzerland,1925,7.537,1.906
44008,Switzerland,1926,7.456,1.877
44009,Switzerland,1927,8.596,2.155
44010,Switzerland,1928,8.963,2.237
44011,Switzerland,1929,10.264,2.55
44012,Switzerland,1930,9.556,2.364
44013,Switzerland,1931,10.095,2.487
44014,Switzerland,1932,10.223,2.508
44015,Switzerland,1933,9.567,2.337
44016,Switzerland,1934,9.556,2.324
44017,Switzerland,1935,9.475,2.295
44018,Switzerland,1936,9.92,2.392
44019,Switzerland,1937,10.464,2.513
44020,Switzerland,1938,10.458,2.501
44021,Switzerland,1939,11.86,2.821
44022,Switzerland,1940,8.311,1.963
44023,Switzerland,1941,6.625,1.553
44024,Switzerland,1942,5.839,1.356
44025,Switzerland,1943,6.172,1.418
44026,Switzerland,1944,4.45,1.012
44027,Switzerland,1945,1.621,0.365
44028,Switzerland,1946,5.764,1.283
44029,Switzerland,1947,9.446,2.081
44030,Switzerland,1948,10.211,2.226
44031,Switzerland,1949,8.53,1.839
44032,Switzerland,1950,10.233,2.181
44033,Switzerland,1951,12.298,2.59
44034,Switzerland,1952,11.225,2.333
44035,Switzerland,1953,10.333,2.119
44036,Switzerland,1954,12.593,2.55
44037,Switzerland,1955,13.614,2.722
44038,Switzerland,1956,17.061,3.368
44039,Switzerland,1957,17.694,3.449
44040,Switzerland,1958,16.285,3.134
44041,Switzerland,1959,16.602,3.155
44042,Switzerland,1960,19.499,3.66
44043,Switzerland,1961,20.361,3.747
44044,Switzerland,1962,24.123,4.328
44045,Switzerland,1963,29.07,5.105
44046,Switzerland,1964,28.129,4.859
44047,Switzerland,1965,30.329,5.179
44048,Switzerland,1966,31.489,5.321
44049,Switzerland,1967,32.519,5.427
44050,Switzerland,1968,35.981,5.93
44051,Switzerland,1969,38.047,6.2
44052,Switzerland,1970,40.244,6.511
44053,Switzerland,1971,41.886,6.741
44054,Switzerland,1972,42.913,6.854
44055,Switzerland,1973,46.198,7.324
44056,Switzerland,1974,41.421,6.532
44057,Switzerland,1975,39.046,6.16
44058,Switzerland,1976,40.431,6.415
44059,Switzerland,1977,41.031,6.532
44060,Switzerland,1978,42.162,6.711
44061,Switzerland,1979,39.855,6.331
44062,Switzerland,1980,40.478,6.405
44063,Switzerland,1981,38.798,6.106
44064,Switzerland,1982,36.571,5.722
44065,Switzerland,1983,40.007,6.232
44066,Switzerland,1984,39.112,6.071
44067,Switzerland,1985,39.762,6.145
44068,Switzerland,1986,42.226,6.492
44069,Switzerland,1987,40.182,6.139
44070,Switzerland,1988,40.636,6.162
44071,Switzerland,1989,39.389,5.925
44072,Switzerland,1990,44.149,6.576
44073,Switzerland,1991,46.132,6.787
44074,Switzerland,1992,46.018,6.693
44075,Switzerland,1993,43.61,6.286
44076,Switzerland,1994,42.67,6.101
44077,Switzerland,1995,43.414,6.166
44078,Switzerland,1996,44.108,6.237
44079,Switzerland,1997,43.046,6.072
44080,Switzerland,1998,44.623,6.276
44081,Switzerland,1999,44.446,6.221
44082,Switzerland,2000,43.621,6.072
44083,Switzerland,2001,45.087,6.239
44084,Switzerland,2002,43.467,5.972
44085,Switzerland,2003,44.65,6.088
44086,Switzerland,2004,45.233,6.126
44087,Switzerland,2005,45.777,6.16
44088,Switzerland,2006,45.365,6.066
44089,Switzerland,2007,43.358,5.746
44090,Switzerland,2008,44.699,5.849
44091,Switzerland,2009,43.523,5.625
44092,Switzerland,2010,45.034,5.755
44093,Switzerland,2011,40.973,5.177
44094,Switzerland,2012,42.241,5.281
44095,Switzerland,2013,43.171,5.336
44096,Switzerland,2014,39.221,4.789
44097,Switzerland,2015,38.719,4.674
44098,Switzerland,2016,39.172,4.677
44099,Switzerland,2017,38.165,4.515
44100,Switzerland,2018,36.859,4.328
44101,Switzerland,2019,36.721,4.281
44102,Switzerland,2020,34.228,3.961
44103,Switzerland,2021,35.78,4.109
44104,Switzerland,2022,32.819,3.733
44105,Switzerland,2023,32.737,3.691
44187,Syria,1931,0.004,0.001
44188,Syria,1932,0.011,0.004
44189,Syria,1933,0.015,0.005
44190,Syria,1934,0.011,0.004
44191,Syria,1935,0.015,0.005
44192,Syria,1936,0.029,0.01
44193,Syria,1937,0.062,0.021
44194,Syria,1938,0.062,0.021
44195,Syria,1939,0.058,0.019
44196,Syria,1940,0.022,0.007
44197,Syria,1941,0.022,0.007
44198,Syria,1942,0.055,0.017
44199,Syria,1943,0.036,0.011
44200,Syria,1944,0.018,0.006
44201,Syria,1945,0.018,0.006
44202,Syria,1946,0.022,0.007
44203,Syria,1947,0.025,0.008
44204,Syria,1948,0.025,0.007
44205,Syria,1949,0.029,0.008
44206,Syria,1950,0.414,0.115
44207,Syria,1951,0.381,0.103
44208,Syria,1952,0.476,0.126
44209,Syria,1953,0.512,0.133
44210,Syria,1954,0.578,0.146
44211,Syria,1955,1.644,0.406
44212,Syria,1956,2.003,0.481
44213,Syria,1957,1.981,0.463
44214,Syria,1958,2.168,0.492
44215,Syria,1959,2.226,0.491
44216,Syria,1960,3.219,0.689
44217,Syria,1961,3.061,0.636
44218,Syria,1962,3.2,0.645
44219,Syria,1963,3.606,0.706
44220,Syria,1964,4.361,0.828
44221,Syria,1965,3.672,0.676
44222,Syria,1966,4.911,0.876
44223,Syria,1967,4.603,0.795
44224,Syria,1968,5.954,0.996
44225,Syria,1969,7.233,1.171
44226,Syria,1970,6.65,1.042
44227,Syria,1971,8.874,1.345
44228,Syria,1972,7.756,1.136
44229,Syria,1973,7.885,1.117
44230,Syria,1974,9.654,1.322
44231,Syria,1975,11.171,1.479
44232,Syria,1976,13.737,1.757
44233,Syria,1977,14.632,1.809
44234,Syria,1978,15.181,1.813
44235,Syria,1979,22.485,2.596
44236,Syria,1980,20.727,2.314
44237,Syria,1981,26.535,2.865
44238,Syria,1982,24.364,2.545
44239,Syria,1983,27.775,2.804
44240,Syria,1984,32.849,3.202
44241,Syria,1985,29.389,2.766
44242,Syria,1986,31.073,2.824
44243,Syria,1987,35.943,3.156
44244,Syria,1988,36.679,3.113
44245,Syria,1989,34.271,2.814
44246,Syria,1990,37.045,2.945
44247,Syria,1991,42.201,3.251
44248,Syria,1992,42.562,3.18
44249,Syria,1993,45.222,3.278
44250,Syria,1994,45.65,3.213
44251,Syria,1995,46.083,3.153
44252,Syria,1996,47.128,3.138
44253,Syria,1997,49.257,3.195
44254,Syria,1998,53.158,3.36
44255,Syria,1999,55.151,3.398
44256,Syria,2000,54.171,3.256
44257,Syria,2001,50.951,2.988
44258,Syria,2002,40.35,2.31
44259,Syria,2003,54.978,3.073
44260,Syria,2004,51.287,2.797
44261,Syria,2005,50.751,2.698
44262,Syria,2006,53.664,2.733
44263,Syria,2007,66.66,3.192
44264,Syria,2008,67.756,3.132
44265,Syria,2009,62.968,2.865
44266,Syria,2010,61.722,2.745
44267,Syria,2011,58.836,2.572
44268,Syria,2012,45.85,2.015
44269,Syria,2013,34.043,1.571
44270,Syria,2014,30.943,1.526
44271,Syria,2015,28.603,1.473
44272,Syria,2016,26.947,1.404
44273,Syria,2017,31.591,1.643
44274,Syria,2018,29.376,1.5
44275,Syria,2019,27.402,1.346
44276,Syria,2020,26.313,1.25
44277,Syria,2021,26.034,1.204
44278,Syria,2022,25.314,1.127
44279,Syria,2023,25.503,1.081
44280,Taiwan,1750,0.0,0.0
44290,Taiwan,1760,0.0,0.0
44300,Taiwan,1770,0.0,0.0
44310,Taiwan,1780,0.0,0.0
44320,Taiwan,1790,0.0,0.0
44330,Taiwan,1800,0.0,0.0
44331,Taiwan,1801,0.0,0.0
44332,Taiwan,1802,0.0,0.0
44333,Taiwan,1803,0.0,0.0
44334,Taiwan,1804,0.0,0.0
44335,Taiwan,1805,0.0,0.0
44336,Taiwan,1806,0.0,0.0
44337,Taiwan,1807,0.0,0.0
44338,Taiwan,1808,0.0,0.0
44339,Taiwan,1809,0.0,0.0
44340,Taiwan,1810,0.0,0.0
44341,Taiwan,1811,0.0,0.0
44342,Taiwan,1812,0.0,0.0
44343,Taiwan,1813,0.0,0.0
44344,Taiwan,1814,0.0,0.0
44345,Taiwan,1815,0.0,0.0
44346,Taiwan,1816,0.0,0.0
44347,Taiwan,1817,0.0,0.0
44348,Taiwan,1818,0.0,0.0
44349,Taiwan,1819,0.0,0.0
44350,Taiwan,1820,0.0,0.0
44351,Taiwan,1821,0.0,0.0
44352,Taiwan,1822,0.0,0.0
44353,Taiwan,1823,0.0,0.0
44354,Taiwan,1824,0.0,0.0
44355,Taiwan,1825,0.0,0.0
44356,Taiwan,1826,0.0,0.0
44357,Taiwan,1827,0.0,0.0
44358,Taiwan,1828,0.0,0.0
44359,Taiwan,1829,0.0,0.0
44360,Taiwan,1830,0.0,0.0
44361,Taiwan,1831,0.0,0.0
44362,Taiwan,1832,0.0,0.0
44363,Taiwan,1833,0.0,0.0
44364,Taiwan,1834,0.0,0.0
44365,Taiwan,1835,0.0,0.0
44366,Taiwan,1836,0.0,0.0
44367,Taiwan,1837,0.0,0.0
44368,Taiwan,1838,0.0,0.0
44369,Taiwan,1839,0.0,0.0
44370,Taiwan,1840,0.0,0.0
44371,Taiwan,1841,0.0,0.0
44372,Taiwan,1842,0.0,0.0
44373,Taiwan,1843,0.0,0.0
44374,Taiwan,1844,0.0,0.0
44375,Taiwan,1845,0.0,0.0
44376,Taiwan,1846,0.0,0.0
44377,Taiwan,1847,0.0,0.0
44378,Taiwan,1848,0.0,0.0
44379,Taiwan,1849,0.0,0.0
44380,Taiwan,1850,0.0,0.0
44381,Taiwan,1851,0.0,0.0
44382,Taiwan,1852,0.0,0.0
44383,Taiwan,1853,0.0,0.0
44384,Taiwan,1854,0.0,0.0
44385,Taiwan,1855,0.0,0.0
44386,Taiwan,1856,0.0,0.0
44387,Taiwan,1857,0.0,0.0
44388,Taiwan,1858,0.0,0.0
44389,Taiwan,1859,0.0,0.0
44390,Taiwan,1860,0.0,0.0
44391,Taiwan,1861,0.0,0.0
44392,Taiwan,1862,0.0,0.0
44393,Taiwan,1863,0.0,0.0
44394,Taiwan,1864,0.0,0.0
44395,Taiwan,1865,0.0,0.0
44396,Taiwan,1866,0.0,0.0
44397,Taiwan,1867,0.0,0.0
44398,Taiwan,1868,0.0,0.0
44399,Taiwan,1869,0.0,0.0
44400,Taiwan,1870,0.0,0.0
44401,Taiwan,1871,0.0,0.0
44402,Taiwan,1872,0.0,0.0
44403,Taiwan,1873,0.0,0.0
44404,Taiwan,1874,0.0,0.0
44405,Taiwan,1875,0.0,0.0
44406,Taiwan,1876,0.0,0.0
44407,Taiwan,1877,0.0,0.0
44408,Taiwan,1878,0.0,0.0
44409,Taiwan,1879,0.0,0.0
44410,Taiwan,1880,0.0,0.0
44411,Taiwan,1881,0.0,0.0
44412,Taiwan,1882,0.0,0.0
44413,Taiwan,1883,0.0,0.0
44414,Taiwan,1884,0.0,0.0
44415,Taiwan,1885,0.0,0.0
44416,Taiwan,1886,0.0,0.0
44417,Taiwan,1887,0.0,0.0
44418,Taiwan,1888,0.0,0.0
44419,Taiwan,1889,0.0,0.0
44420,Taiwan,1890,0.0,0.0
44421,Taiwan,1891,0.0,0.0
44422,Taiwan,1892,0.0,0.0
44423,Taiwan,1893,0.0,0.0
44424,Taiwan,1894,0.0,0.0
44425,Taiwan,1895,0.0,0.0
44426,Taiwan,1896,0.004,0.001
44427,Taiwan,1897,0.051,0.019
44428,Taiwan,1898,0.114,0.042
44429,Taiwan,1899,0.081,0.029
44430,Taiwan,1900,0.11,0.039
44431,Taiwan,1901,0.176,0.062
44432,Taiwan,1902,0.256,0.089
44433,Taiwan,1903,0.216,0.074
44434,Taiwan,1904,0.22,0.074
44435,Taiwan,1905,0.253,0.084
44436,Taiwan,1906,0.275,0.09
44437,Taiwan,1907,0.359,0.116
44438,Taiwan,1908,0.41,0.131
44439,Taiwan,1909,0.487,0.153
44440,Taiwan,1910,0.616,0.191
44441,Taiwan,1911,0.678,0.208
44442,Taiwan,1912,0.74,0.223
44443,Taiwan,1913,0.854,0.253
44444,Taiwan,1914,0.92,0.268
44445,Taiwan,1915,1.015,0.293
44446,Taiwan,1916,1.385,0.397
44447,Taiwan,1917,1.799,0.511
44448,Taiwan,1918,2.143,0.603
44449,Taiwan,1919,2.909,0.809
44450,Taiwan,1920,3.045,0.837
44451,Taiwan,1921,2.755,0.745
44452,Taiwan,1922,3.572,0.949
44453,Taiwan,1923,3.833,1.0
44454,Taiwan,1924,3.994,1.023
44455,Taiwan,1925,4.488,1.126
44456,Taiwan,1926,4.752,1.165
44457,Taiwan,1927,4.928,1.181
44458,Taiwan,1928,4.203,0.984
44459,Taiwan,1929,4.192,0.958
44460,Taiwan,1930,4.243,0.945
44461,Taiwan,1931,3.774,0.818
44462,Taiwan,1932,3.594,0.759
44463,Taiwan,1933,4.195,0.863
44464,Taiwan,1934,4.173,0.837
44465,Taiwan,1935,4.364,0.854
44466,Taiwan,1936,4.734,0.903
44467,Taiwan,1937,5.251,0.976
44468,Taiwan,1938,5.899,1.068
44469,Taiwan,1939,7.181,1.267
44470,Taiwan,1940,7.768,1.333
44471,Taiwan,1941,7.935,1.324
44472,Taiwan,1942,6.418,1.041
44473,Taiwan,1943,6.425,1.023
44474,Taiwan,1944,4.63,0.73
44475,Taiwan,1945,2.187,0.344
44476,Taiwan,1946,2.862,0.454
44477,Taiwan,1947,3.619,0.57
44478,Taiwan,1948,4.539,0.689
44479,Taiwan,1949,4.473,0.628
44480,Taiwan,1950,3.784,0.498
44481,Taiwan,1951,4.908,0.624
44482,Taiwan,1952,6.392,0.784
44483,Taiwan,1953,6.472,0.766
44484,Taiwan,1954,6.487,0.74
44485,Taiwan,1955,7.197,0.791
44486,Taiwan,1956,7.685,0.812
44487,Taiwan,1957,8.183,0.831
44488,Taiwan,1958,9.57,0.934
44489,Taiwan,1959,10.991,1.033
44490,Taiwan,1960,11.874,1.075
44491,Taiwan,1961,12.528,1.094
44492,Taiwan,1962,14.165,1.194
44493,Taiwan,1963,15.109,1.23
44494,Taiwan,1964,16.907,1.331
44495,Taiwan,1965,17.845,1.36
44496,Taiwan,1966,19.462,1.438
44497,Taiwan,1967,21.97,1.58
44498,Taiwan,1968,24.141,1.698
44499,Taiwan,1969,26.291,1.81
44500,Taiwan,1970,28.734,1.939
44501,Taiwan,1971,31.475,2.082
44502,Taiwan,1972,35.872,2.322
44503,Taiwan,1973,40.245,2.552
44504,Taiwan,1974,39.31,2.444
44505,Taiwan,1975,43.454,2.655
44506,Taiwan,1976,56.1,3.365
44507,Taiwan,1977,61.13,3.592
44508,Taiwan,1978,71.028,4.088
44509,Taiwan,1979,75.766,4.272
44510,Taiwan,1980,83.515,4.618
44511,Taiwan,1981,75.052,4.076
44512,Taiwan,1982,75.385,4.026
44513,Taiwan,1983,83.138,4.37
44514,Taiwan,1984,84.865,4.396
44515,Taiwan,1985,84.734,4.329
44516,Taiwan,1986,94.333,4.763
44517,Taiwan,1987,98.206,4.906
44518,Taiwan,1988,113.093,5.592
44519,Taiwan,1989,123.126,6.03
44520,Taiwan,1990,124.258,6.033
44521,Taiwan,1991,133.631,6.43
44522,Taiwan,1992,142.432,6.788
44523,Taiwan,1993,154.046,7.275
44524,Taiwan,1994,161.564,7.565
44525,Taiwan,1995,170.064,7.897
44526,Taiwan,1996,178.059,8.202
44527,Taiwan,1997,190.782,8.717
44528,Taiwan,1998,200.546,9.095
44529,Taiwan,1999,208.023,9.369
44530,Taiwan,2000,226.934,10.161
44531,Taiwan,2001,231.431,10.31
44532,Taiwan,2002,238.567,10.572
44533,Taiwan,2003,249.129,10.992
44534,Taiwan,2004,259.367,11.403
44535,Taiwan,2005,266.888,11.693
44536,Taiwan,2006,276.536,12.068
44537,Taiwan,2007,280.076,12.174
44538,Taiwan,2008,266.885,11.56
44539,Taiwan,2009,253.033,10.923
44540,Taiwan,2010,270.715,11.657
44541,Taiwan,2011,276.774,11.892
44542,Taiwan,2012,273.282,11.706
44543,Taiwan,2013,274.576,11.726
44544,Taiwan,2014,276.96,11.799
44545,Taiwan,2015,276.263,11.741
44546,Taiwan,2016,280.188,11.879
44547,Taiwan,2017,285.73,12.09
44548,Taiwan,2018,283.897,11.999
44549,Taiwan,2019,274.445,11.593
44550,Taiwan,2020,272.202,11.503
44551,Taiwan,2021,283.571,12.037
44552,Taiwan,2022,273.669,11.685
44553,Taiwan,2023,261.153,11.2
44554,Tajikistan,1830,0.0,0.0
44555,Tajikistan,1831,0.0,0.0
44556,Tajikistan,1832,0.0,0.0
44557,Tajikistan,1833,0.0,0.0
44558,Tajikistan,1850,0.0,0.001
44563,Tajikistan,1855,0.001,0.002
44566,Tajikistan,1858,0.002,0.002
44567,Tajikistan,1859,0.002,0.003
44568,Tajikistan,1860,0.002,0.003
44569,Tajikistan,1861,0.003,0.004
44570,Tajikistan,1862,0.003,0.004
44571,Tajikistan,1863,0.003,0.004
44572,Tajikistan,1864,0.003,0.004
44573,Tajikistan,1865,0.003,0.004
44574,Tajikistan,1866,0.009,0.013
44575,Tajikistan,1867,0.01,0.014
44576,Tajikistan,1868,0.009,0.012
44577,Tajikistan,1869,0.012,0.016
44578,Tajikistan,1870,0.013,0.017
44579,Tajikistan,1871,0.017,0.023
44580,Tajikistan,1872,0.018,0.023
44581,Tajikistan,1873,0.016,0.022
44582,Tajikistan,1874,0.02,0.026
44583,Tajikistan,1875,0.023,0.03
44584,Tajikistan,1876,0.029,0.037
44585,Tajikistan,1877,0.029,0.037
44586,Tajikistan,1878,0.038,0.048
44587,Tajikistan,1879,0.039,0.049
44588,Tajikistan,1880,0.046,0.057
44589,Tajikistan,1881,0.048,0.06
44590,Tajikistan,1882,0.051,0.062
44591,Tajikistan,1883,0.058,0.07
44592,Tajikistan,1884,0.059,0.071
44593,Tajikistan,1885,0.064,0.076
44594,Tajikistan,1886,0.066,0.078
44595,Tajikistan,1887,0.069,0.081
44596,Tajikistan,1888,0.072,0.084
44597,Tajikistan,1889,0.078,0.09
44598,Tajikistan,1890,0.089,0.101
44599,Tajikistan,1891,0.098,0.11
44600,Tajikistan,1892,0.103,0.116
44601,Tajikistan,1893,0.121,0.135
44602,Tajikistan,1894,0.123,0.136
44603,Tajikistan,1895,0.142,0.155
44604,Tajikistan,1896,0.144,0.156
44605,Tajikistan,1897,0.167,0.179
44606,Tajikistan,1898,0.187,0.199
44607,Tajikistan,1899,0.217,0.229
44608,Tajikistan,1900,0.246,0.257
44609,Tajikistan,1901,0.252,0.261
44610,Tajikistan,1902,0.244,0.25
44611,Tajikistan,1903,0.238,0.242
44612,Tajikistan,1904,0.265,0.267
44613,Tajikistan,1905,0.237,0.237
44614,Tajikistan,1906,0.27,0.267
44615,Tajikistan,1907,0.303,0.297
44616,Tajikistan,1908,0.304,0.296
44617,Tajikistan,1909,0.321,0.31
44618,Tajikistan,1910,0.315,0.301
44619,Tajikistan,1911,0.327,0.309
44620,Tajikistan,1912,0.37,0.347
44621,Tajikistan,1913,0.402,0.374
44622,Tajikistan,1914,0.363,0.335
44623,Tajikistan,1915,0.333,0.304
44624,Tajikistan,1916,0.355,0.322
44625,Tajikistan,1917,0.327,0.293
44626,Tajikistan,1918,0.13,0.116
44627,Tajikistan,1919,0.111,0.098
44628,Tajikistan,1920,0.101,0.089
44629,Tajikistan,1921,0.11,0.095
44630,Tajikistan,1922,0.134,0.115
44631,Tajikistan,1923,0.148,0.126
44632,Tajikistan,1924,0.177,0.149
44633,Tajikistan,1925,0.174,0.145
44634,Tajikistan,1926,0.253,0.209
44635,Tajikistan,1927,0.314,0.257
44636,Tajikistan,1928,0.348,0.282
44637,Tajikistan,1929,0.375,0.301
44638,Tajikistan,1930,0.51,0.407
44639,Tajikistan,1931,0.613,0.484
44640,Tajikistan,1932,0.69,0.54
44641,Tajikistan,1933,0.771,0.598
44642,Tajikistan,1934,0.933,0.717
44643,Tajikistan,1935,1.055,0.804
44644,Tajikistan,1936,1.209,0.913
44645,Tajikistan,1937,1.237,0.925
44646,Tajikistan,1938,1.306,0.968
44647,Tajikistan,1939,1.322,0.97
44648,Tajikistan,1940,1.585,1.153
44649,Tajikistan,1941,1.392,1.004
44650,Tajikistan,1942,0.759,0.542
44651,Tajikistan,1943,0.792,0.561
44652,Tajikistan,1944,1.149,0.806
44653,Tajikistan,1945,1.214,0.844
44654,Tajikistan,1946,1.364,0.939
44655,Tajikistan,1947,1.641,1.12
44656,Tajikistan,1948,1.746,1.18
44657,Tajikistan,1949,1.984,1.324
44658,Tajikistan,1950,2.21,1.446
44659,Tajikistan,1951,2.395,1.508
44660,Tajikistan,1952,2.564,1.558
44661,Tajikistan,1953,2.713,1.595
44662,Tajikistan,1954,2.962,1.687
44663,Tajikistan,1955,3.359,1.855
44664,Tajikistan,1956,3.684,1.975
44665,Tajikistan,1957,4.031,2.097
44666,Tajikistan,1958,4.304,2.172
44667,Tajikistan,1959,4.525,2.212
44668,Tajikistan,1960,4.711,2.231
44669,Tajikistan,1961,4.86,2.228
44670,Tajikistan,1962,5.104,2.263
44671,Tajikistan,1963,5.476,2.348
44672,Tajikistan,1964,5.825,2.416
44673,Tajikistan,1965,6.18,2.479
44674,Tajikistan,1966,6.528,2.533
44675,Tajikistan,1967,6.829,2.563
44676,Tajikistan,1968,7.024,2.551
44677,Tajikistan,1969,7.318,2.572
44678,Tajikistan,1970,7.699,2.622
44679,Tajikistan,1971,8.175,2.699
44680,Tajikistan,1972,8.606,2.755
44681,Tajikistan,1973,8.976,2.785
44682,Tajikistan,1974,9.324,2.805
44683,Tajikistan,1975,9.805,2.858
44684,Tajikistan,1976,10.181,2.876
44685,Tajikistan,1977,10.526,2.881
44686,Tajikistan,1978,10.89,2.89
44687,Tajikistan,1979,10.978,2.827
44688,Tajikistan,1980,11.407,2.855
44689,Tajikistan,1981,11.196,2.725
44690,Tajikistan,1982,11.406,2.698
44691,Tajikistan,1983,11.57,2.659
44692,Tajikistan,1984,11.672,2.605
44693,Tajikistan,1985,12.58,2.724
44694,Tajikistan,1986,12.133,2.542
44695,Tajikistan,1987,11.785,2.386
44696,Tajikistan,1988,12.719,2.487
44697,Tajikistan,1989,12.593,2.391
44698,Tajikistan,1990,12.037,2.23
44699,Tajikistan,1991,9.758,1.761
44700,Tajikistan,1992,7.308,1.294
44701,Tajikistan,1993,5.171,0.903
44702,Tajikistan,1994,2.355,0.404
44703,Tajikistan,1995,2.445,0.411
44704,Tajikistan,1996,2.824,0.465
44705,Tajikistan,1997,2.15,0.35
44706,Tajikistan,1998,2.497,0.404
44707,Tajikistan,1999,2.517,0.405
44708,Tajikistan,2000,2.234,0.355
44709,Tajikistan,2001,2.288,0.357
44710,Tajikistan,2002,1.877,0.287
44711,Tajikistan,2003,2.071,0.311
44712,Tajikistan,2004,2.56,0.377
44713,Tajikistan,2005,2.439,0.352
44714,Tajikistan,2006,2.655,0.376
44715,Tajikistan,2007,3.227,0.449
44716,Tajikistan,2008,2.896,0.395
44717,Tajikistan,2009,2.444,0.326
44718,Tajikistan,2010,2.536,0.331
44719,Tajikistan,2011,2.341,0.299
44720,Tajikistan,2012,2.933,0.366
44721,Tajikistan,2013,2.907,0.354
44722,Tajikistan,2014,4.6,0.546
44723,Tajikistan,2015,5.302,0.613
44724,Tajikistan,2016,5.693,0.642
44725,Tajikistan,2017,6.858,0.755
44726,Tajikistan,2018,8.06,0.866
44727,Tajikistan,2019,8.692,0.912
44728,Tajikistan,2020,9.404,0.965
44729,Tajikistan,2021,9.228,0.926
44730,Tajikistan,2022,8.966,0.881
44731,Tajikistan,2023,9.055,0.871
44832,Tanzania,1950,0.498,0.065
44833,Tanzania,1951,0.447,0.057
44834,Tanzania,1952,0.539,0.067
44835,Tanzania,1953,0.528,0.064
44836,Tanzania,1954,0.539,0.064
44837,Tanzania,1955,0.557,0.064
44838,Tanzania,1956,0.66,0.074
44839,Tanzania,1957,0.762,0.084
44840,Tanzania,1958,0.802,0.086
44841,Tanzania,1959,0.689,0.072
44842,Tanzania,1960,0.828,0.084
44843,Tanzania,1961,0.703,0.069
44844,Tanzania,1962,0.766,0.073
44845,Tanzania,1963,0.802,0.074
44846,Tanzania,1964,1.033,0.093
44847,Tanzania,1965,1.161,0.101
44848,Tanzania,1966,1.37,0.116
44849,Tanzania,1967,1.758,0.144
44850,Tanzania,1968,1.652,0.131
44851,Tanzania,1969,1.795,0.138
44852,Tanzania,1970,1.765,0.131
44853,Tanzania,1971,2.461,0.176
44854,Tanzania,1972,2.164,0.149
44855,Tanzania,1973,3.183,0.212
44856,Tanzania,1974,2.303,0.148
44857,Tanzania,1975,2.282,0.141
44858,Tanzania,1976,2.786,0.166
44859,Tanzania,1977,2.008,0.116
44860,Tanzania,1978,2.197,0.122
44861,Tanzania,1979,2.063,0.111
44862,Tanzania,1980,1.874,0.098
44863,Tanzania,1981,2.107,0.106
44864,Tanzania,1982,2.148,0.105
44865,Tanzania,1983,2.196,0.104
44866,Tanzania,1984,2.347,0.108
44867,Tanzania,1985,2.338,0.104
44868,Tanzania,1986,2.278,0.098
44869,Tanzania,1987,2.368,0.099
44870,Tanzania,1988,2.272,0.092
44871,Tanzania,1989,2.162,0.085
44872,Tanzania,1990,2.112,0.081
44873,Tanzania,1991,2.255,0.084
44874,Tanzania,1992,2.178,0.079
44875,Tanzania,1993,2.426,0.086
44876,Tanzania,1994,2.063,0.07
44877,Tanzania,1995,2.434,0.08
44878,Tanzania,1996,2.527,0.082
44879,Tanzania,1997,2.824,0.089
44880,Tanzania,1998,2.481,0.077
44881,Tanzania,1999,2.459,0.074
44882,Tanzania,2000,2.572,0.075
44883,Tanzania,2001,3.041,0.086
44884,Tanzania,2002,3.486,0.096
44885,Tanzania,2003,3.687,0.099
44886,Tanzania,2004,4.221,0.111
44887,Tanzania,2005,5.356,0.137
44888,Tanzania,2006,5.876,0.146
44889,Tanzania,2007,5.706,0.138
44890,Tanzania,2008,5.989,0.141
44891,Tanzania,2009,5.807,0.133
44892,Tanzania,2010,7.194,0.161
44893,Tanzania,2011,8.503,0.185
44894,Tanzania,2012,10.401,0.22
44895,Tanzania,2013,11.273,0.231
44896,Tanzania,2014,11.086,0.22
44897,Tanzania,2015,12.911,0.248
44898,Tanzania,2016,13.647,0.254
44899,Tanzania,2017,13.682,0.246
44900,Tanzania,2018,14.41,0.251
44901,Tanzania,2019,16.377,0.277
44902,Tanzania,2020,16.25,0.267
44903,Tanzania,2021,18.267,0.291
44904,Tanzania,2022,17.736,0.274
44905,Tanzania,2023,18.066,0.271
44987,Thailand,1931,0.029,0.002
44988,Thailand,1932,0.025,0.002
44989,Thailand,1933,0.022,0.002
44990,Thailand,1934,0.025,0.002
44991,Thailand,1935,0.025,0.002
44992,Thailand,1936,0.029,0.002
44993,Thailand,1937,0.036,0.002
44994,Thailand,1938,0.04,0.003
44995,Thailand,1939,0.047,0.003
44996,Thailand,1940,0.058,0.004
44997,Thailand,1941,0.058,0.004
44999,Thailand,1943,0.033,0.002
45000,Thailand,1944,0.015,0.001
45003,Thailand,1947,0.029,0.002
45004,Thailand,1948,0.04,0.002
45005,Thailand,1949,0.062,0.003
45006,Thailand,1950,0.956,0.047
45007,Thailand,1951,1.091,0.052
45008,Thailand,1952,1.278,0.059
45009,Thailand,1953,1.644,0.074
45010,Thailand,1954,2.05,0.09
45011,Thailand,1955,2.373,0.102
45012,Thailand,1956,2.618,0.109
45013,Thailand,1957,2.922,0.118
45014,Thailand,1958,3.017,0.119
45015,Thailand,1959,3.321,0.127
45016,Thailand,1960,3.709,0.138
45017,Thailand,1961,4.141,0.15
45018,Thailand,1962,5.029,0.177
45019,Thailand,1963,5.564,0.19
45020,Thailand,1964,7.474,0.247
45021,Thailand,1965,7.445,0.239
45022,Thailand,1966,9.471,0.295
45023,Thailand,1967,12.157,0.368
45024,Thailand,1968,17.083,0.502
45025,Thailand,1969,14.549,0.416
45026,Thailand,1970,15.362,0.427
45027,Thailand,1971,19.213,0.52
45028,Thailand,1972,21.771,0.574
45029,Thailand,1973,24.357,0.625
45030,Thailand,1974,24.116,0.604
45031,Thailand,1975,24.254,0.592
45032,Thailand,1976,28.564,0.682
45033,Thailand,1977,31.878,0.744
45034,Thailand,1978,34.76,0.794
45035,Thailand,1979,36.396,0.814
45036,Thailand,1980,39.751,0.871
45037,Thailand,1981,37.541,0.806
45038,Thailand,1982,37.357,0.787
45039,Thailand,1983,41.785,0.863
45040,Thailand,1984,45.155,0.915
45041,Thailand,1985,47.865,0.952
45042,Thailand,1986,48.97,0.957
45043,Thailand,1987,53.814,1.033
45044,Thailand,1988,60.732,1.147
45045,Thailand,1989,71.696,1.331
45046,Thailand,1990,86.563,1.581
45047,Thailand,1991,95.045,1.708
45048,Thailand,1992,105.513,1.867
45049,Thailand,1993,121.855,2.123
45050,Thailand,1994,136.87,2.349
45051,Thailand,1995,153.65,2.6
45052,Thailand,1996,173.566,2.897
45053,Thailand,1997,181.203,2.984
45054,Thailand,1998,159.704,2.596
45055,Thailand,1999,167.235,2.684
45056,Thailand,2000,167.352,2.656
45057,Thailand,2001,172.267,2.706
45058,Thailand,2002,184.665,2.873
45059,Thailand,2003,191.088,2.946
45060,Thailand,2004,207.331,3.168
45061,Thailand,2005,214.325,3.246
45062,Thailand,2006,215.825,3.242
45063,Thailand,2007,224.083,3.339
45064,Thailand,2008,224.249,3.316
45065,Thailand,2009,228.836,3.359
45066,Thailand,2010,241.019,3.514
45067,Thailand,2011,244.878,3.549
45068,Thailand,2012,262.348,3.778
45069,Thailand,2013,263.754,3.776
45070,Thailand,2014,272.488,3.881
45071,Thailand,2015,277.099,3.928
45072,Thailand,2016,284.045,4.009
45073,Thailand,2017,283.348,3.982
45074,Thailand,2018,288.305,4.039
45075,Thailand,2019,281.877,3.941
45076,Thailand,2020,271.923,3.796
45077,Thailand,2021,267.142,3.724
45078,Thailand,2022,272.573,3.8
45079,Thailand,2023,264.389,3.687
45180,Togo,1950,0.026,0.018
45181,Togo,1951,0.026,0.018
45182,Togo,1952,0.044,0.03
45183,Togo,1953,0.029,0.02
45184,Togo,1954,0.033,0.022
45185,Togo,1955,0.04,0.026
45186,Togo,1956,0.04,0.026
45187,Togo,1957,0.048,0.03
45188,Togo,1958,0.048,0.03
45189,Togo,1959,0.055,0.033
45190,Togo,1960,0.066,0.039
45191,Togo,1961,0.092,0.054
45192,Togo,1962,0.088,0.051
45193,Togo,1963,0.106,0.06
45194,Togo,1964,0.132,0.073
45195,Togo,1965,0.132,0.071
45196,Togo,1966,0.18,0.094
45197,Togo,1967,0.198,0.099
45198,Togo,1968,0.194,0.093
45199,Togo,1969,0.242,0.112
45200,Togo,1970,0.275,0.122
45201,Togo,1971,0.315,0.136
45202,Togo,1972,0.405,0.17
45203,Togo,1973,0.412,0.168
45204,Togo,1974,0.39,0.155
45205,Togo,1975,0.311,0.121
45206,Togo,1976,0.322,0.122
45207,Togo,1977,0.462,0.171
45208,Togo,1978,0.355,0.128
45209,Togo,1979,1.381,0.486
45210,Togo,1980,0.794,0.272
45211,Togo,1981,0.706,0.234
45212,Togo,1982,0.818,0.263
45213,Togo,1983,0.624,0.193
45214,Togo,1984,0.695,0.208
45215,Togo,1985,0.659,0.192
45216,Togo,1986,0.848,0.239
45217,Togo,1987,0.925,0.253
45218,Togo,1988,0.963,0.256
45219,Togo,1989,1.024,0.264
45220,Togo,1990,0.978,0.244
45221,Togo,1991,1.05,0.255
45222,Togo,1992,1.03,0.243
45223,Togo,1993,1.069,0.254
45224,Togo,1994,1.007,0.238
45225,Togo,1995,1.175,0.266
45226,Togo,1996,1.265,0.276
45227,Togo,1997,0.879,0.186
45228,Togo,1998,1.29,0.265
45229,Togo,1999,1.85,0.37
45230,Togo,2000,1.331,0.259
45231,Togo,2001,1.159,0.22
45232,Togo,2002,1.322,0.244
45233,Togo,2003,1.805,0.325
45234,Togo,2004,1.744,0.306
45235,Togo,2005,1.722,0.295
45236,Togo,2006,1.501,0.25
45237,Togo,2007,1.517,0.245
45238,Togo,2008,1.523,0.239
45239,Togo,2009,2.536,0.387
45240,Togo,2010,2.596,0.386
45241,Togo,2011,2.504,0.362
45242,Togo,2012,2.216,0.312
45243,Togo,2013,1.643,0.225
45244,Togo,2014,1.542,0.206
45245,Togo,2015,1.863,0.243
45246,Togo,2016,2.312,0.294
45247,Togo,2017,1.991,0.247
45248,Togo,2018,2.125,0.257
45249,Togo,2019,2.319,0.274
45250,Togo,2020,2.439,0.281
45251,Togo,2021,2.67,0.301
45252,Togo,2022,2.682,0.295
45253,Togo,2023,2.62,0.282
45354,Tonga,1950,0.007,0.148
45355,Tonga,1951,0.007,0.144
45356,Tonga,1952,0.007,0.14
45357,Tonga,1953,0.007,0.136
45358,Tonga,1954,0.007,0.132
45359,Tonga,1955,0.007,0.128
45360,Tonga,1956,0.007,0.124
45361,Tonga,1957,0.007,0.12
45362,Tonga,1958,0.007,0.117
45363,Tonga,1959,0.007,0.114
45364,Tonga,1960,0.011,0.166
45365,Tonga,1961,0.011,0.162
45366,Tonga,1962,0.011,0.157
45367,Tonga,1963,0.011,0.153
45368,Tonga,1964,0.011,0.149
45369,Tonga,1965,0.011,0.145
45370,Tonga,1966,0.011,0.141
45371,Tonga,1967,0.015,0.184
45372,Tonga,1968,0.015,0.18
45373,Tonga,1969,0.011,0.133
45374,Tonga,1970,0.026,0.304
45375,Tonga,1971,0.018,0.213
45376,Tonga,1972,0.022,0.252
45377,Tonga,1973,0.026,0.289
45378,Tonga,1974,0.022,0.242
45379,Tonga,1975,0.033,0.354
45380,Tonga,1976,0.029,0.307
45381,Tonga,1977,0.029,0.303
45382,Tonga,1978,0.037,0.377
45383,Tonga,1979,0.04,0.413
45384,Tonga,1980,0.04,0.412
45385,Tonga,1981,0.048,0.486
45386,Tonga,1982,0.044,0.449
45387,Tonga,1983,0.048,0.486
45388,Tonga,1984,0.048,0.486
45389,Tonga,1985,0.048,0.486
45390,Tonga,1986,0.048,0.486
45391,Tonga,1987,0.055,0.559
45392,Tonga,1988,0.07,0.703
45393,Tonga,1989,0.07,0.7
45394,Tonga,1990,0.084,0.845
45395,Tonga,1991,0.088,0.88
45396,Tonga,1992,0.07,0.696
45397,Tonga,1993,0.084,0.842
45398,Tonga,1994,0.092,0.914
45399,Tonga,1995,0.095,0.95
45400,Tonga,1996,0.077,0.767
45401,Tonga,1997,0.099,0.982
45402,Tonga,1998,0.088,0.867
45403,Tonga,1999,0.11,1.077
45404,Tonga,2000,0.095,0.928
45405,Tonga,2001,0.088,0.851
45406,Tonga,2002,0.103,0.988
45407,Tonga,2003,0.117,1.122
45408,Tonga,2004,0.11,1.046
45409,Tonga,2005,0.114,1.075
45410,Tonga,2006,0.128,1.207
45411,Tonga,2007,0.114,1.064
45412,Tonga,2008,0.121,1.13
45413,Tonga,2009,0.132,1.23
45414,Tonga,2010,0.117,1.092
45415,Tonga,2011,0.103,0.954
45416,Tonga,2012,0.106,0.989
45417,Tonga,2013,0.114,1.061
45418,Tonga,2014,0.114,1.065
45419,Tonga,2015,0.117,1.105
45420,Tonga,2016,0.125,1.18
45421,Tonga,2017,0.136,1.287
45422,Tonga,2018,0.136,1.284
45423,Tonga,2019,0.161,1.525
45424,Tonga,2020,0.183,1.733
45425,Tonga,2021,0.191,1.806
45426,Tonga,2022,0.195,1.857
45427,Tonga,2023,0.199,1.905
45487,Trinidad and Tobago,1909,0.026,0.077
45488,Trinidad and Tobago,1910,0.066,0.195
45489,Trinidad and Tobago,1911,0.125,0.362
45490,Trinidad and Tobago,1912,0.198,0.565
45491,Trinidad and Tobago,1913,0.224,0.628
45492,Trinidad and Tobago,1914,0.289,0.8
45493,Trinidad and Tobago,1915,0.333,0.907
45494,Trinidad and Tobago,1916,0.414,1.107
45495,Trinidad and Tobago,1917,0.528,1.388
45496,Trinidad and Tobago,1918,0.769,1.992
45497,Trinidad and Tobago,1919,0.649,1.656
45498,Trinidad and Tobago,1920,0.868,2.193
45499,Trinidad and Tobago,1921,1.0,2.504
45500,Trinidad and Tobago,1922,0.982,2.442
45501,Trinidad and Tobago,1923,1.209,2.995
45502,Trinidad and Tobago,1924,1.656,4.086
45503,Trinidad and Tobago,1925,1.946,4.781
45504,Trinidad and Tobago,1926,1.96,4.797
45505,Trinidad and Tobago,1927,2.099,5.117
45506,Trinidad and Tobago,1928,3.232,7.845
45507,Trinidad and Tobago,1929,3.594,8.669
45508,Trinidad and Tobago,1930,3.646,8.715
45509,Trinidad and Tobago,1931,3.074,7.265
45510,Trinidad and Tobago,1932,3.254,7.584
45511,Trinidad and Tobago,1933,4.067,9.328
45512,Trinidad and Tobago,1934,4.778,10.783
45513,Trinidad and Tobago,1935,5.089,11.302
45514,Trinidad and Tobago,1936,5.741,12.546
45515,Trinidad and Tobago,1937,7.247,15.583
45516,Trinidad and Tobago,1938,8.339,17.643
45517,Trinidad and Tobago,1939,9.453,19.63
45518,Trinidad and Tobago,1940,10.736,21.825
45519,Trinidad and Tobago,1941,9.9,19.657
45520,Trinidad and Tobago,1942,10.666,20.633
45521,Trinidad and Tobago,1943,10.274,19.319
45522,Trinidad and Tobago,1944,10.772,19.69
45523,Trinidad and Tobago,1945,11.021,19.582
45524,Trinidad and Tobago,1946,10.937,18.89
45525,Trinidad and Tobago,1947,12.003,20.152
45526,Trinidad and Tobago,1948,12.641,20.629
45527,Trinidad and Tobago,1949,13.751,21.812
45528,Trinidad and Tobago,1950,2.352,3.626
45529,Trinidad and Tobago,1951,2.514,3.776
45530,Trinidad and Tobago,1952,2.796,4.091
45531,Trinidad and Tobago,1953,2.935,4.181
45532,Trinidad and Tobago,1954,2.836,3.932
45533,Trinidad and Tobago,1955,2.722,3.672
45534,Trinidad and Tobago,1956,2.879,3.78
45535,Trinidad and Tobago,1957,2.564,3.277
45536,Trinidad and Tobago,1958,3.477,4.325
45537,Trinidad and Tobago,1959,3.092,3.747
45538,Trinidad and Tobago,1960,2.579,3.052
45539,Trinidad and Tobago,1961,4.598,5.327
45540,Trinidad and Tobago,1962,7.232,8.216
45541,Trinidad and Tobago,1963,1.677,1.87
45542,Trinidad and Tobago,1964,3.792,4.153
45543,Trinidad and Tobago,1965,5.191,5.591
45544,Trinidad and Tobago,1966,4.052,4.297
45545,Trinidad and Tobago,1967,4.634,4.845
45546,Trinidad and Tobago,1968,4.037,4.166
45547,Trinidad and Tobago,1969,3.901,3.978
45548,Trinidad and Tobago,1970,8.99,9.068
45549,Trinidad and Tobago,1971,8.096,8.075
45550,Trinidad and Tobago,1972,8.236,8.114
45551,Trinidad and Tobago,1973,9.39,9.135
45552,Trinidad and Tobago,1974,10.042,9.649
45553,Trinidad and Tobago,1975,9.613,9.125
45554,Trinidad and Tobago,1976,15.911,14.921
45555,Trinidad and Tobago,1977,16.159,14.968
45556,Trinidad and Tobago,1978,15.312,14.004
45557,Trinidad and Tobago,1979,16.707,15.083
45558,Trinidad and Tobago,1980,16.919,15.083
45559,Trinidad and Tobago,1981,17.242,15.19
45560,Trinidad and Tobago,1982,18.405,16.033
45561,Trinidad and Tobago,1983,16.276,14.024
45562,Trinidad and Tobago,1984,17.504,14.923
45563,Trinidad and Tobago,1985,20.723,17.453
45564,Trinidad and Tobago,1986,17.355,14.425
45565,Trinidad and Tobago,1987,17.489,14.366
45566,Trinidad and Tobago,1988,15.833,12.872
45567,Trinidad and Tobago,1989,16.105,12.971
45568,Trinidad and Tobago,1990,16.981,13.561
45569,Trinidad and Tobago,1991,16.968,13.444
45570,Trinidad and Tobago,1992,19.103,15.022
45571,Trinidad and Tobago,1993,17.411,13.597
45572,Trinidad and Tobago,1994,15.349,11.914
45573,Trinidad and Tobago,1995,14.733,11.375
45574,Trinidad and Tobago,1996,18.458,14.188
45575,Trinidad and Tobago,1997,18.911,14.482
45576,Trinidad and Tobago,1998,19.905,15.192
45577,Trinidad and Tobago,1999,22.594,17.186
45578,Trinidad and Tobago,2000,24.366,18.462
45579,Trinidad and Tobago,2001,26.756,20.185
45580,Trinidad and Tobago,2002,28.702,21.548
45581,Trinidad and Tobago,2003,32.391,24.196
45582,Trinidad and Tobago,2004,32.711,24.314
45583,Trinidad and Tobago,2005,38.227,28.273
45584,Trinidad and Tobago,2006,42.727,31.447
45585,Trinidad and Tobago,2007,45.582,33.384
45586,Trinidad and Tobago,2008,44.465,32.406
45587,Trinidad and Tobago,2009,44.439,32.224
45588,Trinidad and Tobago,2010,47.112,33.975
45589,Trinidad and Tobago,2011,47.064,33.738
45590,Trinidad and Tobago,2012,46.176,32.893
45591,Trinidad and Tobago,2013,45.824,32.438
45592,Trinidad and Tobago,2014,46.892,32.996
45593,Trinidad and Tobago,2015,45.56,31.878
45594,Trinidad and Tobago,2016,39.893,27.761
45595,Trinidad and Tobago,2017,40.318,27.897
45596,Trinidad and Tobago,2018,40.324,27.422
45597,Trinidad and Tobago,2019,40.783,27.465
45598,Trinidad and Tobago,2020,35.066,23.677
45599,Trinidad and Tobago,2021,36.413,24.476
45600,Trinidad and Tobago,2022,36.306,24.27
45601,Trinidad and Tobago,2023,34.318,22.834
45768,Tunisia,1916,0.011,0.005
45769,Tunisia,1917,0.029,0.013
45770,Tunisia,1918,0.04,0.017
45772,Tunisia,1920,0.029,0.013
45773,Tunisia,1921,0.022,0.009
45785,Tunisia,1933,0.018,0.007
45786,Tunisia,1934,0.018,0.007
45787,Tunisia,1935,0.018,0.006
45788,Tunisia,1936,0.025,0.009
45789,Tunisia,1937,0.029,0.01
45790,Tunisia,1938,0.033,0.011
45791,Tunisia,1939,0.033,0.011
45792,Tunisia,1940,0.058,0.019
45793,Tunisia,1941,0.135,0.043
45794,Tunisia,1942,0.161,0.05
45795,Tunisia,1943,0.051,0.016
45796,Tunisia,1944,0.091,0.028
45797,Tunisia,1945,0.095,0.028
45798,Tunisia,1946,0.132,0.039
45799,Tunisia,1947,0.128,0.037
45800,Tunisia,1948,0.146,0.042
45801,Tunisia,1949,0.128,0.036
45802,Tunisia,1950,1.219,0.338
45803,Tunisia,1951,1.377,0.374
45804,Tunisia,1952,1.443,0.384
45805,Tunisia,1953,1.377,0.359
45806,Tunisia,1954,1.406,0.359
45807,Tunisia,1955,1.596,0.398
45808,Tunisia,1956,1.559,0.382
45809,Tunisia,1957,1.574,0.38
45810,Tunisia,1958,1.446,0.346
45811,Tunisia,1959,1.588,0.376
45812,Tunisia,1960,1.724,0.404
45813,Tunisia,1961,1.765,0.409
45814,Tunisia,1962,1.794,0.411
45815,Tunisia,1963,1.944,0.439
45816,Tunisia,1964,2.753,0.613
45817,Tunisia,1965,2.46,0.539
45818,Tunisia,1966,2.882,0.619
45819,Tunisia,1967,3.083,0.648
45820,Tunisia,1968,3.592,0.736
45821,Tunisia,1969,3.852,0.77
45822,Tunisia,1970,3.739,0.729
45823,Tunisia,1971,4.208,0.8
45824,Tunisia,1972,4.733,0.877
45825,Tunisia,1973,4.825,0.871
45826,Tunisia,1974,5.393,0.949
45827,Tunisia,1975,5.544,0.949
45828,Tunisia,1976,5.845,0.975
45829,Tunisia,1977,6.754,1.097
45830,Tunisia,1978,7.489,1.187
45831,Tunisia,1979,8.77,1.358
45832,Tunisia,1980,9.496,1.437
45833,Tunisia,1981,9.839,1.456
45834,Tunisia,1982,9.532,1.38
45835,Tunisia,1983,11.319,1.605
45836,Tunisia,1984,11.563,1.602
45837,Tunisia,1985,11.961,1.614
45838,Tunisia,1986,12.087,1.59
45839,Tunisia,1987,11.78,1.512
45840,Tunisia,1988,12.495,1.567
45841,Tunisia,1989,13.268,1.628
45842,Tunisia,1990,13.553,1.628
45843,Tunisia,1991,16.006,1.883
45844,Tunisia,1992,15.158,1.746
45845,Tunisia,1993,16.419,1.854
45846,Tunisia,1994,16.135,1.789
45847,Tunisia,1995,16.272,1.776
45848,Tunisia,1996,16.619,1.788
45849,Tunisia,1997,17.215,1.827
45850,Tunisia,1998,17.791,1.865
45851,Tunisia,1999,18.64,1.93
45852,Tunisia,2000,19.552,2.002
45853,Tunisia,2001,20.43,2.07
45854,Tunisia,2002,20.68,2.074
45855,Tunisia,2003,21.142,2.099
45856,Tunisia,2004,22.095,2.173
45857,Tunisia,2005,22.546,2.198
45858,Tunisia,2006,22.97,2.22
45859,Tunisia,2007,24.591,2.355
45860,Tunisia,2008,25.538,2.422
45861,Tunisia,2009,25.425,2.387
45862,Tunisia,2010,28.138,2.614
45863,Tunisia,2011,26.436,2.428
45864,Tunisia,2012,28.459,2.585
45865,Tunisia,2013,28.333,2.543
45866,Tunisia,2014,29.692,2.634
45867,Tunisia,2015,31.418,2.755
45868,Tunisia,2016,30.595,2.654
45869,Tunisia,2017,31.272,2.684
45870,Tunisia,2018,31.134,2.646
45871,Tunisia,2019,30.353,2.556
45872,Tunisia,2020,28.49,2.379
45873,Tunisia,2021,31.167,2.587
45874,Tunisia,2022,31.948,2.636
45875,Tunisia,2023,32.793,2.688
45891,Turkey,1865,0.15,0.013
45892,Turkey,1866,0.209,0.018
45893,Turkey,1867,0.227,0.02
45894,Turkey,1868,0.176,0.015
45895,Turkey,1869,0.267,0.023
45896,Turkey,1870,0.158,0.013
45897,Turkey,1871,0.198,0.017
45898,Turkey,1872,0.245,0.021
45899,Turkey,1873,0.238,0.02
45900,Turkey,1874,0.256,0.021
45901,Turkey,1875,0.352,0.029
45902,Turkey,1876,0.275,0.023
45903,Turkey,1877,0.447,0.037
45904,Turkey,1878,0.326,0.027
45905,Turkey,1879,0.125,0.01
45906,Turkey,1880,0.139,0.011
45907,Turkey,1881,0.183,0.015
45908,Turkey,1882,0.154,0.012
45909,Turkey,1883,0.161,0.013
45910,Turkey,1884,0.176,0.014
45911,Turkey,1885,0.194,0.015
45912,Turkey,1886,0.136,0.011
45913,Turkey,1887,0.245,0.019
45914,Turkey,1888,0.267,0.021
45915,Turkey,1889,0.403,0.031
45916,Turkey,1890,0.366,0.028
45917,Turkey,1891,0.403,0.03
45918,Turkey,1892,0.41,0.031
45919,Turkey,1893,0.425,0.032
45920,Turkey,1894,0.392,0.029
45921,Turkey,1895,0.374,0.028
45922,Turkey,1896,0.443,0.032
45923,Turkey,1897,0.315,0.023
45924,Turkey,1898,0.524,0.038
45925,Turkey,1899,0.671,0.048
45926,Turkey,1900,1.037,0.074
45927,Turkey,1901,0.949,0.068
45928,Turkey,1902,1.048,0.074
45929,Turkey,1903,1.205,0.085
45930,Turkey,1904,1.367,0.096
45931,Turkey,1905,1.532,0.106
45932,Turkey,1906,1.579,0.109
45933,Turkey,1907,1.88,0.129
45934,Turkey,1908,1.722,0.118
45935,Turkey,1909,1.957,0.133
45936,Turkey,1910,1.883,0.128
45937,Turkey,1911,2.228,0.152
45938,Turkey,1912,1.997,0.137
45939,Turkey,1913,2.037,0.141
45940,Turkey,1914,1.663,0.116
45941,Turkey,1915,1.037,0.073
45942,Turkey,1916,0.513,0.036
45943,Turkey,1917,0.392,0.028
45944,Turkey,1918,0.458,0.033
45945,Turkey,1919,0.938,0.068
45946,Turkey,1920,1.403,0.102
45947,Turkey,1921,0.843,0.061
45948,Turkey,1922,1.011,0.073
45949,Turkey,1923,1.473,0.105
45950,Turkey,1924,2.451,0.174
45951,Turkey,1925,2.367,0.167
45952,Turkey,1926,3.008,0.211
45953,Turkey,1927,3.279,0.228
45954,Turkey,1928,3.125,0.216
45955,Turkey,1929,3.55,0.243
45956,Turkey,1930,3.972,0.268
45957,Turkey,1931,3.938,0.262
45958,Turkey,1932,4.001,0.262
45959,Turkey,1933,4.664,0.301
45960,Turkey,1934,5.792,0.367
45961,Turkey,1935,5.935,0.369
45962,Turkey,1936,5.865,0.358
45963,Turkey,1937,4.246,0.255
45964,Turkey,1938,4.634,0.273
45965,Turkey,1939,4.905,0.284
45966,Turkey,1940,5.469,0.311
45967,Turkey,1941,5.619,0.315
45968,Turkey,1942,4.946,0.272
45969,Turkey,1943,6.118,0.331
45970,Turkey,1944,7.023,0.373
45971,Turkey,1945,7.089,0.371
45972,Turkey,1946,7.023,0.361
45973,Turkey,1947,7.477,0.378
45974,Turkey,1948,7.7,0.383
45975,Turkey,1949,7.968,0.388
45976,Turkey,1950,9.488,0.451
45977,Turkey,1951,10.184,0.471
45978,Turkey,1952,10.474,0.47
45979,Turkey,1953,12.965,0.565
45980,Turkey,1954,13.433,0.568
45981,Turkey,1955,13.619,0.56
45982,Turkey,1956,14.359,0.573
45983,Turkey,1957,15.97,0.617
45984,Turkey,1958,16.035,0.6
45985,Turkey,1959,17.192,0.625
45986,Turkey,1960,16.799,0.593
45987,Turkey,1961,17.341,0.596
45988,Turkey,1962,21.605,0.722
45989,Turkey,1963,22.64,0.737
45990,Turkey,1964,26.303,0.834
45991,Turkey,1965,27.353,0.846
45992,Turkey,1966,31.506,0.95
45993,Turkey,1967,33.479,0.983
45994,Turkey,1968,36.265,1.038
45995,Turkey,1969,38.753,1.083
45996,Turkey,1970,42.579,1.162
45997,Turkey,1971,47.638,1.27
45998,Turkey,1972,53.722,1.398
45999,Turkey,1973,59.31,1.508
46000,Turkey,1974,60.929,1.515
46001,Turkey,1975,65.419,1.594
46002,Turkey,1976,73.359,1.751
46003,Turkey,1977,81.121,1.897
46004,Turkey,1978,76.714,1.758
46005,Turkey,1979,75.038,1.686
46006,Turkey,1980,75.212,1.656
46007,Turkey,1981,79.186,1.709
46008,Turkey,1982,86.21,1.822
46009,Turkey,1983,89.812,1.854
46010,Turkey,1984,94.906,1.914
46011,Turkey,1985,105.662,2.085
46012,Turkey,1986,115.618,2.233
46013,Turkey,1987,128.442,2.431
46014,Turkey,1988,124.728,2.314
46015,Turkey,1989,137.57,2.502
46016,Turkey,1990,151.615,2.707
46017,Turkey,1991,158.126,2.774
46018,Turkey,1992,164.065,2.829
46019,Turkey,1993,171.139,2.901
46020,Turkey,1994,167.566,2.791
46021,Turkey,1995,181.355,2.972
46022,Turkey,1996,199.647,3.223
46023,Turkey,1997,212.108,3.375
46024,Turkey,1998,212.135,3.328
46025,Turkey,1999,207.928,3.219
46026,Turkey,2000,229.937,3.514
46027,Turkey,2001,213.581,3.224
46028,Turkey,2002,221.226,3.299
46029,Turkey,2003,236.766,3.49
46030,Turkey,2004,244.769,3.568
46031,Turkey,2005,264.871,3.82
46032,Turkey,2006,282.368,4.031
46033,Turkey,2007,313.693,4.434
46034,Turkey,2008,310.622,4.341
46035,Turkey,2009,316.412,4.366
46036,Turkey,2010,316.193,4.311
46037,Turkey,2011,342.057,4.609
46038,Turkey,2012,356.107,4.736
46039,Turkey,2013,347.332,4.546
46040,Turkey,2014,364.028,4.665
46041,Turkey,2015,384.93,4.811
46042,Turkey,2016,405.95,4.972
46043,Turkey,2017,430.901,5.186
46044,Turkey,2018,422.059,5.0
46045,Turkey,2019,402.692,4.718
46046,Turkey,2020,412.927,4.796
46047,Turkey,2021,452.703,5.222
46048,Turkey,2022,437.305,5.023
46049,Turkey,2023,432.077,4.951
46050,Turkmenistan,1830,0.0,0.0
46051,Turkmenistan,1831,0.0,0.0
46052,Turkmenistan,1832,0.0,0.0
46053,Turkmenistan,1833,0.0,0.0
46054,Turkmenistan,1850,0.001,0.002
46059,Turkmenistan,1855,0.003,0.006
46062,Turkmenistan,1858,0.004,0.008
46063,Turkmenistan,1859,0.004,0.008
46064,Turkmenistan,1860,0.006,0.011
46065,Turkmenistan,1861,0.007,0.014
46066,Turkmenistan,1862,0.007,0.012
46067,Turkmenistan,1863,0.007,0.013
46068,Turkmenistan,1864,0.008,0.014
46069,Turkmenistan,1865,0.007,0.013
46070,Turkmenistan,1866,0.023,0.042
46071,Turkmenistan,1867,0.027,0.048
46072,Turkmenistan,1868,0.022,0.039
46073,Turkmenistan,1869,0.03,0.053
46074,Turkmenistan,1870,0.033,0.057
46075,Turkmenistan,1871,0.044,0.076
46076,Turkmenistan,1872,0.045,0.077
46077,Turkmenistan,1873,0.043,0.072
46078,Turkmenistan,1874,0.052,0.086
46079,Turkmenistan,1875,0.06,0.098
46080,Turkmenistan,1876,0.074,0.121
46081,Turkmenistan,1877,0.076,0.122
46082,Turkmenistan,1878,0.099,0.158
46083,Turkmenistan,1879,0.101,0.161
46084,Turkmenistan,1880,0.119,0.187
46085,Turkmenistan,1881,0.125,0.196
46086,Turkmenistan,1882,0.132,0.204
46087,Turkmenistan,1883,0.15,0.23
46088,Turkmenistan,1884,0.152,0.232
46089,Turkmenistan,1885,0.166,0.25
46090,Turkmenistan,1886,0.17,0.254
46091,Turkmenistan,1887,0.18,0.266
46092,Turkmenistan,1888,0.188,0.275
46093,Turkmenistan,1889,0.203,0.295
46094,Turkmenistan,1890,0.23,0.331
46095,Turkmenistan,1891,0.253,0.361
46096,Turkmenistan,1892,0.268,0.379
46097,Turkmenistan,1893,0.314,0.44
46098,Turkmenistan,1894,0.32,0.444
46099,Turkmenistan,1895,0.367,0.505
46100,Turkmenistan,1896,0.374,0.51
46101,Turkmenistan,1897,0.432,0.584
46102,Turkmenistan,1898,0.485,0.649
46103,Turkmenistan,1899,0.563,0.746
46104,Turkmenistan,1900,0.637,0.838
46105,Turkmenistan,1901,0.654,0.852
46106,Turkmenistan,1902,0.632,0.816
46107,Turkmenistan,1903,0.618,0.791
46108,Turkmenistan,1904,0.688,0.872
46109,Turkmenistan,1905,0.614,0.771
46110,Turkmenistan,1906,0.7,0.871
46111,Turkmenistan,1907,0.784,0.967
46112,Turkmenistan,1908,0.789,0.964
46113,Turkmenistan,1909,0.833,1.009
46114,Turkmenistan,1910,0.817,0.98
46115,Turkmenistan,1911,0.847,1.007
46116,Turkmenistan,1912,0.959,1.131
46117,Turkmenistan,1913,1.042,1.217
46118,Turkmenistan,1914,0.941,1.089
46119,Turkmenistan,1915,0.863,0.99
46120,Turkmenistan,1916,0.92,1.046
46121,Turkmenistan,1917,0.847,0.954
46122,Turkmenistan,1918,0.338,0.377
46123,Turkmenistan,1919,0.288,0.319
46124,Turkmenistan,1920,0.263,0.288
46125,Turkmenistan,1921,0.285,0.31
46126,Turkmenistan,1922,0.348,0.374
46127,Turkmenistan,1923,0.384,0.41
46128,Turkmenistan,1924,0.458,0.484
46129,Turkmenistan,1925,0.452,0.473
46130,Turkmenistan,1926,0.655,0.679
46131,Turkmenistan,1927,0.814,0.837
46132,Turkmenistan,1928,0.891,0.907
46133,Turkmenistan,1929,0.96,0.969
46134,Turkmenistan,1930,1.312,1.312
46135,Turkmenistan,1931,1.578,1.564
46136,Turkmenistan,1932,1.775,1.743
46137,Turkmenistan,1933,1.987,1.934
46138,Turkmenistan,1934,2.401,2.315
46139,Turkmenistan,1935,2.712,2.591
46140,Turkmenistan,1936,3.103,2.938
46141,Turkmenistan,1937,3.178,2.981
46142,Turkmenistan,1938,3.354,3.118
46143,Turkmenistan,1939,3.396,3.128
46144,Turkmenistan,1940,4.071,3.716
46145,Turkmenistan,1941,3.576,3.234
46146,Turkmenistan,1942,1.967,1.763
46147,Turkmenistan,1943,2.053,1.823
46148,Turkmenistan,1944,2.978,2.62
46149,Turkmenistan,1945,3.134,2.733
46150,Turkmenistan,1946,3.51,3.032
46151,Turkmenistan,1947,4.22,3.613
46152,Turkmenistan,1948,4.48,3.8
46153,Turkmenistan,1949,5.089,4.262
46154,Turkmenistan,1950,5.661,4.46
46155,Turkmenistan,1951,6.126,4.734
46156,Turkmenistan,1952,6.559,4.967
46157,Turkmenistan,1953,6.937,5.139
46158,Turkmenistan,1954,7.567,5.474
46159,Turkmenistan,1955,8.58,6.05
46160,Turkmenistan,1956,9.422,6.465
46161,Turkmenistan,1957,10.318,6.881
46162,Turkmenistan,1958,11.026,7.136
46163,Turkmenistan,1959,11.595,7.277
46164,Turkmenistan,1960,12.079,7.35
46165,Turkmenistan,1961,12.477,7.359
46166,Turkmenistan,1962,13.12,7.501
46167,Turkmenistan,1963,14.094,7.812
46168,Turkmenistan,1964,15.01,8.07
46169,Turkmenistan,1965,15.933,8.316
46170,Turkmenistan,1966,16.834,8.538
46171,Turkmenistan,1967,17.622,8.692
46172,Turkmenistan,1968,18.139,8.708
46173,Turkmenistan,1969,18.906,8.838
46174,Turkmenistan,1970,19.872,9.051
46175,Turkmenistan,1971,21.117,9.372
46176,Turkmenistan,1972,22.235,9.62
46177,Turkmenistan,1973,23.196,9.784
46178,Turkmenistan,1974,24.103,9.911
46179,Turkmenistan,1975,25.355,10.164
46180,Turkmenistan,1976,26.328,10.29
46181,Turkmenistan,1977,27.222,10.374
46182,Turkmenistan,1978,28.163,10.465
46183,Turkmenistan,1979,28.391,10.285
46184,Turkmenistan,1980,29.493,10.414
46185,Turkmenistan,1981,28.959,9.961
46186,Turkmenistan,1982,29.504,9.882
46187,Turkmenistan,1983,29.928,9.756
46188,Turkmenistan,1984,30.198,9.574
46189,Turkmenistan,1985,32.545,10.022
46190,Turkmenistan,1986,35.807,10.696
46191,Turkmenistan,1987,36.377,10.536
46192,Turkmenistan,1988,37.188,10.448
46193,Turkmenistan,1989,37.637,10.276
46194,Turkmenistan,1990,33.344,8.867
46195,Turkmenistan,1991,30.425,7.89
46196,Turkmenistan,1992,31.994,8.111
46197,Turkmenistan,1993,27.516,6.824
46198,Turkmenistan,1994,34.216,8.312
46199,Turkmenistan,1995,34.569,8.248
46200,Turkmenistan,1996,31.654,7.424
46201,Turkmenistan,1997,31.196,7.193
46202,Turkmenistan,1998,33.446,7.583
46203,Turkmenistan,1999,39.797,8.859
46204,Turkmenistan,2000,39.361,8.589
46205,Turkmenistan,2001,34.034,7.279
46206,Turkmenistan,2002,30.131,6.317
46207,Turkmenistan,2003,40.568,8.341
46208,Turkmenistan,2004,49.355,9.954
46209,Turkmenistan,2005,47.929,9.487
46210,Turkmenistan,2006,49.5,9.617
46211,Turkmenistan,2007,49.183,9.379
46212,Turkmenistan,2008,59.438,11.12
46213,Turkmenistan,2009,52.462,9.623
46214,Turkmenistan,2010,59.184,10.636
46215,Turkmenistan,2011,65.155,11.464
46216,Turkmenistan,2012,66.939,11.524
46217,Turkmenistan,2013,64.34,10.833
46218,Turkmenistan,2014,62.799,10.337
46219,Turkmenistan,2015,64.323,10.348
46220,Turkmenistan,2016,63.49,9.983
46221,Turkmenistan,2017,63.44,9.749
46222,Turkmenistan,2018,62.756,9.429
46223,Turkmenistan,2019,63.178,9.285
46224,Turkmenistan,2020,64.26,9.246
46225,Turkmenistan,2021,63.435,8.944
46226,Turkmenistan,2022,64.154,8.873
46227,Turkmenistan,2023,63.363,8.604
46368,Turks and Caicos Islands,1990,0.062,5.321
46369,Turks and Caicos Islands,1991,0.062,5.053
46370,Turks and Caicos Islands,1992,0.066,5.078
46371,Turks and Caicos Islands,1993,0.066,4.825
46372,Turks and Caicos Islands,1994,0.07,4.846
46373,Turks and Caicos Islands,1995,0.07,4.619
46374,Turks and Caicos Islands,1996,0.07,4.411
46375,Turks and Caicos Islands,1997,0.084,5.106
46376,Turks and Caicos Islands,1998,0.088,5.102
46377,Turks and Caicos Islands,1999,0.099,5.502
46378,Turks and Caicos Islands,2000,0.11,5.861
46379,Turks and Caicos Islands,2001,0.114,5.795
46380,Turks and Caicos Islands,2002,0.15,7.286
46381,Turks and Caicos Islands,2003,0.158,7.244
46382,Turks and Caicos Islands,2004,0.161,7.046
46383,Turks and Caicos Islands,2005,0.191,7.935
46384,Turks and Caicos Islands,2006,0.216,8.597
46385,Turks and Caicos Islands,2007,0.253,9.617
46386,Turks and Caicos Islands,2008,0.264,9.61
46387,Turks and Caicos Islands,2009,0.275,9.605
46388,Turks and Caicos Islands,2010,0.282,9.479
46389,Turks and Caicos Islands,2011,0.282,9.139
46390,Turks and Caicos Islands,2012,0.282,8.775
46391,Turks and Caicos Islands,2013,0.286,8.487
46392,Turks and Caicos Islands,2014,0.308,8.774
46393,Turks and Caicos Islands,2015,0.311,8.502
46394,Turks and Caicos Islands,2016,0.33,8.6
46395,Turks and Caicos Islands,2017,0.352,8.809
46396,Turks and Caicos Islands,2018,0.363,8.724
46397,Turks and Caicos Islands,2019,0.363,8.399
46398,Turks and Caicos Islands,2020,0.359,8.086
46399,Turks and Caicos Islands,2021,0.366,8.095
46400,Turks and Caicos Islands,2022,0.355,7.745
46401,Turks and Caicos Islands,2023,0.371,8.018
46642,Tuvalu,1990,0.004,0.415
46643,Tuvalu,1991,0.004,0.409
46644,Tuvalu,1992,0.004,0.404
46645,Tuvalu,1993,0.004,0.401
46646,Tuvalu,1994,0.004,0.397
46647,Tuvalu,1995,0.004,0.394
46648,Tuvalu,1996,0.004,0.391
46649,Tuvalu,1997,0.004,0.389
46650,Tuvalu,1998,0.011,1.161
46651,Tuvalu,1999,0.011,1.155
46652,Tuvalu,2000,0.007,0.766
46653,Tuvalu,2001,0.011,1.144
46654,Tuvalu,2002,0.011,1.14
46655,Tuvalu,2003,0.011,1.131
46656,Tuvalu,2004,0.011,1.117
46657,Tuvalu,2005,0.011,1.103
46658,Tuvalu,2006,0.011,1.091
46659,Tuvalu,2007,0.011,1.077
46660,Tuvalu,2008,0.011,1.063
46661,Tuvalu,2009,0.011,1.049
46662,Tuvalu,2010,0.011,1.034
46663,Tuvalu,2011,0.011,1.017
46664,Tuvalu,2012,0.011,1.003
46665,Tuvalu,2013,0.011,0.997
46666,Tuvalu,2014,0.011,0.999
46667,Tuvalu,2015,0.011,1.001
46668,Tuvalu,2016,0.011,1.004
46669,Tuvalu,2017,0.011,1.009
46670,Tuvalu,2018,0.011,1.02
46671,Tuvalu,2019,0.011,1.037
46672,Tuvalu,2020,0.011,1.055
46673,Tuvalu,2021,0.011,1.076
46674,Tuvalu,2022,0.011,1.124
46675,Tuvalu,2023,0.012,1.169
46776,Uganda,1950,0.106,0.018
46777,Uganda,1951,0.139,0.024
46778,Uganda,1952,0.143,0.024
46779,Uganda,1953,0.209,0.033
46780,Uganda,1954,0.22,0.034
46781,Uganda,1955,0.264,0.04
46782,Uganda,1956,0.264,0.039
46783,Uganda,1957,0.278,0.04
46784,Uganda,1958,0.293,0.041
46785,Uganda,1959,0.414,0.056
46786,Uganda,1960,0.421,0.055
46787,Uganda,1961,0.406,0.052
46788,Uganda,1962,0.428,0.053
46789,Uganda,1963,0.432,0.052
46790,Uganda,1964,0.491,0.057
46791,Uganda,1965,0.626,0.071
46792,Uganda,1966,0.732,0.08
46793,Uganda,1967,0.809,0.086
46794,Uganda,1968,0.981,0.101
46795,Uganda,1969,1.175,0.117
46796,Uganda,1970,1.443,0.14
46797,Uganda,1971,1.438,0.135
46798,Uganda,1972,1.378,0.127
46799,Uganda,1973,1.176,0.106
46800,Uganda,1974,1.19,0.104
46801,Uganda,1975,1.129,0.096
46802,Uganda,1976,0.985,0.082
46803,Uganda,1977,0.802,0.065
46804,Uganda,1978,0.695,0.055
46805,Uganda,1979,0.671,0.052
46806,Uganda,1980,0.626,0.047
46807,Uganda,1981,0.527,0.039
46808,Uganda,1982,0.545,0.039
46809,Uganda,1983,0.614,0.043
46810,Uganda,1984,0.58,0.04
46811,Uganda,1985,0.617,0.041
46812,Uganda,1986,0.702,0.045
46813,Uganda,1987,0.769,0.048
46814,Uganda,1988,0.863,0.052
46815,Uganda,1989,0.8,0.047
46816,Uganda,1990,0.761,0.043
46817,Uganda,1991,0.78,0.043
46818,Uganda,1992,0.798,0.042
46819,Uganda,1993,0.797,0.041
46820,Uganda,1994,0.708,0.035
46821,Uganda,1995,0.925,0.045
46822,Uganda,1996,1.018,0.048
46823,Uganda,1997,1.062,0.049
46824,Uganda,1998,1.209,0.054
46825,Uganda,1999,1.255,0.054
46826,Uganda,2000,1.361,0.057
46827,Uganda,2001,1.417,0.057
46828,Uganda,2002,1.446,0.057
46829,Uganda,2003,1.513,0.057
46830,Uganda,2004,1.607,0.059
46831,Uganda,2005,2.018,0.072
46832,Uganda,2006,2.383,0.083
46833,Uganda,2007,2.71,0.091
46834,Uganda,2008,2.78,0.091
46835,Uganda,2009,3.0,0.095
46836,Uganda,2010,3.57,0.11
46837,Uganda,2011,3.824,0.115
46838,Uganda,2012,3.627,0.106
46839,Uganda,2013,3.755,0.106
46840,Uganda,2014,4.09,0.112
46841,Uganda,2015,4.526,0.121
46842,Uganda,2016,4.817,0.124
46843,Uganda,2017,5.409,0.135
46844,Uganda,2018,5.549,0.134
46845,Uganda,2019,5.761,0.134
46846,Uganda,2020,5.571,0.125
46847,Uganda,2021,6.167,0.134
46848,Uganda,2022,5.638,0.119
46849,Uganda,2023,5.614,0.115
46850,Ukraine,1830,0.004,0.0
46851,Ukraine,1831,0.004,0.0
46852,Ukraine,1832,0.003,0.0
46853,Ukraine,1833,0.004,0.0
46854,Ukraine,1850,0.022,0.001
46859,Ukraine,1855,0.067,0.004
46862,Ukraine,1858,0.094,0.006
46863,Ukraine,1859,0.099,0.006
46864,Ukraine,1860,0.131,0.008
46865,Ukraine,1861,0.167,0.01
46866,Ukraine,1862,0.151,0.009
46867,Ukraine,1863,0.158,0.009
46868,Ukraine,1864,0.177,0.011
46869,Ukraine,1865,0.169,0.01
46870,Ukraine,1866,0.534,0.031
46871,Ukraine,1867,0.613,0.035
46872,Ukraine,1868,0.51,0.029
46873,Ukraine,1869,0.692,0.039
46874,Ukraine,1870,0.751,0.042
46875,Ukraine,1871,1.014,0.057
46876,Ukraine,1872,1.041,0.058
46877,Ukraine,1873,0.977,0.053
46878,Ukraine,1874,1.186,0.064
46879,Ukraine,1875,1.365,0.073
46880,Ukraine,1876,1.695,0.09
46881,Ukraine,1877,1.729,0.091
46882,Ukraine,1878,2.26,0.118
46883,Ukraine,1879,2.319,0.12
46884,Ukraine,1880,2.721,0.14
46885,Ukraine,1881,2.865,0.146
46886,Ukraine,1882,3.018,0.152
46887,Ukraine,1883,3.435,0.171
46888,Ukraine,1884,3.488,0.172
46889,Ukraine,1885,3.799,0.186
46890,Ukraine,1886,3.896,0.189
46891,Ukraine,1887,4.123,0.198
46892,Ukraine,1888,4.301,0.205
46893,Ukraine,1889,4.645,0.219
46894,Ukraine,1890,5.26,0.246
46895,Ukraine,1891,5.791,0.268
46896,Ukraine,1892,6.13,0.281
46897,Ukraine,1893,7.185,0.327
46898,Ukraine,1894,7.318,0.33
46899,Ukraine,1895,8.409,0.375
46900,Ukraine,1896,8.56,0.378
46901,Ukraine,1897,9.897,0.433
46902,Ukraine,1898,11.1,0.482
46903,Ukraine,1899,12.877,0.554
46904,Ukraine,1900,14.588,0.621
46905,Ukraine,1901,14.976,0.632
46906,Ukraine,1902,14.465,0.605
46907,Ukraine,1903,14.149,0.586
46908,Ukraine,1904,15.742,0.646
46909,Ukraine,1905,14.052,0.571
46910,Ukraine,1906,16.028,0.646
46911,Ukraine,1907,17.953,0.716
46912,Ukraine,1908,18.063,0.714
46913,Ukraine,1909,19.067,0.747
46914,Ukraine,1910,18.699,0.726
46915,Ukraine,1911,19.387,0.745
46916,Ukraine,1912,21.961,0.837
46917,Ukraine,1913,23.857,0.9
46918,Ukraine,1914,21.531,0.805
46919,Ukraine,1915,19.763,0.732
46920,Ukraine,1916,21.064,0.773
46921,Ukraine,1917,19.386,0.705
46922,Ukraine,1918,7.731,0.279
46923,Ukraine,1919,6.603,0.236
46924,Ukraine,1920,6.022,0.213
46925,Ukraine,1921,6.53,0.229
46926,Ukraine,1922,7.964,0.277
46927,Ukraine,1923,8.798,0.303
46928,Ukraine,1924,10.481,0.358
46929,Ukraine,1925,10.345,0.35
46930,Ukraine,1926,14.989,0.502
46931,Ukraine,1927,18.635,0.619
46932,Ukraine,1928,20.702,0.681
46933,Ukraine,1929,22.295,0.727
46934,Ukraine,1930,30.312,0.979
46935,Ukraine,1931,36.416,1.165
46936,Ukraine,1932,41.027,1.301
46937,Ukraine,1933,45.85,1.441
46938,Ukraine,1934,55.461,1.727
46939,Ukraine,1935,62.777,1.937
46940,Ukraine,1936,71.985,2.201
46941,Ukraine,1937,73.608,2.23
46942,Ukraine,1938,77.69,2.332
46943,Ukraine,1939,78.643,2.339
46944,Ukraine,1940,94.29,2.779
46945,Ukraine,1941,82.833,2.419
46946,Ukraine,1942,45.032,1.303
46947,Ukraine,1943,46.998,1.348
46948,Ukraine,1944,68.155,1.937
46949,Ukraine,1945,72.161,2.032
46950,Ukraine,1946,81.1,2.263
46951,Ukraine,1947,97.66,2.7
46952,Ukraine,1948,103.922,2.847
46953,Ukraine,1949,118.135,3.203
46954,Ukraine,1950,131.685,3.529
46955,Ukraine,1951,142.722,3.775
46956,Ukraine,1952,152.833,3.99
46957,Ukraine,1953,161.689,4.167
46958,Ukraine,1954,176.593,4.491
46959,Ukraine,1955,200.239,5.024
46960,Ukraine,1956,219.531,5.431
46961,Ukraine,1957,240.223,5.859
46962,Ukraine,1958,256.387,6.159
46963,Ukraine,1959,269.533,6.38
46964,Ukraine,1960,280.582,6.552
46965,Ukraine,1961,289.294,6.666
46966,Ukraine,1962,303.549,6.908
46967,Ukraine,1963,325.498,7.321
46968,Ukraine,1964,346.127,7.7
46969,Ukraine,1965,367.122,8.089
46970,Ukraine,1966,387.648,8.463
46971,Ukraine,1967,405.275,8.769
46972,Ukraine,1968,416.593,8.937
46973,Ukraine,1969,433.821,9.235
46974,Ukraine,1970,456.317,9.655
46975,Ukraine,1971,484.203,10.178
46976,Ukraine,1972,509.439,10.625
46977,Ukraine,1973,530.912,10.997
46978,Ukraine,1974,551.068,11.344
46979,Ukraine,1975,579.228,11.854
46980,Ukraine,1976,601.509,12.245
46981,Ukraine,1977,621.92,12.606
46982,Ukraine,1978,643.209,12.989
46983,Ukraine,1979,648.547,13.044
46984,Ukraine,1980,674.117,13.494
46985,Ukraine,1981,661.046,13.171
46986,Ukraine,1982,673.577,13.364
46987,Ukraine,1983,683.055,13.489
46988,Ukraine,1984,689.077,13.541
46989,Ukraine,1985,743.415,14.546
46990,Ukraine,1986,740.504,14.43
46991,Ukraine,1987,733.884,14.246
46992,Ukraine,1988,727.315,14.061
46993,Ukraine,1989,683.654,13.168
46994,Ukraine,1990,706.227,13.567
46995,Ukraine,1991,632.924,12.132
46996,Ukraine,1992,589.283,11.262
46997,Ukraine,1993,510.32,9.748
46998,Ukraine,1994,419.492,8.055
46999,Ukraine,1995,390.072,7.55
47000,Ukraine,1996,351.77,6.867
47001,Ukraine,1997,340.514,6.705
47002,Ukraine,1998,328.808,6.527
47003,Ukraine,1999,298.579,5.974
47004,Ukraine,2000,285.674,5.765
47005,Ukraine,2001,303.891,6.188
47006,Ukraine,2002,295.901,6.079
47007,Ukraine,2003,307.245,6.359
47008,Ukraine,2004,310.626,6.474
47009,Ukraine,2005,313.531,6.589
47010,Ukraine,2006,333.062,7.045
47011,Ukraine,2007,336.82,7.157
47012,Ukraine,2008,325.983,6.963
47013,Ukraine,2009,277.593,5.954
47014,Ukraine,2010,294.366,6.336
47015,Ukraine,2011,308.376,6.659
47016,Ukraine,2012,304.424,6.588
47017,Ukraine,2013,297.479,6.449
47018,Ukraine,2014,257.639,5.604
47019,Ukraine,2015,223.788,4.888
47020,Ukraine,2016,233.961,5.129
47021,Ukraine,2017,223.081,4.91
47022,Ukraine,2018,231.664,5.124
47023,Ukraine,2019,221.943,4.937
47024,Ukraine,2020,206.824,4.629
47025,Ukraine,2021,210.153,4.744
47026,Ukraine,2022,141.126,3.438
47027,Ukraine,2023,136.461,3.616
47237,United Arab Emirates,1959,0.011,0.088
47238,United Arab Emirates,1960,0.011,0.084
47239,United Arab Emirates,1961,0.011,0.08
47240,United Arab Emirates,1962,0.018,0.126
47241,United Arab Emirates,1963,0.022,0.144
47242,United Arab Emirates,1964,0.018,0.115
47243,United Arab Emirates,1965,0.022,0.132
47244,United Arab Emirates,1966,0.026,0.147
47245,United Arab Emirates,1967,0.916,5.097
47246,United Arab Emirates,1968,1.242,6.228
47247,United Arab Emirates,1969,20.507,85.563
47248,United Arab Emirates,1970,15.235,53.167
47249,United Arab Emirates,1971,21.167,63.177
47250,United Arab Emirates,1972,23.435,60.866
47251,United Arab Emirates,1973,30.605,70.13
47252,United Arab Emirates,1974,31.302,63.999
47253,United Arab Emirates,1975,31.045,57.187
47254,United Arab Emirates,1976,39.617,64.327
47255,United Arab Emirates,1977,38.751,54.563
47256,United Arab Emirates,1978,44.754,55.3
47257,United Arab Emirates,1979,36.546,40.072
47258,United Arab Emirates,1980,36.823,36.254
47259,United Arab Emirates,1981,36.767,33.429
47260,United Arab Emirates,1982,36.753,31.51
47261,United Arab Emirates,1983,35.22,28.511
47262,United Arab Emirates,1984,46.156,35.341
47263,United Arab Emirates,1985,49.653,36.034
47264,United Arab Emirates,1986,47.03,32.05
47265,United Arab Emirates,1987,47.45,30.141
47266,United Arab Emirates,1988,48.096,28.598
47267,United Arab Emirates,1989,54.186,30.274
47268,United Arab Emirates,1990,51.704,27.238
47269,United Arab Emirates,1991,56.673,28.243
47270,United Arab Emirates,1992,57.757,27.312
47271,United Arab Emirates,1993,65.566,29.506
47272,United Arab Emirates,1994,75.011,32.218
47273,United Arab Emirates,1995,72.464,29.763
47274,United Arab Emirates,1996,75.412,29.032
47275,United Arab Emirates,1997,72.92,25.882
47276,United Arab Emirates,1998,80.106,26.347
47277,United Arab Emirates,1999,77.316,23.673
47278,United Arab Emirates,2000,111.813,32.005
47279,United Arab Emirates,2001,101.418,27.237
47280,United Arab Emirates,2002,84.649,21.393
47281,United Arab Emirates,2003,106.443,25.389
47282,United Arab Emirates,2004,111.703,25.221
47283,United Arab Emirates,2005,114.399,24.524
47284,United Arab Emirates,2006,121.705,24.297
47285,United Arab Emirates,2007,133.125,23.668
47286,United Arab Emirates,2008,153.684,24.384
47287,United Arab Emirates,2009,168.013,25.05
47288,United Arab Emirates,2010,184.842,26.641
47289,United Arab Emirates,2011,197.573,27.443
47290,United Arab Emirates,2012,207.392,27.663
47291,United Arab Emirates,2013,213.335,27.239
47292,United Arab Emirates,2014,209.98,25.493
47293,United Arab Emirates,2015,225.684,26.017
47294,United Arab Emirates,2016,226.605,25.092
47295,United Arab Emirates,2017,212.913,23.057
47296,United Arab Emirates,2018,209.702,22.436
47297,United Arab Emirates,2019,219.776,23.436
47298,United Arab Emirates,2020,217.38,23.007
47299,United Arab Emirates,2021,216.232,22.089
47300,United Arab Emirates,2022,225.977,22.064
47301,United Arab Emirates,2023,229.384,21.554
47302,United Kingdom,1750,9.306,1.002
47312,United Kingdom,1760,10.514,1.07
47322,United Kingdom,1770,13.097,1.263
47332,United Kingdom,1780,15.879,1.452
47342,United Kingdom,1790,20.394,1.771
47352,United Kingdom,1800,31.34,2.915
47353,United Kingdom,1801,30.737,2.829
47354,United Kingdom,1802,30.377,2.766
47355,United Kingdom,1803,28.241,2.544
47356,United Kingdom,1804,27.79,2.476
47357,United Kingdom,1805,29.295,2.583
47358,United Kingdom,1806,30.909,2.696
47359,United Kingdom,1807,32.584,2.811
47360,United Kingdom,1808,33.702,2.877
47361,United Kingdom,1809,34.523,2.915
47362,United Kingdom,1810,35.402,2.872
47363,United Kingdom,1811,36.155,2.819
47364,United Kingdom,1812,36.742,2.728
47365,United Kingdom,1813,37.36,2.619
47366,United Kingdom,1814,38.182,2.528
47367,United Kingdom,1815,39.019,2.439
47368,United Kingdom,1816,39.265,2.318
47369,United Kingdom,1817,41.766,2.328
47370,United Kingdom,1818,43.769,2.304
47371,United Kingdom,1819,43.316,2.174
47372,United Kingdom,1820,42.567,2.056
47373,United Kingdom,1821,43.493,2.039
47374,United Kingdom,1822,45.074,2.068
47375,United Kingdom,1823,46.676,2.115
47376,United Kingdom,1824,48.137,2.153
47377,United Kingdom,1825,49.564,2.189
47378,United Kingdom,1826,50.102,2.184
47379,United Kingdom,1827,52.048,2.24
47380,United Kingdom,1828,52.63,2.236
47381,United Kingdom,1829,53.243,2.235
47382,United Kingdom,1830,67.724,2.81
47383,United Kingdom,1831,64.486,2.645
47384,United Kingdom,1832,62.559,2.539
47385,United Kingdom,1833,61.925,2.487
47386,United Kingdom,1834,65.802,2.616
47387,United Kingdom,1835,72.197,2.841
47388,United Kingdom,1836,78.545,3.059
47389,United Kingdom,1837,75.254,2.901
47390,United Kingdom,1838,73.586,2.808
47391,United Kingdom,1839,75.786,2.868
47392,United Kingdom,1840,80.791,3.036
47393,United Kingdom,1841,81.33,3.041
47394,United Kingdom,1842,85.193,3.175
47395,United Kingdom,1843,88.57,3.296
47396,United Kingdom,1844,93.955,3.49
47397,United Kingdom,1845,99.778,3.701
47398,United Kingdom,1846,95.494,3.536
47399,United Kingdom,1847,101.823,3.764
47400,United Kingdom,1848,108.978,4.022
47401,United Kingdom,1849,117.35,4.32
47402,United Kingdom,1850,122.35,4.489
47403,United Kingdom,1851,116.411,4.253
47404,United Kingdom,1852,115.998,4.216
47405,United Kingdom,1853,115.358,4.167
47406,United Kingdom,1854,139.012,4.992
47407,United Kingdom,1855,130.169,4.646
47408,United Kingdom,1856,140.081,4.969
47409,United Kingdom,1857,137.573,4.851
47410,United Kingdom,1858,134.833,4.725
47411,United Kingdom,1859,149.703,5.213
47412,United Kingdom,1860,167.95,5.807
47413,United Kingdom,1861,175.048,6.008
47414,United Kingdom,1862,169.471,5.771
47415,United Kingdom,1863,180.225,6.086
47416,United Kingdom,1864,193.91,6.494
47417,United Kingdom,1865,205.488,6.825
47418,United Kingdom,1866,211.732,6.974
47419,United Kingdom,1867,217.374,7.101
47420,United Kingdom,1868,213.219,6.907
47421,United Kingdom,1869,223.706,7.185
47422,United Kingdom,1870,228.494,7.274
47423,United Kingdom,1871,242.037,7.635
47424,United Kingdom,1872,254.989,7.967
47425,United Kingdom,1873,264.658,8.189
47426,United Kingdom,1874,257.187,7.881
47427,United Kingdom,1875,271.488,8.238
47428,United Kingdom,1876,271.019,8.144
47429,United Kingdom,1877,275.899,8.211
47430,United Kingdom,1878,270.975,7.986
47431,United Kingdom,1879,272.646,7.96
47432,United Kingdom,1880,297.125,8.597
47433,United Kingdom,1881,312.312,8.959
47434,United Kingdom,1882,314.965,8.961
47435,United Kingdom,1883,327.73,9.25
47436,United Kingdom,1884,319.098,8.936
47437,United Kingdom,1885,315.291,8.759
47438,United Kingdom,1886,312.429,8.611
47439,United Kingdom,1887,320.442,8.763
47440,United Kingdom,1888,333.168,9.039
47441,United Kingdom,1889,345.024,9.284
47442,United Kingdom,1890,353.023,9.419
47443,United Kingdom,1891,360.472,9.534
47444,United Kingdom,1892,353.008,9.252
47445,United Kingdom,1893,316.211,8.211
47446,United Kingdom,1894,362.102,9.316
47447,United Kingdom,1895,365.55,9.317
47448,United Kingdom,1896,375.981,9.494
47449,United Kingdom,1897,385.969,9.656
47450,United Kingdom,1898,386.878,9.589
47451,United Kingdom,1899,414.552,10.181
47452,United Kingdom,1900,419.741,10.215
47453,United Kingdom,1901,410.701,9.906
47454,United Kingdom,1902,426.64,10.2
47455,United Kingdom,1903,429.985,10.191
47456,United Kingdom,1904,431.993,10.15
47457,United Kingdom,1905,437.672,10.194
47458,United Kingdom,1906,453.35,10.467
47459,United Kingdom,1907,473.568,10.839
47460,United Kingdom,1908,461.964,10.482
47461,United Kingdom,1909,466.086,10.493
47462,United Kingdom,1910,469.732,10.503
47463,United Kingdom,1911,481.351,10.699
47464,United Kingdom,1912,455.886,10.082
47465,United Kingdom,1913,498.322,10.975
47466,United Kingdom,1914,483.183,10.598
47467,United Kingdom,1915,489.481,10.692
47468,United Kingdom,1916,507.072,11.03
47469,United Kingdom,1917,501.169,10.857
47470,United Kingdom,1918,466.849,10.072
47471,United Kingdom,1919,456.131,9.812
47472,United Kingdom,1920,480.472,10.318
47473,United Kingdom,1921,332.188,7.131
47474,United Kingdom,1922,439.608,9.444
47475,United Kingdom,1923,466.067,10.034
47476,United Kingdom,1924,488.24,10.533
47477,United Kingdom,1925,460.999,9.965
47478,United Kingdom,1926,261.066,5.655
47479,United Kingdom,1927,481.344,10.448
47480,United Kingdom,1928,454.453,9.885
47481,United Kingdom,1929,478.206,10.408
47482,United Kingdom,1930,460.805,10.022
47483,United Kingdom,1931,430.979,9.353
47484,United Kingdom,1932,414.565,8.964
47485,United Kingdom,1933,412.269,8.87
47486,United Kingdom,1934,445.277,9.532
47487,United Kingdom,1935,451.206,9.61
47488,United Kingdom,1936,476.535,10.099
47489,United Kingdom,1937,491.703,10.368
47490,United Kingdom,1938,472.756,9.919
47491,United Kingdom,1939,474.289,9.904
47492,United Kingdom,1940,500.083,10.395
47493,United Kingdom,1941,499.796,10.344
47494,United Kingdom,1942,492.996,10.162
47495,United Kingdom,1943,490.219,10.065
47496,United Kingdom,1944,489.67,10.015
47497,United Kingdom,1945,453.074,9.231
47498,United Kingdom,1946,464.412,9.426
47499,United Kingdom,1947,485.232,9.81
47500,United Kingdom,1948,503.51,10.14
47501,United Kingdom,1949,507.552,10.181
47502,United Kingdom,1950,500.792,9.992
47503,United Kingdom,1951,545.253,10.83
47504,United Kingdom,1952,528.706,10.47
47505,United Kingdom,1953,540.211,10.649
47506,United Kingdom,1954,553.01,10.852
47507,United Kingdom,1955,576.952,11.274
47508,United Kingdom,1956,574.324,11.174
47509,United Kingdom,1957,570.714,11.048
47510,United Kingdom,1958,556.316,10.712
47511,United Kingdom,1959,546.606,10.466
47512,United Kingdom,1960,584.02,11.116
47513,United Kingdom,1961,588.615,11.13
47514,United Kingdom,1962,592.932,11.13
47515,United Kingdom,1963,603.386,11.246
47516,United Kingdom,1964,607.866,11.255
47517,United Kingdom,1965,622.112,11.444
47518,United Kingdom,1966,618.075,11.304
47519,United Kingdom,1967,592.057,10.77
47520,United Kingdom,1968,606.488,10.979
47521,United Kingdom,1969,628.383,11.331
47522,United Kingdom,1970,652.577,11.724
47523,United Kingdom,1971,660.388,11.816
47524,United Kingdom,1972,648.026,11.556
47525,United Kingdom,1973,659.577,11.739
47526,United Kingdom,1974,617.184,10.977
47527,United Kingdom,1975,603.247,10.73
47528,United Kingdom,1976,598.526,10.65
47529,United Kingdom,1977,604.362,10.758
47530,United Kingdom,1978,604.714,10.765
47531,United Kingdom,1979,644.513,11.464
47532,United Kingdom,1980,579.035,10.288
47533,United Kingdom,1981,560.555,9.956
47534,United Kingdom,1982,548.24,9.739
47535,United Kingdom,1983,545.485,9.683
47536,United Kingdom,1984,529.108,9.373
47537,United Kingdom,1985,559.627,9.886
47538,United Kingdom,1986,568.554,10.018
47539,United Kingdom,1987,571.668,10.049
47540,United Kingdom,1988,570.294,10.0
47541,United Kingdom,1989,581.576,10.171
47542,United Kingdom,1990,601.945,10.493
47543,United Kingdom,1991,609.413,10.588
47544,United Kingdom,1992,593.846,10.289
47545,United Kingdom,1993,579.613,10.017
47546,United Kingdom,1994,574.017,9.896
47547,United Kingdom,1995,566.159,9.735
47548,United Kingdom,1996,586.761,10.065
47549,United Kingdom,1997,562.708,9.628
47550,United Kingdom,1998,568.544,9.698
47551,United Kingdom,1999,561.65,9.546
47552,United Kingdom,2000,569.034,9.635
47553,United Kingdom,2001,577.971,9.749
47554,United Kingdom,2002,560.273,9.41
47555,United Kingdom,2003,571.619,9.556
47556,United Kingdom,2004,573.43,9.53
47557,United Kingdom,2005,570.338,9.412
47558,United Kingdom,2006,567.846,9.301
47559,United Kingdom,2007,559.566,9.093
47560,United Kingdom,2008,544.932,8.785
47561,United Kingdom,2009,494.108,7.905
47562,United Kingdom,2010,511.905,8.125
47563,United Kingdom,2011,469.713,7.396
47564,United Kingdom,2012,487.477,7.622
47565,United Kingdom,2013,477.611,7.418
47566,United Kingdom,2014,438.807,6.765
47567,United Kingdom,2015,422.461,6.461
47568,United Kingdom,2016,399.43,6.062
47569,United Kingdom,2017,387.367,5.838
47570,United Kingdom,2018,379.73,5.689
47571,United Kingdom,2019,364.753,5.435
47572,United Kingdom,2020,326.263,4.844
47573,United Kingdom,2021,344.51,5.091
47574,United Kingdom,2022,313.835,4.603
47575,United Kingdom,2023,305.146,4.443
47576,United States,1800,0.253,0.042
47577,United States,1801,0.267,0.044
47578,United States,1802,0.289,0.046
47579,United States,1803,0.297,0.047
47580,United States,1804,0.333,0.052
47581,United States,1805,0.341,0.052
47582,United States,1806,0.333,0.05
47583,United States,1807,0.377,0.055
47584,United States,1808,0.392,0.056
47585,United States,1809,0.403,0.057
47586,United States,1810,0.418,0.057
47587,United States,1811,0.447,0.06
47588,United States,1812,0.484,0.063
47589,United States,1813,0.52,0.065
47590,United States,1814,0.561,0.068
47591,United States,1815,0.601,0.071
47592,United States,1816,0.663,0.075
47593,United States,1817,0.718,0.079
47594,United States,1818,0.78,0.083
47595,United States,1819,0.762,0.079
47596,United States,1820,0.791,0.079
47597,United States,1821,0.828,0.081
47598,United States,1822,0.865,0.082
47599,United States,1823,0.901,0.083
47600,United States,1824,1.015,0.091
47601,United States,1825,1.136,0.099
47602,United States,1826,1.315,0.111
47603,United States,1827,1.447,0.119
47604,United States,1828,1.594,0.127
47605,United States,1829,1.795,0.139
47606,United States,1830,2.088,0.158
47607,United States,1831,2.264,0.166
47608,United States,1832,3.023,0.216
47609,United States,1833,3.528,0.245
47610,United States,1834,3.382,0.229
47611,United States,1835,4.316,0.284
47612,United States,1836,4.73,0.303
47613,United States,1837,5.305,0.33
47614,United States,1838,5.031,0.305
47615,United States,1839,5.518,0.325
47616,United States,1840,5.873,0.336
47617,United States,1841,6.214,0.345
47618,United States,1842,6.918,0.373
47619,United States,1843,7.764,0.406
47620,United States,1844,9.307,0.472
47621,United States,1845,11.205,0.552
47622,United States,1846,12.71,0.608
47623,United States,1847,15.07,0.699
47624,United States,1848,16.785,0.755
47625,United States,1849,18.221,0.796
47626,United States,1850,19.793,0.839
47627,United States,1851,24.633,1.013
47628,United States,1852,26.791,1.07
47629,United States,1853,30.162,1.169
47630,United States,1854,33.159,1.248
47631,United States,1855,38.161,1.394
47632,United States,1856,40.037,1.42
47633,United States,1857,41.055,1.414
47634,United States,1858,41.649,1.393
47635,United States,1859,45.32,1.473
47636,United States,1860,47.438,1.501
47637,United States,1861,45.679,1.409
47638,United States,1862,47.449,1.429
47639,United States,1863,54.81,1.613
47640,United States,1864,58.657,1.687
47641,United States,1865,58.822,1.653
47642,United States,1866,59.232,1.627
47643,United States,1867,72.866,1.956
47644,United States,1868,82.352,2.16
47645,United States,1869,93.696,2.402
47646,United States,1870,98.62,2.472
47647,United States,1871,103.021,2.524
47648,United States,1872,126.305,3.027
47649,United States,1873,139.507,3.269
47650,United States,1874,134.297,3.078
47651,United States,1875,135.748,3.043
47652,United States,1876,132.82,2.912
47653,United States,1877,147.176,3.156
47654,United States,1878,143.904,3.018
47655,United States,1879,175.469,3.599
47656,United States,1880,198.684,3.986
47657,United States,1881,210.193,4.124
47658,United States,1882,235.394,4.517
47659,United States,1883,253.883,4.765
47660,United States,1884,267.59,4.912
47661,United States,1885,272.162,4.886
47662,United States,1886,287.463,5.047
47663,United States,1887,307.381,5.278
47664,United States,1888,373.875,6.278
47665,United States,1889,335.542,5.515
47666,United States,1890,401.747,6.468
47667,United States,1891,427.425,6.746
47668,United States,1892,450.449,6.975
47669,United States,1893,454.095,6.903
47670,United States,1894,425.05,6.344
47671,United States,1895,479.948,7.033
47672,United States,1896,480.882,6.919
47673,United States,1897,500.287,7.067
47674,United States,1898,545.321,7.563
47675,United States,1899,625.534,8.517
47676,United States,1900,662.738,8.857
47677,United States,1901,721.528,9.463
47678,United States,1902,764.496,9.839
47679,United States,1903,894.407,11.295
47680,United States,1904,882.058,10.929
47681,United States,1905,986.482,11.993
47682,United States,1906,1035.471,12.352
47683,United States,1907,1203.861,14.091
47684,United States,1908,1052.813,12.091
47685,United States,1909,1165.706,13.15
47686,United States,1910,1271.582,14.105
47687,United States,1911,1258.667,13.743
47688,United States,1912,1343.566,14.455
47689,United States,1913,1442.542,15.309
47690,United States,1914,1317.98,13.796
47691,United States,1915,1367.697,14.121
47692,United States,1916,1518.981,15.469
47693,United States,1917,1670.971,16.785
47694,United States,1918,1747.718,17.309
47695,United States,1919,1479.159,14.442
47696,United States,1920,1738.246,16.73
47697,United States,1921,1423.669,13.506
47698,United States,1922,1435.758,13.425
47699,United States,1923,1896.736,17.478
47700,United States,1924,1698.32,15.423
47701,United States,1925,1758.185,15.736
47702,United States,1926,1906.048,16.812
47703,United States,1927,1862.839,16.193
47704,United States,1928,1830.965,15.685
47705,United States,1929,1963.506,16.603
47706,United States,1930,1744.916,14.586
47707,United States,1931,1484.959,12.29
47708,United States,1932,1257.814,10.322
47709,United States,1933,1348.877,10.992
47710,United States,1934,1436.239,11.622
47711,United States,1935,1492.321,11.991
47712,United States,1936,1713.412,13.672
47713,United States,1937,1792.61,14.204
47714,United States,1938,1515.75,11.927
47715,United States,1939,1670.92,13.038
47716,United States,1940,1874.985,14.488
47717,United States,1941,2043.585,15.616
47718,United States,1942,2198.265,16.59
47719,United States,1943,2272.059,16.911
47720,United States,1944,2444.904,17.948
47721,United States,1945,2359.552,17.084
47722,United States,1946,2257.494,16.121
47723,United States,1947,2485.854,17.509
47724,United States,1948,2582.559,17.94
47725,United States,1949,2164.862,14.823
47726,United States,1950,2541.485,16.481
47727,United States,1951,2618.711,16.735
47728,United States,1952,2551.219,16.066
47729,United States,1953,2612.971,16.213
47730,United States,1954,2489.462,15.213
47731,United States,1955,2728.512,16.417
47732,United States,1956,2859.995,16.941
47733,United States,1957,2835.772,16.535
47734,United States,1958,2747.108,15.768
47735,United States,1959,2831.923,15.986
47736,United States,1960,2897.315,16.072
47737,United States,1961,2886.873,15.733
47738,United States,1962,2993.902,16.034
47739,United States,1963,3126.488,16.47
47740,United States,1964,3264.313,16.929
47741,United States,1965,3399.547,17.375
47742,United States,1966,3571.421,18.013
47743,United States,1967,3705.461,18.463
47744,United States,1968,3840.919,18.92
47745,United States,1969,4035.145,19.655
47746,United States,1970,4339.686,20.884
47747,United States,1971,4365.465,20.746
47748,United States,1972,4573.015,21.485
47749,United States,1973,4785.434,22.257
47750,United States,1974,4621.419,21.289
47751,United States,1975,4478.563,20.438
47752,United States,1976,4748.111,21.468
47753,United States,1977,4889.953,21.903
47754,United States,1978,4941.708,21.925
47755,United States,1979,5008.956,22.01
47756,United States,1980,4808.877,20.921
47757,United States,1981,4686.743,20.184
47758,United States,1982,4447.602,18.96
47759,United States,1983,4429.711,18.692
47760,United States,1984,4662.488,19.479
47761,United States,1985,4652.938,19.252
47762,United States,1986,4663.711,19.117
47763,United States,1987,4826.013,19.605
47764,United States,1988,5050.858,20.334
47765,United States,1989,5132.543,20.475
47766,United States,1990,5120.957,20.211
47767,United States,1991,5062.957,19.741
47768,United States,1992,5174.228,19.931
47769,United States,1993,5272.851,20.077
47770,United States,1994,5364.279,20.206
47771,United States,1995,5425.259,20.228
47772,United States,1996,5612.983,20.723
47773,United States,1997,5688.142,20.8
47774,United States,1998,5733.281,20.764
47775,United States,1999,5803.918,20.819
47776,United States,2000,6010.136,21.352
47777,United States,2001,5907.74,20.781
47778,United States,2002,5946.308,20.713
47779,United States,2003,6010.146,20.731
47780,United States,2004,6112.655,20.878
47781,United States,2005,6132.183,20.737
47782,United States,2006,6052.686,20.261
47783,United States,2007,6130.123,20.309
47784,United States,2008,5915.119,19.396
47785,United States,2009,5480.726,17.793
47786,United States,2010,5679.715,18.259
47787,United States,2011,5546.116,17.657
47788,United States,2012,5344.086,16.852
47789,United States,2013,5480.157,17.12
47790,United States,2014,5528.681,17.111
47791,United States,2015,5376.473,16.486
47792,United States,2016,5252.932,15.958
47793,United States,2017,5212.162,15.69
47794,United States,2018,5377.797,16.05
47795,United States,2019,5262.145,15.578
47796,United States,2020,4714.628,13.89
47797,United States,2021,5032.213,14.794
47798,United States,2022,5078.871,14.871
47799,United States,2023,4911.391,14.299
48080,Uruguay,1856,0.033,0.181
48081,Uruguay,1857,0.047,0.244
48082,Uruguay,1858,0.109,0.541
48083,Uruguay,1859,0.062,0.29
48084,Uruguay,1860,0.068,0.306
48085,Uruguay,1861,0.101,0.432
48086,Uruguay,1862,0.084,0.346
48087,Uruguay,1863,0.127,0.496
48088,Uruguay,1864,0.108,0.404
48089,Uruguay,1865,0.166,0.598
48090,Uruguay,1866,0.304,1.048
48091,Uruguay,1867,0.319,1.053
48092,Uruguay,1868,0.467,1.476
48093,Uruguay,1869,0.431,1.307
48094,Uruguay,1870,0.318,0.927
48095,Uruguay,1871,0.249,0.701
48096,Uruguay,1872,0.336,0.917
48097,Uruguay,1873,0.265,0.7
48098,Uruguay,1874,0.463,1.188
48099,Uruguay,1875,0.304,0.756
48100,Uruguay,1876,0.311,0.75
48101,Uruguay,1877,0.363,0.849
48102,Uruguay,1878,0.337,0.766
48103,Uruguay,1879,0.303,0.666
48104,Uruguay,1880,0.357,0.758
48105,Uruguay,1881,0.426,0.874
48106,Uruguay,1882,0.346,0.683
48107,Uruguay,1883,0.443,0.841
48108,Uruguay,1884,0.548,1.001
48109,Uruguay,1885,0.655,1.15
48110,Uruguay,1886,0.452,0.763
48111,Uruguay,1887,0.651,1.057
48112,Uruguay,1888,0.748,1.167
48113,Uruguay,1889,1.23,1.848
48114,Uruguay,1890,0.705,1.023
48115,Uruguay,1891,0.587,0.824
48116,Uruguay,1892,0.497,0.677
48117,Uruguay,1893,0.598,0.79
48118,Uruguay,1894,0.77,0.989
48119,Uruguay,1895,0.755,0.942
48120,Uruguay,1896,0.787,0.954
48121,Uruguay,1897,0.619,0.728
48122,Uruguay,1898,0.938,1.073
48123,Uruguay,1899,0.947,1.054
48124,Uruguay,1900,1.218,1.324
48125,Uruguay,1901,1.238,1.317
48126,Uruguay,1902,1.739,1.815
48127,Uruguay,1903,1.513,1.553
48128,Uruguay,1904,1.048,1.058
48129,Uruguay,1905,0.923,0.915
48130,Uruguay,1906,1.675,1.634
48131,Uruguay,1907,2.186,2.097
48132,Uruguay,1908,2.53,2.386
48133,Uruguay,1909,2.475,2.292
48134,Uruguay,1910,2.598,2.359
48135,Uruguay,1911,2.501,2.223
48136,Uruguay,1912,2.343,2.036
48137,Uruguay,1913,2.123,1.801
48138,Uruguay,1914,1.651,1.367
48139,Uruguay,1915,1.243,1.005
48140,Uruguay,1916,0.824,0.651
48141,Uruguay,1917,0.789,0.608
48142,Uruguay,1918,1.029,0.774
48143,Uruguay,1919,1.059,0.778
48144,Uruguay,1920,1.0,0.718
48145,Uruguay,1921,0.821,0.576
48146,Uruguay,1922,1.298,0.89
48147,Uruguay,1923,1.123,0.754
48148,Uruguay,1924,1.254,0.823
48149,Uruguay,1925,0.904,0.58
48150,Uruguay,1926,0.829,0.521
48151,Uruguay,1927,0.754,0.463
48152,Uruguay,1928,0.622,0.373
48153,Uruguay,1929,0.874,0.514
48154,Uruguay,1930,0.73,0.421
48155,Uruguay,1931,0.853,0.484
48156,Uruguay,1932,0.726,0.406
48157,Uruguay,1933,0.791,0.436
48158,Uruguay,1934,0.741,0.403
48159,Uruguay,1935,0.832,0.446
48160,Uruguay,1936,0.891,0.471
48161,Uruguay,1937,0.792,0.413
48162,Uruguay,1938,0.727,0.374
48163,Uruguay,1939,0.845,0.429
48164,Uruguay,1940,0.941,0.472
48165,Uruguay,1941,0.769,0.381
48166,Uruguay,1942,0.555,0.272
48167,Uruguay,1943,0.804,0.39
48168,Uruguay,1944,0.703,0.337
48169,Uruguay,1945,0.855,0.405
48170,Uruguay,1946,0.517,0.242
48171,Uruguay,1947,0.429,0.199
48172,Uruguay,1948,0.459,0.211
48173,Uruguay,1949,0.459,0.208
48174,Uruguay,1950,2.508,1.123
48175,Uruguay,1951,2.622,1.162
48176,Uruguay,1952,3.153,1.382
48177,Uruguay,1953,3.505,1.519
48178,Uruguay,1954,3.736,1.599
48179,Uruguay,1955,3.919,1.656
48180,Uruguay,1956,4.022,1.677
48181,Uruguay,1957,4.432,1.823
48182,Uruguay,1958,3.977,1.614
48183,Uruguay,1959,4.388,1.757
48184,Uruguay,1960,4.315,1.705
48185,Uruguay,1961,4.117,1.607
48186,Uruguay,1962,4.007,1.545
48187,Uruguay,1963,4.315,1.645
48188,Uruguay,1964,4.553,1.716
48189,Uruguay,1965,5.516,2.057
48190,Uruguay,1966,5.399,1.994
48191,Uruguay,1967,4.879,1.786
48192,Uruguay,1968,4.878,1.771
48193,Uruguay,1969,5.589,2.015
48194,Uruguay,1970,5.736,2.055
48195,Uruguay,1971,5.802,2.067
48196,Uruguay,1972,6.069,2.151
48197,Uruguay,1973,5.769,2.033
48198,Uruguay,1974,5.677,1.989
48199,Uruguay,1975,5.962,2.076
48200,Uruguay,1976,5.887,2.036
48201,Uruguay,1977,5.64,1.938
48202,Uruguay,1978,5.729,1.958
48203,Uruguay,1979,6.262,2.13
48204,Uruguay,1980,5.819,1.971
48205,Uruguay,1981,5.356,1.807
48206,Uruguay,1982,4.854,1.631
48207,Uruguay,1983,3.804,1.273
48208,Uruguay,1984,3.438,1.145
48209,Uruguay,1985,3.284,1.088
48210,Uruguay,1986,3.165,1.044
48211,Uruguay,1987,3.543,1.162
48212,Uruguay,1988,4.786,1.56
48213,Uruguay,1989,4.853,1.572
48214,Uruguay,1990,3.967,1.278
48215,Uruguay,1991,4.528,1.45
48216,Uruguay,1992,5.143,1.638
48217,Uruguay,1993,4.439,1.406
48218,Uruguay,1994,4.03,1.27
48219,Uruguay,1995,4.557,1.429
48220,Uruguay,1996,5.405,1.686
48221,Uruguay,1997,5.514,1.711
48222,Uruguay,1998,5.639,1.741
48223,Uruguay,1999,6.682,2.054
48224,Uruguay,2000,5.268,1.613
48225,Uruguay,2001,5.03,1.536
48226,Uruguay,2002,4.558,1.39
48227,Uruguay,2003,4.527,1.38
48228,Uruguay,2004,5.565,1.695
48229,Uruguay,2005,5.727,1.743
48230,Uruguay,2006,6.597,2.005
48231,Uruguay,2007,5.948,1.805
48232,Uruguay,2008,8.202,2.484
48233,Uruguay,2009,7.947,2.401
48234,Uruguay,2010,6.298,1.898
48235,Uruguay,2011,7.653,2.3
48236,Uruguay,2012,8.592,2.576
48237,Uruguay,2013,7.489,2.239
48238,Uruguay,2014,6.681,1.99
48239,Uruguay,2015,6.738,2.001
48240,Uruguay,2016,6.518,1.929
48241,Uruguay,2017,6.159,1.818
48242,Uruguay,2018,6.567,1.935
48243,Uruguay,2019,6.409,1.887
48244,Uruguay,2020,6.474,1.905
48245,Uruguay,2021,7.833,2.306
48246,Uruguay,2022,7.82,2.306
48247,Uruguay,2023,7.866,2.322
48248,Uzbekistan,1830,0.0,0.0
48249,Uzbekistan,1831,0.001,0.0
48250,Uzbekistan,1832,0.0,0.0
48251,Uzbekistan,1833,0.0,0.0
48252,Uzbekistan,1850,0.003,0.001
48257,Uzbekistan,1855,0.009,0.003
48260,Uzbekistan,1858,0.013,0.005
48261,Uzbekistan,1859,0.013,0.005
48262,Uzbekistan,1860,0.018,0.006
48263,Uzbekistan,1861,0.022,0.008
48264,Uzbekistan,1862,0.02,0.007
48265,Uzbekistan,1863,0.021,0.007
48266,Uzbekistan,1864,0.024,0.008
48267,Uzbekistan,1865,0.023,0.008
48268,Uzbekistan,1866,0.072,0.025
48269,Uzbekistan,1867,0.082,0.028
48270,Uzbekistan,1868,0.068,0.023
48271,Uzbekistan,1869,0.093,0.031
48272,Uzbekistan,1870,0.101,0.033
48273,Uzbekistan,1871,0.136,0.045
48274,Uzbekistan,1872,0.14,0.046
48275,Uzbekistan,1873,0.131,0.042
48276,Uzbekistan,1874,0.159,0.051
48277,Uzbekistan,1875,0.183,0.058
48278,Uzbekistan,1876,0.227,0.072
48279,Uzbekistan,1877,0.232,0.072
48280,Uzbekistan,1878,0.303,0.094
48281,Uzbekistan,1879,0.311,0.095
48282,Uzbekistan,1880,0.365,0.111
48283,Uzbekistan,1881,0.384,0.116
48284,Uzbekistan,1882,0.405,0.121
48285,Uzbekistan,1883,0.461,0.136
48286,Uzbekistan,1884,0.468,0.137
48287,Uzbekistan,1885,0.51,0.148
48288,Uzbekistan,1886,0.523,0.151
48289,Uzbekistan,1887,0.553,0.158
48290,Uzbekistan,1888,0.577,0.163
48291,Uzbekistan,1889,0.623,0.175
48292,Uzbekistan,1890,0.706,0.196
48293,Uzbekistan,1891,0.777,0.214
48294,Uzbekistan,1892,0.822,0.225
48295,Uzbekistan,1893,0.964,0.261
48296,Uzbekistan,1894,0.982,0.264
48297,Uzbekistan,1895,1.128,0.3
48298,Uzbekistan,1896,1.149,0.303
48299,Uzbekistan,1897,1.328,0.347
48300,Uzbekistan,1898,1.489,0.386
48301,Uzbekistan,1899,1.728,0.444
48302,Uzbekistan,1900,1.957,0.499
48303,Uzbekistan,1901,2.009,0.507
48304,Uzbekistan,1902,1.941,0.486
48305,Uzbekistan,1903,1.898,0.471
48306,Uzbekistan,1904,2.112,0.519
48307,Uzbekistan,1905,1.885,0.46
48308,Uzbekistan,1906,2.15,0.52
48309,Uzbekistan,1907,2.409,0.577
48310,Uzbekistan,1908,2.423,0.575
48311,Uzbekistan,1909,2.558,0.602
48312,Uzbekistan,1910,2.509,0.585
48313,Uzbekistan,1911,2.601,0.601
48314,Uzbekistan,1912,2.946,0.675
48315,Uzbekistan,1913,3.201,0.727
48316,Uzbekistan,1914,2.889,0.65
48317,Uzbekistan,1915,2.652,0.592
48318,Uzbekistan,1916,2.826,0.625
48319,Uzbekistan,1917,2.601,0.57
48320,Uzbekistan,1918,1.037,0.225
48321,Uzbekistan,1919,0.886,0.191
48322,Uzbekistan,1920,0.808,0.172
48323,Uzbekistan,1921,0.876,0.185
48324,Uzbekistan,1922,1.069,0.224
48325,Uzbekistan,1923,1.18,0.245
48326,Uzbekistan,1924,1.406,0.289
48327,Uzbekistan,1925,1.388,0.283
48328,Uzbekistan,1926,2.011,0.406
48329,Uzbekistan,1927,2.5,0.5
48330,Uzbekistan,1928,2.688,0.533
48331,Uzbekistan,1929,2.892,0.568
48332,Uzbekistan,1930,3.968,0.772
48333,Uzbekistan,1931,4.781,0.922
48334,Uzbekistan,1932,5.375,1.027
48335,Uzbekistan,1933,6.039,1.144
48336,Uzbekistan,1934,7.288,1.368
48337,Uzbekistan,1935,8.22,1.529
48338,Uzbekistan,1936,9.386,1.73
48339,Uzbekistan,1937,9.626,1.758
48340,Uzbekistan,1938,10.162,1.839
48341,Uzbekistan,1939,10.288,1.845
48342,Uzbekistan,1940,12.354,2.195
48343,Uzbekistan,1941,10.825,1.906
48344,Uzbekistan,1942,6.042,1.054
48345,Uzbekistan,1943,6.306,1.09
48346,Uzbekistan,1944,9.144,1.567
48347,Uzbekistan,1945,9.577,1.626
48348,Uzbekistan,1946,10.69,1.798
48349,Uzbekistan,1947,12.836,2.14
48350,Uzbekistan,1948,13.592,2.245
48351,Uzbekistan,1949,15.428,2.514
48352,Uzbekistan,1950,17.132,2.746
48353,Uzbekistan,1951,18.519,2.9
48354,Uzbekistan,1952,19.811,3.031
48355,Uzbekistan,1953,20.935,3.125
48356,Uzbekistan,1954,22.807,3.32
48357,Uzbekistan,1955,25.85,3.665
48358,Uzbekistan,1956,28.414,3.918
48359,Uzbekistan,1957,31.146,4.173
48360,Uzbekistan,1958,33.321,4.333
48361,Uzbekistan,1959,35.05,4.417
48362,Uzbekistan,1960,36.528,4.45
48363,Uzbekistan,1961,37.796,4.437
48364,Uzbekistan,1962,39.803,4.495
48365,Uzbekistan,1963,42.834,4.655
48366,Uzbekistan,1964,45.695,4.781
48367,Uzbekistan,1965,48.546,4.893
48368,Uzbekistan,1966,51.314,4.987
48369,Uzbekistan,1967,53.754,5.043
48370,Uzbekistan,1968,55.373,5.019
48371,Uzbekistan,1969,57.744,5.064
48372,Uzbekistan,1970,60.603,5.152
48373,Uzbekistan,1971,64.466,5.323
48374,Uzbekistan,1972,67.836,5.442
48375,Uzbekistan,1973,70.74,5.513
48376,Uzbekistan,1974,73.476,5.563
48377,Uzbekistan,1975,77.269,5.682
48378,Uzbekistan,1976,80.25,5.733
48379,Uzbekistan,1977,82.969,5.758
48380,Uzbekistan,1978,85.829,5.793
48381,Uzbekistan,1979,86.517,5.686
48382,Uzbekistan,1980,89.841,5.752
48383,Uzbekistan,1981,88.246,5.503
48384,Uzbekistan,1982,89.929,5.463
48385,Uzbekistan,1983,91.223,5.395
48386,Uzbekistan,1984,92.068,5.298
48387,Uzbekistan,1985,99.241,5.552
48388,Uzbekistan,1986,95.196,5.175
48389,Uzbekistan,1987,97.647,5.158
48390,Uzbekistan,1988,101.068,5.193
48391,Uzbekistan,1989,104.087,5.21
48392,Uzbekistan,1990,103.087,5.037
48393,Uzbekistan,1991,102.287,4.879
48394,Uzbekistan,1992,110.984,5.166
48395,Uzbekistan,1993,115.617,5.258
48396,Uzbekistan,1994,109.785,4.887
48397,Uzbekistan,1995,104.803,4.573
48398,Uzbekistan,1996,108.184,4.633
48399,Uzbekistan,1997,109.028,4.589
48400,Uzbekistan,1998,120.975,5.012
48401,Uzbekistan,1999,123.587,5.049
48402,Uzbekistan,2000,123.477,4.982
48403,Uzbekistan,2001,126.221,5.031
48404,Uzbekistan,2002,132.575,5.219
48405,Uzbekistan,2003,130.294,5.068
48406,Uzbekistan,2004,129.098,4.96
48407,Uzbekistan,2005,121.6,4.614
48408,Uzbekistan,2006,124.901,4.678
48409,Uzbekistan,2007,123.821,4.573
48410,Uzbekistan,2008,128.388,4.67
48411,Uzbekistan,2009,109.227,3.909
48412,Uzbekistan,2010,107.666,3.793
48413,Uzbekistan,2011,116.756,4.051
48414,Uzbekistan,2012,118.858,4.062
48415,Uzbekistan,2013,112.286,3.778
48416,Uzbekistan,2014,107.4,3.554
48417,Uzbekistan,2015,103.696,3.372
48418,Uzbekistan,2016,110.139,3.521
48419,Uzbekistan,2017,108.931,3.423
48420,Uzbekistan,2018,102.288,3.16
48421,Uzbekistan,2019,108.429,3.289
48422,Uzbekistan,2020,109.632,3.264
48423,Uzbekistan,2021,120.241,3.511
48424,Uzbekistan,2022,125.039,3.579
48425,Uzbekistan,2023,124.768,3.5
48538,Vanuatu,1962,0.04,0.591
48539,Vanuatu,1963,0.033,0.47
48540,Vanuatu,1964,0.062,0.862
48541,Vanuatu,1965,0.048,0.64
48542,Vanuatu,1966,0.077,1.004
48543,Vanuatu,1967,0.084,1.068
48544,Vanuatu,1968,0.062,0.766
48545,Vanuatu,1969,0.044,0.525
48546,Vanuatu,1970,0.04,0.467
48547,Vanuatu,1971,0.059,0.66
48548,Vanuatu,1972,0.062,0.68
48549,Vanuatu,1973,0.055,0.582
48550,Vanuatu,1974,0.062,0.64
48551,Vanuatu,1975,0.055,0.548
48552,Vanuatu,1976,0.044,0.425
48553,Vanuatu,1977,0.051,0.481
48554,Vanuatu,1978,0.059,0.533
48555,Vanuatu,1979,0.062,0.551
48556,Vanuatu,1980,0.062,0.538
48557,Vanuatu,1981,0.051,0.434
48558,Vanuatu,1982,0.051,0.424
48559,Vanuatu,1983,0.055,0.443
48560,Vanuatu,1984,0.055,0.432
48561,Vanuatu,1985,0.121,0.927
48562,Vanuatu,1986,0.059,0.438
48563,Vanuatu,1987,0.048,0.347
48564,Vanuatu,1988,0.066,0.469
48565,Vanuatu,1989,0.062,0.431
48566,Vanuatu,1990,0.066,0.445
48567,Vanuatu,1991,0.066,0.434
48568,Vanuatu,1992,0.066,0.424
48569,Vanuatu,1993,0.066,0.414
48570,Vanuatu,1994,0.066,0.404
48571,Vanuatu,1995,0.066,0.395
48572,Vanuatu,1996,0.073,0.429
48573,Vanuatu,1997,0.077,0.441
48574,Vanuatu,1998,0.077,0.431
48575,Vanuatu,1999,0.084,0.463
48576,Vanuatu,2000,0.084,0.452
48577,Vanuatu,2001,0.081,0.422
48578,Vanuatu,2002,0.081,0.412
48579,Vanuatu,2003,0.081,0.402
48580,Vanuatu,2004,0.073,0.356
48581,Vanuatu,2005,0.077,0.365
48582,Vanuatu,2006,0.073,0.339
48583,Vanuatu,2007,0.073,0.331
48584,Vanuatu,2008,0.084,0.371
48585,Vanuatu,2009,0.121,0.52
48586,Vanuatu,2010,0.121,0.507
48587,Vanuatu,2011,0.136,0.557
48588,Vanuatu,2012,0.117,0.471
48589,Vanuatu,2013,0.11,0.432
48590,Vanuatu,2014,0.158,0.605
48591,Vanuatu,2015,0.136,0.509
48592,Vanuatu,2016,0.15,0.552
48593,Vanuatu,2017,0.143,0.513
48594,Vanuatu,2018,0.18,0.629
48595,Vanuatu,2019,0.165,0.565
48596,Vanuatu,2020,0.202,0.674
48597,Vanuatu,2021,0.216,0.707
48598,Vanuatu,2022,0.221,0.707
48599,Vanuatu,2023,0.226,0.706
48794,Venezuela,1870,0.001,0.001
48795,Venezuela,1871,0.001,0.0
48796,Venezuela,1872,0.001,0.0
48797,Venezuela,1873,0.001,0.001
48798,Venezuela,1874,0.002,0.001
48799,Venezuela,1875,0.001,0.0
48800,Venezuela,1876,0.002,0.001
48801,Venezuela,1877,0.003,0.001
48802,Venezuela,1878,0.003,0.001
48803,Venezuela,1879,0.003,0.001
48804,Venezuela,1880,0.003,0.002
48805,Venezuela,1881,0.003,0.001
48806,Venezuela,1882,0.002,0.001
48807,Venezuela,1883,0.001,0.001
48808,Venezuela,1884,0.003,0.002
48809,Venezuela,1885,0.032,0.015
48810,Venezuela,1886,0.026,0.012
48811,Venezuela,1887,0.044,0.02
48812,Venezuela,1888,0.061,0.027
48813,Venezuela,1889,0.073,0.032
48814,Venezuela,1890,0.089,0.038
48815,Venezuela,1891,0.098,0.041
48816,Venezuela,1892,0.078,0.032
48817,Venezuela,1893,0.085,0.035
48818,Venezuela,1894,0.071,0.029
48819,Venezuela,1895,0.072,0.029
48820,Venezuela,1896,0.063,0.025
48821,Venezuela,1897,0.068,0.026
48822,Venezuela,1898,0.052,0.02
48823,Venezuela,1899,0.054,0.02
48824,Venezuela,1900,0.038,0.014
48825,Venezuela,1901,0.05,0.018
48826,Venezuela,1902,0.051,0.019
48827,Venezuela,1903,0.035,0.012
48828,Venezuela,1904,0.063,0.022
48829,Venezuela,1905,0.046,0.016
48830,Venezuela,1906,0.035,0.012
48831,Venezuela,1907,0.048,0.016
48832,Venezuela,1908,0.037,0.013
48833,Venezuela,1909,0.037,0.012
48834,Venezuela,1910,0.03,0.01
48835,Venezuela,1911,0.042,0.014
48836,Venezuela,1912,0.059,0.019
48837,Venezuela,1913,0.068,0.022
48838,Venezuela,1914,0.086,0.027
48839,Venezuela,1915,0.09,0.029
48840,Venezuela,1916,0.12,0.038
48841,Venezuela,1917,0.096,0.03
48842,Venezuela,1918,0.161,0.05
48843,Venezuela,1919,0.21,0.065
48844,Venezuela,1920,0.138,0.043
48845,Venezuela,1921,0.188,0.057
48846,Venezuela,1922,0.247,0.074
48847,Venezuela,1923,0.386,0.115
48848,Venezuela,1924,0.341,0.101
48849,Venezuela,1925,0.627,0.184
48850,Venezuela,1926,1.062,0.308
48851,Venezuela,1927,1.042,0.299
48852,Venezuela,1928,1.94,0.552
48853,Venezuela,1929,2.012,0.567
48854,Venezuela,1930,0.06,0.017
48855,Venezuela,1931,0.058,0.016
48856,Venezuela,1932,3.851,1.045
48857,Venezuela,1933,2.873,0.769
48858,Venezuela,1934,5.278,1.394
48859,Venezuela,1935,6.028,1.571
48860,Venezuela,1936,3.207,0.824
48861,Venezuela,1937,9.447,2.395
48862,Venezuela,1938,6.177,1.545
48863,Venezuela,1939,7.048,1.733
48864,Venezuela,1940,12.386,2.987
48865,Venezuela,1941,15.094,3.559
48866,Venezuela,1942,11.588,2.664
48867,Venezuela,1943,10.368,2.318
48868,Venezuela,1944,15.149,3.293
48869,Venezuela,1945,15.782,3.336
48870,Venezuela,1946,17.974,3.694
48871,Venezuela,1947,20.531,4.103
48872,Venezuela,1948,25.59,4.972
48873,Venezuela,1949,28.775,5.421
48874,Venezuela,1950,38.341,6.985
48875,Venezuela,1951,47.38,8.265
48876,Venezuela,1952,50.743,8.483
48877,Venezuela,1953,47.855,7.676
48878,Venezuela,1954,51.199,7.886
48879,Venezuela,1955,59.751,8.844
48880,Venezuela,1956,65.008,9.255
48881,Venezuela,1957,69.583,9.533
48882,Venezuela,1958,54.455,7.182
48883,Venezuela,1959,65.149,8.279
48884,Venezuela,1960,57.017,6.987
48885,Venezuela,1961,51.88,6.135
48886,Venezuela,1962,54.056,6.173
48887,Venezuela,1963,56.152,6.195
48888,Venezuela,1964,56.55,6.03
48889,Venezuela,1965,60.73,6.262
48890,Venezuela,1966,56.974,5.683
48891,Venezuela,1967,65.752,6.348
48892,Venezuela,1968,65.572,6.13
48893,Venezuela,1969,68.933,6.244
48894,Venezuela,1970,74.489,6.541
48895,Venezuela,1971,62.5,5.323
48896,Venezuela,1972,62.514,5.167
48897,Venezuela,1973,66.433,5.33
48898,Venezuela,1974,75.058,5.848
48899,Venezuela,1975,63.75,4.824
48900,Venezuela,1976,57.273,4.209
48901,Venezuela,1977,63.65,4.544
48902,Venezuela,1978,68.591,4.758
48903,Venezuela,1979,76.447,5.153
48904,Venezuela,1980,90.641,5.94
48905,Venezuela,1981,91.792,5.851
48906,Venezuela,1982,93.201,5.781
48907,Venezuela,1983,92.908,5.61
48908,Venezuela,1984,93.003,5.468
48909,Venezuela,1985,101.027,5.786
48910,Venezuela,1986,109.24,6.095
48911,Venezuela,1987,110.661,6.016
48912,Venezuela,1988,115.752,6.134
48913,Venezuela,1989,108.571,5.611
48914,Venezuela,1990,120.764,6.091
48915,Venezuela,1991,114.107,5.62
48916,Venezuela,1992,104.628,5.035
48917,Venezuela,1993,122.944,5.784
48918,Venezuela,1994,118.956,5.475
48919,Venezuela,1995,124.731,5.62
48920,Venezuela,1996,118.253,5.218
48921,Venezuela,1997,129.667,5.606
48922,Venezuela,1998,134.907,5.716
48923,Venezuela,1999,143.05,5.944
48924,Venezuela,2000,142.835,5.824
48925,Venezuela,2001,130.534,5.226
48926,Venezuela,2002,164.153,6.454
48927,Venezuela,2003,154.262,5.958
48928,Venezuela,2004,142.767,5.42
48929,Venezuela,2005,148.311,5.537
48930,Venezuela,2006,155.597,5.715
48931,Venezuela,2007,153.962,5.568
48932,Venezuela,2008,155.505,5.543
48933,Venezuela,2009,151.848,5.34
48934,Venezuela,2010,189.317,6.571
48935,Venezuela,2011,168.413,5.77
48936,Venezuela,2012,175.72,5.946
48937,Venezuela,2013,198.427,6.634
48938,Venezuela,2014,175.961,5.816
48939,Venezuela,2015,166.3,5.439
48940,Venezuela,2016,152.711,4.964
48941,Venezuela,2017,139.073,4.55
48942,Venezuela,2018,111.225,3.731
48943,Venezuela,2019,105.287,3.638
48944,Venezuela,2020,80.927,2.845
48945,Venezuela,2021,78.46,2.779
48946,Venezuela,2022,87.515,3.102
48947,Venezuela,2023,99.569,3.518
48990,Vietnam,1892,0.213,0.019
48991,Vietnam,1893,0.663,0.059
48992,Vietnam,1894,0.304,0.027
48993,Vietnam,1895,0.18,0.016
48994,Vietnam,1896,0.363,0.032
48995,Vietnam,1897,0.524,0.046
48996,Vietnam,1898,0.656,0.058
48997,Vietnam,1899,0.733,0.064
48998,Vietnam,1900,0.513,0.043
48999,Vietnam,1901,0.502,0.041
49000,Vietnam,1902,0.399,0.031
49001,Vietnam,1903,0.557,0.042
49002,Vietnam,1904,0.802,0.057
49003,Vietnam,1905,0.791,0.053
49004,Vietnam,1906,0.835,0.053
49005,Vietnam,1907,0.85,0.051
49006,Vietnam,1908,0.92,0.053
49007,Vietnam,1909,1.019,0.056
49008,Vietnam,1910,1.323,0.071
49009,Vietnam,1911,1.158,0.061
49010,Vietnam,1912,1.14,0.06
49011,Vietnam,1913,1.352,0.071
49012,Vietnam,1914,1.645,0.087
49013,Vietnam,1915,1.707,0.091
49014,Vietnam,1916,1.817,0.097
49015,Vietnam,1917,1.737,0.093
49016,Vietnam,1918,1.689,0.091
49017,Vietnam,1919,1.766,0.096
49018,Vietnam,1920,1.858,0.101
49019,Vietnam,1921,2.444,0.133
49020,Vietnam,1922,2.627,0.144
49021,Vietnam,1923,2.803,0.154
49022,Vietnam,1924,3.279,0.181
49023,Vietnam,1925,3.616,0.201
49024,Vietnam,1926,3.422,0.191
49025,Vietnam,1927,3.957,0.222
49026,Vietnam,1928,5.297,0.298
49027,Vietnam,1929,5.323,0.301
49028,Vietnam,1930,5.272,0.298
49029,Vietnam,1931,4.656,0.262
49030,Vietnam,1932,4.627,0.259
49031,Vietnam,1933,4.275,0.238
49032,Vietnam,1934,4.283,0.237
49033,Vietnam,1935,4.763,0.261
49034,Vietnam,1936,5.873,0.32
49035,Vietnam,1937,6.239,0.338
49036,Vietnam,1938,6.352,0.342
49037,Vietnam,1939,7.092,0.377
49038,Vietnam,1940,6.77,0.354
49039,Vietnam,1941,6.327,0.324
49040,Vietnam,1942,3.385,0.169
49041,Vietnam,1943,2.769,0.135
49042,Vietnam,1944,1.425,0.067
49043,Vietnam,1945,0.616,0.028
49044,Vietnam,1946,0.714,0.032
49045,Vietnam,1947,0.711,0.031
49046,Vietnam,1948,1.0,0.042
49047,Vietnam,1949,1.077,0.044
49048,Vietnam,1950,1.48,0.059
49049,Vietnam,1951,1.285,0.05
49050,Vietnam,1952,1.864,0.071
49051,Vietnam,1953,1.75,0.065
49052,Vietnam,1954,2.67,0.097
49053,Vietnam,1955,3.524,0.125
49054,Vietnam,1956,2.908,0.101
49055,Vietnam,1957,2.876,0.097
49056,Vietnam,1958,5.015,0.164
49057,Vietnam,1959,6.605,0.209
49058,Vietnam,1960,7.484,0.23
49059,Vietnam,1961,7.978,0.239
49060,Vietnam,1962,9.338,0.272
49061,Vietnam,1963,9.11,0.258
49062,Vietnam,1964,11.788,0.326
49063,Vietnam,1965,13.15,0.354
49064,Vietnam,1966,19.181,0.504
49065,Vietnam,1967,22.962,0.59
49066,Vietnam,1968,23.601,0.594
49067,Vietnam,1969,27.056,0.667
49068,Vietnam,1970,28.173,0.679
49069,Vietnam,1971,24.504,0.577
49070,Vietnam,1972,23.035,0.53
49071,Vietnam,1973,25.068,0.564
49072,Vietnam,1974,19.058,0.42
49073,Vietnam,1975,21.771,0.468
49074,Vietnam,1976,13.899,0.291
49075,Vietnam,1977,15.247,0.311
49076,Vietnam,1978,15.388,0.306
49077,Vietnam,1979,16.25,0.316
49078,Vietnam,1980,16.789,0.32
49079,Vietnam,1981,17.695,0.329
49080,Vietnam,1982,18.342,0.333
49081,Vietnam,1983,19.27,0.342
49082,Vietnam,1984,17.495,0.303
49083,Vietnam,1985,21.097,0.357
49084,Vietnam,1986,20.585,0.341
49085,Vietnam,1987,23.297,0.378
49086,Vietnam,1988,23.073,0.367
49087,Vietnam,1989,17.398,0.271
49088,Vietnam,1990,21.299,0.325
49089,Vietnam,1991,21.376,0.32
49090,Vietnam,1992,21.466,0.314
49091,Vietnam,1993,22.853,0.328
49092,Vietnam,1994,27.362,0.386
49093,Vietnam,1995,30.089,0.418
49094,Vietnam,1996,35.482,0.485
49095,Vietnam,1997,45.502,0.613
49096,Vietnam,1998,47.866,0.636
49097,Vietnam,1999,48.548,0.636
49098,Vietnam,2000,53.935,0.699
49099,Vietnam,2001,60.984,0.782
49100,Vietnam,2002,69.528,0.883
49101,Vietnam,2003,77.262,0.971
49102,Vietnam,2004,88.939,1.107
49103,Vietnam,2005,95.846,1.182
49104,Vietnam,2006,99.652,1.213
49105,Vietnam,2007,101.43,1.213
49106,Vietnam,2008,114.303,1.342
49107,Vietnam,2009,124.493,1.44
49108,Vietnam,2010,139.564,1.596
49109,Vietnam,2011,152.56,1.724
49110,Vietnam,2012,144.28,1.612
49111,Vietnam,2013,151.438,1.672
49112,Vietnam,2014,179.971,1.963
49113,Vietnam,2015,213.311,2.298
49114,Vietnam,2016,220.98,2.351
49115,Vietnam,2017,227.613,2.391
49116,Vietnam,2018,255.319,2.653
49117,Vietnam,2019,339.147,3.49
49118,Vietnam,2020,362.46,3.696
49119,Vietnam,2021,313.973,3.174
49120,Vietnam,2022,297.634,2.986
49121,Vietnam,2023,334.726,3.336
49261,Wallis and Futuna,1990,0.018,1.357
49262,Wallis and Futuna,1991,0.018,1.342
49263,Wallis and Futuna,1992,0.018,1.328
49264,Wallis and Futuna,1993,0.018,1.313
49265,Wallis and Futuna,1994,0.018,1.301
49266,Wallis and Futuna,1995,0.018,1.288
49267,Wallis and Futuna,1996,0.022,1.533
49268,Wallis and Futuna,1997,0.022,1.523
49269,Wallis and Futuna,1998,0.022,1.511
49270,Wallis and Futuna,1999,0.026,1.748
49271,Wallis and Futuna,2000,0.026,1.733
49272,Wallis and Futuna,2001,0.026,1.718
49273,Wallis and Futuna,2002,0.026,1.705
49274,Wallis and Futuna,2003,0.026,1.702
49275,Wallis and Futuna,2004,0.026,1.719
49276,Wallis and Futuna,2005,0.029,2.003
49277,Wallis and Futuna,2006,0.029,2.045
49278,Wallis and Futuna,2007,0.029,2.091
49279,Wallis and Futuna,2008,0.022,1.604
49280,Wallis and Futuna,2009,0.029,2.182
49281,Wallis and Futuna,2010,0.029,2.223
49282,Wallis and Futuna,2011,0.026,1.982
49283,Wallis and Futuna,2012,0.026,2.018
49284,Wallis and Futuna,2013,0.022,1.759
49285,Wallis and Futuna,2014,0.022,1.783
49286,Wallis and Futuna,2015,0.022,1.804
49287,Wallis and Futuna,2016,0.026,2.127
49288,Wallis and Futuna,2017,0.026,2.147
49289,Wallis and Futuna,2018,0.026,2.169
49290,Wallis and Futuna,2019,0.026,2.19
49291,Wallis and Futuna,2020,0.026,2.203
49292,Wallis and Futuna,2021,0.029,2.529
49293,Wallis and Futuna,2022,0.03,2.61
49294,Wallis and Futuna,2023,0.031,2.691
49295,World,1750,9.306,0.012
49305,World,1760,10.514,0.013
49315,World,1770,13.097,0.016
49325,World,1780,15.879,0.018
49335,World,1790,20.398,0.022
49345,World,1800,32.798,0.034
49355,World,1810,39.492,0.038
49365,World,1820,50.733,0.048
49375,World,1830,88.988,0.078
49385,World,1840,118.809,0.098
49395,World,1850,196.848,0.153
49405,World,1860,332.298,0.247
49415,World,1870,536.123,0.398
49425,World,1880,858.056,0.601
49435,World,1890,1306.591,0.844
49445,World,1900,1961.491,1.174
49455,World,1910,3043.326,1.691
49465,World,1920,3537.837,1.835
49475,World,1930,3958.096,1.879
49485,World,1940,4884.664,2.098
49495,World,1950,5930.244,2.379
49496,World,1951,6381.429,2.515
49497,World,1952,6467.46,2.503
49498,World,1953,6650.885,2.525
49499,World,1954,6789.529,2.528
49500,World,1955,7443.896,2.717
49501,World,1956,7926.013,2.835
49502,World,1957,8185.645,2.87
49503,World,1958,8417.188,2.891
49504,World,1959,8854.689,2.985
49505,World,1960,9387.011,3.113
49506,World,1961,9415.042,3.072
49507,World,1962,9747.287,3.121
49508,World,1963,10266.772,3.216
49509,World,1964,10824.466,3.316
49510,World,1965,11310.601,3.392
49511,World,1966,11862.646,3.485
49512,World,1967,12237.369,3.523
49513,World,1968,12905.283,3.64
49514,World,1969,13761.785,3.802
49515,World,1970,14899.124,4.033
49516,World,1971,15503.854,4.113
49517,World,1972,16224.597,4.22
49518,World,1973,17085.094,4.358
49519,World,1974,17011.072,4.257
49520,World,1975,17052.752,4.189
49521,World,1976,17989.111,4.341
49522,World,1977,18498.635,4.386
49523,World,1978,19069.291,4.443
49524,World,1979,19609.02,4.489
49525,World,1980,19488.523,4.382
49526,World,1981,19022.902,4.2
49527,World,1982,18871.098,4.091
49528,World,1983,18991.91,4.043
49529,World,1984,19647.801,4.109
49530,World,1985,20311.902,4.172
49531,World,1986,20614.963,4.158
49532,World,1987,21250.074,4.208
49533,World,1988,22085.131,4.295
49534,World,1989,22386.637,4.277
49535,World,1990,22728.988,4.266
49536,World,1991,23186.102,4.279
49537,World,1992,22528.172,4.092
49538,World,1993,22755.787,4.07
49539,World,1994,22992.947,4.051
49540,World,1995,23532.084,4.086
49541,World,1996,24258.168,4.152
49542,World,1997,24401.906,4.119
49543,World,1998,24303.777,4.046
49544,World,1999,24853.729,4.082
49545,World,2000,25510.553,4.133
49546,World,2001,25706.293,4.11
49547,World,2002,26276.869,4.146
49548,World,2003,27669.49,4.31
49549,World,2004,28632.506,4.403
49550,World,2005,29614.395,4.496
49551,World,2006,30628.396,4.591
49552,World,2007,31534.645,4.667
49553,World,2008,32074.199,4.686
49554,World,2009,31541.922,4.55
49555,World,2010,33355.902,4.75
49556,World,2011,34504.539,4.852
49557,World,2012,35000.02,4.86
49558,World,2013,35301.656,4.841
49559,World,2014,35450.094,4.802
49560,World,2015,35404.898,4.739
49561,World,2016,35416.656,4.686
49562,World,2017,35989.898,4.707
49563,World,2018,36730.426,4.752
49564,World,2019,37104.273,4.75
49565,World,2020,35126.527,4.454
49566,World,2021,36991.734,4.65
49567,World,2022,37293.836,4.649
49568,World,2023,37791.57,4.67
49669,Yemen,1950,0.059,0.013
49670,Yemen,1951,0.04,0.009
49671,Yemen,1952,0.059,0.012
49672,Yemen,1953,0.07,0.014
49673,Yemen,1954,4.455,0.905
49674,Yemen,1955,2.484,0.496
49675,Yemen,1956,2.33,0.457
49676,Yemen,1957,2.957,0.568
49677,Yemen,1958,1.883,0.355
49678,Yemen,1959,2.601,0.48
49679,Yemen,1960,3.631,0.656
49680,Yemen,1961,2.664,0.471
49681,Yemen,1962,3.884,0.672
49682,Yemen,1963,2.917,0.493
49683,Yemen,1964,3.631,0.6
49684,Yemen,1965,3.928,0.634
49685,Yemen,1966,3.462,0.545
49686,Yemen,1967,3.052,0.468
49687,Yemen,1968,11.637,1.739
49688,Yemen,1969,4.675,0.68
49689,Yemen,1970,2.51,0.355
49690,Yemen,1971,1.971,0.272
49691,Yemen,1972,1.495,0.2
49692,Yemen,1973,2.73,0.356
49693,Yemen,1974,2.246,0.284
49694,Yemen,1975,2.169,0.267
49695,Yemen,1976,2.564,0.306
49696,Yemen,1977,2.978,0.344
49697,Yemen,1978,3.102,0.348
49698,Yemen,1979,3.218,0.349
49699,Yemen,1980,3.314,0.347
49700,Yemen,1981,4.225,0.428
49701,Yemen,1982,5.934,0.579
49702,Yemen,1983,6.286,0.592
49703,Yemen,1984,7.097,0.644
49704,Yemen,1985,8.573,0.749
49705,Yemen,1986,8.192,0.688
49706,Yemen,1987,8.627,0.697
49707,Yemen,1988,9.55,0.743
49708,Yemen,1989,9.935,0.743
49709,Yemen,1990,9.52,0.686
49710,Yemen,1991,9.127,0.633
49711,Yemen,1992,9.874,0.659
49712,Yemen,1993,8.625,0.554
49713,Yemen,1994,9.91,0.614
49714,Yemen,1995,11.062,0.661
49715,Yemen,1996,11.303,0.653
49716,Yemen,1997,12.171,0.681
49717,Yemen,1998,12.843,0.696
49718,Yemen,1999,14.688,0.772
49719,Yemen,2000,15.725,0.801
49720,Yemen,2001,17.077,0.844
49721,Yemen,2002,16.581,0.796
49722,Yemen,2003,18.482,0.861
49723,Yemen,2004,19.977,0.904
49724,Yemen,2005,21.662,0.95
49725,Yemen,2006,23.791,1.011
49726,Yemen,2007,23.571,0.969
49727,Yemen,2008,24.407,0.972
49728,Yemen,2009,26.777,1.033
49729,Yemen,2010,25.713,0.961
49730,Yemen,2011,22.515,0.816
49731,Yemen,2012,20.355,0.716
49732,Yemen,2013,27.16,0.927
49733,Yemen,2014,26.48,0.876
49734,Yemen,2015,14.08,0.452
49735,Yemen,2016,10.007,0.312
49736,Yemen,2017,9.695,0.293
49737,Yemen,2018,11.595,0.34
49738,Yemen,2019,11.837,0.337
49739,Yemen,2020,10.884,0.301
49740,Yemen,2021,10.871,0.293
49741,Yemen,2022,10.296,0.269
49742,Yemen,2023,10.035,0.255
49843,Zambia,1950,2.33,1.004
49844,Zambia,1951,2.569,1.074
49845,Zambia,1952,2.89,1.171
49846,Zambia,1953,3.15,1.239
49847,Zambia,1954,3.464,1.321
49848,Zambia,1955,4.085,1.511
49849,Zambia,1956,4.453,1.598
49850,Zambia,1957,4.584,1.595
49851,Zambia,1958,4.095,1.382
49852,Zambia,1959,4.568,1.494
49853,Zambia,1960,4.355,1.381
49854,Zambia,1961,3.709,1.14
49855,Zambia,1962,3.583,1.067
49856,Zambia,1963,3.444,0.994
49857,Zambia,1964,3.275,0.916
49858,Zambia,1965,3.912,1.06
49859,Zambia,1966,3.498,0.918
49860,Zambia,1967,4.788,1.216
49861,Zambia,1968,4.568,1.123
49862,Zambia,1969,4.271,1.018
49863,Zambia,1970,3.766,0.871
49864,Zambia,1971,3.787,0.852
49865,Zambia,1972,4.061,0.889
49866,Zambia,1973,4.586,0.975
49867,Zambia,1974,4.197,0.867
49868,Zambia,1975,4.076,0.817
49869,Zambia,1976,4.019,0.781
49870,Zambia,1977,3.735,0.704
49871,Zambia,1978,3.471,0.635
49872,Zambia,1979,3.596,0.639
49873,Zambia,1980,3.523,0.607
49874,Zambia,1981,3.358,0.561
49875,Zambia,1982,3.511,0.568
49876,Zambia,1983,3.261,0.511
49877,Zambia,1984,2.804,0.426
49878,Zambia,1985,2.733,0.403
49879,Zambia,1986,2.866,0.41
49880,Zambia,1987,2.674,0.372
49881,Zambia,1988,3.109,0.421
49882,Zambia,1989,2.57,0.339
49883,Zambia,1990,2.407,0.309
49884,Zambia,1991,2.382,0.298
49885,Zambia,1992,2.425,0.297
49886,Zambia,1993,2.466,0.294
49887,Zambia,1994,2.393,0.279
49888,Zambia,1995,2.142,0.244
49889,Zambia,1996,1.838,0.204
49890,Zambia,1997,2.354,0.255
49891,Zambia,1998,2.278,0.24
49892,Zambia,1999,1.778,0.183
49893,Zambia,2000,1.784,0.178
49894,Zambia,2001,1.886,0.183
49895,Zambia,2002,1.961,0.184
49896,Zambia,2003,2.074,0.189
49897,Zambia,2004,2.104,0.186
49898,Zambia,2005,2.243,0.191
49899,Zambia,2006,2.231,0.184
49900,Zambia,2007,2.294,0.183
49901,Zambia,2008,2.553,0.196
49902,Zambia,2009,2.94,0.218
49903,Zambia,2010,3.12,0.223
49904,Zambia,2011,3.372,0.234
49905,Zambia,2012,4.166,0.279
49906,Zambia,2013,4.416,0.287
49907,Zambia,2014,4.877,0.307
49908,Zambia,2015,5.065,0.309
49909,Zambia,2016,5.864,0.347
49910,Zambia,2017,6.85,0.393
49911,Zambia,2018,7.419,0.413
49912,Zambia,2019,7.751,0.419
49913,Zambia,2020,8.144,0.427
49914,Zambia,2021,7.786,0.397
49915,Zambia,2022,7.522,0.373
49916,Zambia,2023,7.749,0.374
50070,Zimbabwe,1903,0.114,0.098
50071,Zimbabwe,1904,0.143,0.121
50072,Zimbabwe,1905,0.234,0.195
50073,Zimbabwe,1906,0.253,0.207
50074,Zimbabwe,1907,0.278,0.224
50075,Zimbabwe,1908,0.396,0.313
50076,Zimbabwe,1909,0.41,0.32
50077,Zimbabwe,1910,0.432,0.331
50078,Zimbabwe,1911,0.513,0.387
50079,Zimbabwe,1912,0.52,0.387
50080,Zimbabwe,1913,0.583,0.426
50081,Zimbabwe,1914,0.843,0.607
50082,Zimbabwe,1915,0.986,0.699
50083,Zimbabwe,1916,1.183,0.826
50084,Zimbabwe,1917,1.323,0.909
50085,Zimbabwe,1918,1.18,0.799
50086,Zimbabwe,1919,1.227,0.817
50087,Zimbabwe,1920,1.389,0.909
50088,Zimbabwe,1921,1.385,0.889
50089,Zimbabwe,1922,1.242,0.782
50090,Zimbabwe,1923,1.484,0.915
50091,Zimbabwe,1924,1.568,0.947
50092,Zimbabwe,1925,1.828,1.081
50093,Zimbabwe,1926,2.323,1.346
50094,Zimbabwe,1927,2.411,1.368
50095,Zimbabwe,1928,2.906,1.615
50096,Zimbabwe,1929,2.752,1.498
50097,Zimbabwe,1930,2.492,1.329
50098,Zimbabwe,1931,1.557,0.814
50099,Zimbabwe,1932,1.161,0.595
50100,Zimbabwe,1933,1.282,0.644
50101,Zimbabwe,1934,1.707,0.84
50102,Zimbabwe,1935,1.843,0.889
50103,Zimbabwe,1936,1.869,0.884
50104,Zimbabwe,1937,2.733,1.267
50105,Zimbabwe,1938,2.77,1.258
50106,Zimbabwe,1939,2.968,1.322
50107,Zimbabwe,1940,3.426,1.496
50108,Zimbabwe,1941,3.745,1.604
50109,Zimbabwe,1942,4.14,1.74
50110,Zimbabwe,1943,4.719,1.946
50111,Zimbabwe,1944,4.796,1.94
50112,Zimbabwe,1945,4.462,1.771
50113,Zimbabwe,1946,4.312,1.68
50114,Zimbabwe,1947,4.037,1.543
50115,Zimbabwe,1948,4.536,1.701
50116,Zimbabwe,1949,5.129,1.882
50117,Zimbabwe,1950,3.18,1.139
50118,Zimbabwe,1951,3.506,1.217
50119,Zimbabwe,1952,3.944,1.327
50120,Zimbabwe,1953,4.299,1.402
50121,Zimbabwe,1954,4.727,1.494
50122,Zimbabwe,1955,5.574,1.708
50123,Zimbabwe,1956,6.077,1.806
50124,Zimbabwe,1957,6.255,1.802
50125,Zimbabwe,1958,5.588,1.561
50126,Zimbabwe,1959,6.233,1.688
50127,Zimbabwe,1960,5.943,1.56
50128,Zimbabwe,1961,5.061,1.288
50129,Zimbabwe,1962,4.889,1.205
50130,Zimbabwe,1963,4.7,1.123
50131,Zimbabwe,1964,4.469,1.035
50132,Zimbabwe,1965,5.209,1.168
50133,Zimbabwe,1966,6.041,1.313
50134,Zimbabwe,1967,5.294,1.115
50135,Zimbabwe,1968,6.378,1.301
50136,Zimbabwe,1969,6.744,1.333
50137,Zimbabwe,1970,8.154,1.563
50138,Zimbabwe,1971,8.733,1.625
50139,Zimbabwe,1972,8.216,1.482
50140,Zimbabwe,1973,9.271,1.621
50141,Zimbabwe,1974,9.047,1.531
50142,Zimbabwe,1975,8.311,1.363
50143,Zimbabwe,1976,10.855,1.727
50144,Zimbabwe,1977,9.284,1.44
50145,Zimbabwe,1978,9.28,1.418
50146,Zimbabwe,1979,9.432,1.419
50147,Zimbabwe,1980,9.614,1.365
50148,Zimbabwe,1981,9.405,1.254
50149,Zimbabwe,1982,8.78,1.126
50150,Zimbabwe,1983,10.425,1.287
50151,Zimbabwe,1984,9.88,1.177
50152,Zimbabwe,1985,10.214,1.176
50153,Zimbabwe,1986,13.068,1.455
50154,Zimbabwe,1987,15.17,1.634
50155,Zimbabwe,1988,16.029,1.673
50156,Zimbabwe,1989,16.114,1.633
50157,Zimbabwe,1990,15.537,1.533
50158,Zimbabwe,1991,15.491,1.489
50159,Zimbabwe,1992,16.702,1.561
50160,Zimbabwe,1993,16.032,1.476
50161,Zimbabwe,1994,17.383,1.599
50162,Zimbabwe,1995,15.017,1.368
50163,Zimbabwe,1996,14.894,1.335
50164,Zimbabwe,1997,13.901,1.223
50165,Zimbabwe,1998,14.127,1.218
50166,Zimbabwe,1999,15.724,1.334
50167,Zimbabwe,2000,13.815,1.162
50168,Zimbabwe,2001,12.509,1.045
50169,Zimbabwe,2002,11.896,0.984
50170,Zimbabwe,2003,10.61,0.867
50171,Zimbabwe,2004,9.429,0.762
50172,Zimbabwe,2005,10.698,0.857
50173,Zimbabwe,2006,10.365,0.82
50174,Zimbabwe,2007,9.835,0.768
50175,Zimbabwe,2008,7.72,0.596
50176,Zimbabwe,2009,8.25,0.628
50177,Zimbabwe,2010,8.754,0.655
50178,Zimbabwe,2011,10.363,0.762
50179,Zimbabwe,2012,11.254,0.814
50180,Zimbabwe,2013,11.671,0.833
50181,Zimbabwe,2014,11.946,0.841
50182,Zimbabwe,2015,12.017,0.835
50183,Zimbabwe,2016,10.581,0.725
50184,Zimbabwe,2017,9.827,0.663
50185,Zimbabwe,2018,11.205,0.745
50186,Zimbabwe,2019,10.263,0.672
50187,Zimbabwe,2020,8.495,0.547
50188,Zimbabwe,2021,10.204,0.646
50189,Zimbabwe,2022,10.425,0.649
50190,Zimbabwe,2023,11.164,0.683
